star_id,ra,dec,dist,period,time,flux,flux_err
56,0.87125084,-13.04006914,124412.210938,0.3818916414289514,55446.08870498696,20.320591,0.175394
56,0.87125084,-13.04006914,124412.210938,0.3818916414289514,55446.25278597418,20.619035,0.201418
56,0.87125084,-13.04006914,124412.210938,0.3818916414289514,55446.33437512303,20.488384,0.214448
56,0.87125084,-13.04006914,124412.210938,0.3818916414289514,55455.05873303441,20.648932,0.199467
56,0.87125084,-13.04006914,124412.210938,0.3818916414289514,55455.15190674877,20.303421,0.116623
56,0.87125084,-13.04006914,124412.210938,0.3818916414289514,55455.25672283955,20.187451,0.217633
56,0.87125084,-13.04006914,124412.210938,0.3818916414289514,55473.034979914315,20.649672,0.205798
56,0.87125084,-13.04006914,124412.210938,0.3818916414289514,55473.040118342265,20.629421,0.208371
56,0.87125084,-13.04006914,124412.210938,0.3818916414289514,55473.118236334994,20.032873,0.182735
56,0.87125084,-13.04006914,124412.210938,0.3818916414289514,55473.123340043705,20.132695,0.108341
56,0.87125084,-13.04006914,124412.210938,0.3818916414289514,55473.201411749236,20.252399,0.270993
56,0.87125084,-13.04006914,124412.210938,0.3818916414289514,55473.20655017765,20.21951,0.188858
56,0.87125084,-13.04006914,124412.210938,0.3818916414289514,55476.0771410563,20.62668,0.255363
56,0.87125084,-13.04006914,124412.210938,0.3818916414289514,55824.13662285032,20.086932,0.16871
56,0.87125084,-13.04006914,124412.210938,0.3818916414289514,55824.21198588703,20.457258,0.126606
56,0.87125084,-13.04006914,124412.210938,0.3818916414289514,55826.11500738608,20.337658,0.134
56,0.87125084,-13.04006914,124412.210938,0.3818916414289514,55826.16326661268,20.653347,0.159838
56,0.87125084,-13.04006914,124412.210938,0.3818916414289514,55828.23828698369,20.270576,0.115271
56,0.87125084,-13.04006914,124412.210938,0.3818916414289514,55828.29133746214,20.24068,0.14469
56,0.87125084,-13.04006914,124412.210938,0.3818916414289514,55830.02178601967,20.65388,0.199864
56,0.87125084,-13.04006914,124412.210938,0.3818916414289514,56097.369650634006,20.647569,0.178537
56,0.87125084,-13.04006914,124412.210938,0.3818916414289514,56109.38524960866,20.175569,0.255694
56,0.87125084,-13.04006914,124412.210938,0.3818916414289514,56136.33690184262,20.639984,0.194328
56,0.87125084,-13.04006914,124412.210938,0.3818916414289514,56138.38589454489,20.213465,0.125634
56,0.87125084,-13.04006914,124412.210938,0.3818916414289514,56166.37970719626,20.434206,0.180967
56,0.87125084,-13.04006914,124412.210938,0.3818916414289514,56166.40961171454,20.188888,0.163769
56,0.87125084,-13.04006914,124412.210938,0.3818916414289514,56183.22507485002,20.655065,0.172625
56,0.87125084,-13.04006914,124412.210938,0.3818916414289514,56183.308538832236,20.587732,0.177551
56,0.87125084,-13.04006914,124412.210938,0.3818916414289514,56185.21888296446,20.568784,0.186428
56,0.87125084,-13.04006914,124412.210938,0.3818916414289514,56185.30219652783,20.446547,0.185441
56,0.87125084,-13.04006914,124412.210938,0.3818916414289514,56195.27279354958,20.110206,0.184454
56,0.87125084,-13.04006914,124412.210938,0.3818916414289514,56233.04088818887,20.625184,0.157874
56,0.87125084,-13.04006914,124412.210938,0.3818916414289514,56235.0416906029,20.141614,0.155767
56,0.87125084,-13.04006914,124412.210938,0.3818916414289514,56235.12528558727,20.604028,0.200258
56,0.87125084,-13.04006914,124412.210938,0.3818916414289514,56237.15560634993,20.470858,0.167703
56,0.87125084,-13.04006914,124412.210938,0.3818916414289514,56239.150240441784,20.197599,0.142937
56,0.87125084,-13.04006914,124412.210938,0.3818916414289514,56488.42281501787,20.657406,0.181495
56,0.87125084,-13.04006914,124412.210938,0.3818916414289514,56490.35945333587,20.718354,0.158856
56,0.87125084,-13.04006914,124412.210938,0.3818916414289514,56490.40478636045,20.549169,0.140244
56,0.87125084,-13.04006914,124412.210938,0.3818916414289514,56491.41116256779,20.603421,0.148069
56,0.87125084,-13.04006914,124412.210938,0.3818916414289514,56491.42951796064,20.429687,0.164004
56,0.87125084,-13.04006914,124412.210938,0.3818916414289514,56492.42650673585,20.250176,0.176265
56,0.87125084,-13.04006914,124412.210938,0.3818916414289514,56492.443392285146,20.032784,0.202804
56,0.87125084,-13.04006914,124412.210938,0.3818916414289514,56511.42635611165,20.797524,0.190377
56,0.87125084,-13.04006914,124412.210938,0.3818916414289514,56515.365212154575,20.210651,0.168808
56,0.87125084,-13.04006914,124412.210938,0.3818916414289514,56515.40155160474,20.343184,0.18542
56,0.87125084,-13.04006914,124412.210938,0.3818916414289514,56519.37128284341,20.703761,0.161803
56,0.87125084,-13.04006914,124412.210938,0.3818916414289514,56519.40264577186,20.889006,0.194328
56,0.87125084,-13.04006914,124412.210938,0.3818916414289514,56521.40335610369,20.274147,0.175024
56,0.87125084,-13.04006914,124412.210938,0.3818916414289514,56541.2458491344,20.399391,0.132969
56,0.87125084,-13.04006914,124412.210938,0.3818916414289514,56545.23111449601,20.409258,0.15965
56,0.87125084,-13.04006914,124412.210938,0.3818916414289514,56545.315133959986,20.925154,0.212131
56,0.87125084,-13.04006914,124412.210938,0.3818916414289514,56559.26683775289,20.033273,0.163769
56,0.87125084,-13.04006914,124412.210938,0.3818916414289514,56563.17725517694,20.383258,0.13244
56,0.87125084,-13.04006914,124412.210938,0.3818916414289514,56563.26578857191,20.684547,0.196304
56,0.87125084,-13.04006914,124412.210938,0.3818916414289514,56565.17733565997,20.580428,0.143186
56,0.87125084,-13.04006914,124412.210938,0.3818916414289514,56565.2605918725,20.692887,0.166719
56,0.87125084,-13.04006914,124412.210938,0.3818916414289514,56569.16281838063,20.339125,0.134501
56,0.87125084,-13.04006914,124412.210938,0.3818916414289514,56569.246665050276,20.213762,0.185241
56,0.87125084,-13.04006914,124412.210938,0.3818916414289514,56573.07127112197,20.266369,0.128458
56,0.87125084,-13.04006914,124412.210938,0.3818916414289514,56573.15605547605,20.739791,0.157874
56,0.87125084,-13.04006914,124412.210938,0.3818916414289514,56575.0658345446,20.447465,0.136339
56,0.87125084,-13.04006914,124412.210938,0.3818916414289514,56575.14971634606,20.713258,0.197103
56,0.87125084,-13.04006914,124412.210938,0.3818916414289514,56577.144619148225,20.480813,0.181495
56,0.87125084,-13.04006914,124412.210938,0.3818916414289514,56595.08754941262,20.396754,0.183703
56,0.87125084,-13.04006914,124412.210938,0.3818916414289514,56595.17051882995,20.130962,0.164752
56,0.87125084,-13.04006914,124412.210938,0.3818916414289514,56599.0681477841,20.239199,0.140175
56,0.87125084,-13.04006914,124412.210938,0.3818916414289514,56601.07198470086,20.552176,0.145327
56,0.87125084,-13.04006914,124412.210938,0.3818916414289514,56601.15563764796,20.751524,0.17164
56,0.87125084,-13.04006914,124412.210938,0.3818916414289514,56603.06787644047,20.739509,0.167703
56,0.87125084,-13.04006914,124412.210938,0.3818916414289514,56603.1512402948,20.234591,0.110163
56,0.87125084,-13.04006914,124412.210938,0.3818916414289514,56605.062963906676,20.188132,0.226077
56,0.87125084,-13.04006914,124412.210938,0.3818916414289514,56605.14635115489,20.224014,0.152883
56,0.87125084,-13.04006914,124412.210938,0.3818916414289514,56863.41045377543,20.372502,0.143628
56,0.87125084,-13.04006914,124412.210938,0.3818916414289514,56863.43834539037,20.730724,0.221044
56,0.87125084,-13.04006914,124412.210938,0.3818916414289514,56871.390218452085,20.280488,0.118318
56,0.87125084,-13.04006914,124412.210938,0.3818916414289514,56871.41564472066,20.487406,0.147089
56,0.87125084,-13.04006914,124412.210938,0.3818916414289514,56873.38413579995,20.445747,0.177551
56,0.87125084,-13.04006914,124412.210938,0.3818916414289514,56877.37565015862,20.618369,0.19334
56,0.87125084,-13.04006914,124412.210938,0.3818916414289514,56877.40782339405,20.124917,0.132072
56,0.87125084,-13.04006914,124412.210938,0.3818916414289514,56887.347274204716,20.39105,0.261362
56,0.87125084,-13.04006914,124412.210938,0.3818916414289514,56887.390372106805,20.331776,0.180508
56,0.87125084,-13.04006914,124412.210938,0.3818916414289514,56889.33989126608,20.274488,0.125711
56,0.87125084,-13.04006914,124412.210938,0.3818916414289514,56889.386194834486,20.555924,0.157874
56,0.87125084,-13.04006914,124412.210938,0.3818916414289514,56904.332243910525,20.493495,0.145332
56,0.87125084,-13.04006914,124412.210938,0.3818916414289514,56915.29782650154,20.42031,0.19334
56,0.87125084,-13.04006914,124412.210938,0.3818916414289514,56915.30368240643,20.24588,0.151008
56,0.87125084,-13.04006914,124412.210938,0.3818916414289514,56919.20598494122,20.451658,0.14974
56,0.87125084,-13.04006914,124412.210938,0.3818916414289514,56919.29017811874,20.582798,0.180508
56,0.87125084,-13.04006914,124412.210938,0.3818916414289514,56921.20339495083,20.468591,0.149048
56,0.87125084,-13.04006914,124412.210938,0.3818916414289514,56925.189447350334,20.514991,0.125634
56,0.87125084,-13.04006914,124412.210938,0.3818916414289514,56925.1918082363,20.240428,0.163361
56,0.87125084,-13.04006914,124412.210938,0.3818916414289514,56925.274589715526,20.316902,0.132368
56,0.87125084,-13.04006914,124412.210938,0.3818916414289514,56927.185763083864,20.220014,0.147747
56,0.87125084,-13.04006914,124412.210938,0.3818916414289514,56929.18047235068,20.729984,0.156893
56,0.87125084,-13.04006914,124412.210938,0.3818916414289514,56943.095545552205,20.165214,0.129535
56,0.87125084,-13.04006914,124412.210938,0.3818916414289514,56943.17840913264,20.32108,0.134389
56,0.87125084,-13.04006914,124412.210938,0.3818916414289514,56951.09983011708,20.224621,0.143009
56,0.87125084,-13.04006914,124412.210938,0.3818916414289514,56951.18291430222,20.24671,0.153517
56,0.87125084,-13.04006914,124412.210938,0.3818916414289514,56953.11324957898,20.146014,0.101836
56,0.87125084,-13.04006914,124412.210938,0.3818916414289514,56953.19647284178,20.431776,0.142198
56,0.87125084,-13.04006914,124412.210938,0.3818916414289514,56955.10132846469,20.388976,0.10824
56,0.87125084,-13.04006914,124412.210938,0.3818916414289514,56955.18414686667,20.599613,0.160821
56,0.87125084,-13.04006914,124412.210938,0.3818916414289514,56959.179265596904,20.347525,0.163769
56,0.87125084,-13.04006914,124412.210938,0.3818916414289514,56961.174338756595,20.420532,0.186428
56,0.87125084,-13.04006914,124412.210938,0.3818916414289514,57274.321729335,20.208058,0.162786
56,0.87125084,-13.04006914,124412.210938,0.3818916414289514,57278.22386633046,20.482991,0.137315
56,0.87125084,-13.04006914,124412.210938,0.3818916414289514,57278.226215635426,20.563198,0.199269
56,0.87125084,-13.04006914,124412.210938,0.3818916414289514,57282.33428333234,19.954266,0.19467
56,0.87125084,-13.04006914,124412.210938,0.3818916414289514,57282.336621065624,20.205806,0.174595
59,0.92948174,-12.24664856,123928.992188,0.318749295455954,55455.05876922095,20.271598,0.118556
59,0.92948174,-12.24664856,123928.992188,0.318749295455954,55455.15194290457,20.45025,0.125273
59,0.92948174,-12.24664856,123928.992188,0.318749295455954,55455.25675896136,20.639117,0.137539
59,0.92948174,-12.24664856,123928.992188,0.318749295455954,55473.03500847705,20.478849,0.182026
59,0.92948174,-12.24664856,123928.992188,0.318749295455954,55473.0401469022,20.641417,0.132009
59,0.92948174,-12.24664856,123928.992188,0.318749295455954,55473.118264854886,20.741395,0.099975
59,0.92948174,-12.24664856,123928.992188,0.318749295455954,55473.1233685608,20.735906,0.121346
59,0.92948174,-12.24664856,123928.992188,0.318749295455954,55473.20144022629,20.167091,0.106206
59,0.92948174,-12.24664856,123928.992188,0.318749295455954,55473.206578652374,20.073786,0.12139
59,0.92948174,-12.24664856,123928.992188,0.318749295455954,55476.077168019954,20.17533,0.097393
59,0.92948174,-12.24664856,123928.992188,0.318749295455954,55476.16045931447,20.444084,0.14306
59,0.92948174,-12.24664856,123928.992188,0.318749295455954,56183.22277404368,20.579561,0.188403
59,0.92948174,-12.24664856,123928.992188,0.318749295455954,56183.30623800121,20.703639,0.195317
59,0.92948174,-12.24664856,123928.992188,0.318749295455954,56185.21656996012,20.454497,0.163771
59,0.92948174,-12.24664856,123928.992188,0.318749295455954,56185.29986035079,20.186039,0.143176
59,0.92948174,-12.24664856,123928.992188,0.318749295455954,56189.20463883877,20.373806,0.180509
59,0.92948174,-12.24664856,123928.992188,0.318749295455954,56189.20697657345,20.292353,0.173609
59,0.92948174,-12.24664856,123928.992188,0.318749295455954,56195.187197616324,20.325213,0.18939
59,0.92948174,-12.24664856,123928.992188,0.318749295455954,56195.27048829151,20.624782,0.218072
59,0.92948174,-12.24664856,123928.992188,0.318749295455954,56221.19652846176,20.502807,0.188403
59,0.92948174,-12.24664856,123928.992188,0.318749295455954,56235.03815809544,20.174089,0.131338
59,0.92948174,-12.24664856,123928.992188,0.318749295455954,56237.06872021733,20.43988,0.15984
59,0.92948174,-12.24664856,123928.992188,0.318749295455954,56237.15326441266,20.619025,0.198283
59,0.92948174,-12.24664856,123928.992188,0.318749295455954,56239.06368827354,20.533001,0.155912
59,0.92948174,-12.24664856,123928.992188,0.318749295455954,56239.14788551349,20.493918,0.155912
59,0.92948174,-12.24664856,123928.992188,0.318749295455954,56243.05361916311,20.269383,0.138293
59,0.92948174,-12.24664856,123928.992188,0.318749295455954,56488.42284790147,20.025433,0.176137
59,0.92948174,-12.24664856,123928.992188,0.318749295455954,56490.35948701529,20.090153,0.11498
59,0.92948174,-12.24664856,123928.992188,0.318749295455954,56490.40482005803,20.175711,0.121752
59,0.92948174,-12.24664856,123928.992188,0.318749295455954,56491.411196663044,20.454059,0.162788
59,0.92948174,-12.24664856,123928.992188,0.318749295455954,56491.42955206288,20.765931,0.202235
59,0.92948174,-12.24664856,123928.992188,0.318749295455954,56492.426541221794,20.534609,0.185442
59,0.92948174,-12.24664856,123928.992188,0.318749295455954,56511.426395767834,20.344684,0.161805
59,0.92948174,-12.24664856,123928.992188,0.318749295455954,56511.433466941584,20.243041,0.170655
59,0.92948174,-12.24664856,123928.992188,0.318749295455954,56515.36525234161,20.465262,0.156894
59,0.92948174,-12.24664856,123928.992188,0.318749295455954,56519.37132337084,19.989624,0.106935
59,0.92948174,-12.24664856,123928.992188,0.318749295455954,56519.40268630115,20.35576,0.152518
59,0.92948174,-12.24664856,123928.992188,0.318749295455954,56541.245887937024,20.493396,0.173609
59,0.92948174,-12.24664856,123928.992188,0.318749295455954,56545.22881461261,20.105278,0.09867
59,0.92948174,-12.24664856,123928.992188,0.318749295455954,56545.231152343564,20.160897,0.119815
59,0.92948174,-12.24664856,123928.992188,0.318749295455954,56545.31283405423,20.518623,0.143176
59,0.92948174,-12.24664856,123928.992188,0.318749295455954,56545.31517178519,20.382765,0.193224
59,0.92948174,-12.24664856,123928.992188,0.318749295455954,56559.17871951219,20.215415,0.187416
59,0.92948174,-12.24664856,123928.992188,0.318749295455954,56559.26328315772,20.264515,0.182481
59,0.92948174,-12.24664856,123928.992188,0.318749295455954,56563.17728647869,20.742199,0.216092
59,0.92948174,-12.24664856,123928.992188,0.318749295455954,56563.263482089154,20.588747,0.188403
59,0.92948174,-12.24664856,123928.992188,0.318749295455954,56563.26581983315,20.532563,0.218072
59,0.92948174,-12.24664856,123928.992188,0.318749295455954,56565.175016704015,20.459477,0.154931
59,0.92948174,-12.24664856,123928.992188,0.318749295455954,56565.17736602295,20.371492,0.162788
59,0.92948174,-12.24664856,123928.992188,0.318749295455954,56565.260622195434,20.027522,0.156879
59,0.92948174,-12.24664856,123928.992188,0.318749295455954,56565.26295994129,20.134131,0.104402
59,0.92948174,-12.24664856,123928.992188,0.318749295455954,56569.15932855895,20.349524,0.142746
59,0.92948174,-12.24664856,123928.992188,0.318749295455954,56569.162846760824,20.158738,0.118847
59,0.92948174,-12.24664856,123928.992188,0.318749295455954,56569.243163612206,20.346942,0.124662
59,0.92948174,-12.24664856,123928.992188,0.318749295455954,56569.24669338716,20.632612,0.208171
59,0.92948174,-12.24664856,123928.992188,0.318749295455954,56571.07391466247,20.318356,0.142198
59,0.92948174,-12.24664856,123928.992188,0.318749295455954,56571.171915253624,20.706658,0.187416
59,0.92948174,-12.24664856,123928.992188,0.318749295455954,56573.07129742205,20.624655,0.197294
59,0.92948174,-12.24664856,123928.992188,0.318749295455954,56573.15250565065,20.411139,0.132442
59,0.92948174,-12.24664856,123928.992188,0.318749295455954,56573.15608172957,20.512458,0.167705
59,0.92948174,-12.24664856,123928.992188,0.318749295455954,56575.06231836928,20.635575,0.162788
59,0.92948174,-12.24664856,123928.992188,0.318749295455954,56575.06585973455,20.302173,0.139637
59,0.92948174,-12.24664856,123928.992188,0.318749295455954,56575.14620012278,20.2063,0.104828
59,0.92948174,-12.24664856,123928.992188,0.318749295455954,56575.14974148851,20.24733,0.130494
59,0.92948174,-12.24664856,123928.992188,0.318749295455954,56577.05767121911,20.280064,0.17558
59,0.92948174,-12.24664856,123928.992188,0.318749295455954,56577.0612473106,20.243492,0.210151
59,0.92948174,-12.24664856,123928.992188,0.318749295455954,56577.14110177616,20.568824,0.216092
59,0.92948174,-12.24664856,123928.992188,0.318749295455954,56577.14464314794,20.342794,0.201246
59,0.92948174,-12.24664856,123928.992188,0.318749295455954,56595.16819352424,20.343668,0.177551
59,0.92948174,-12.24664856,123928.992188,0.318749295455954,56599.065819775686,20.221538,0.147263
59,0.92948174,-12.24664856,123928.992188,0.318749295455954,56599.06815760583,20.266335,0.179986
59,0.92948174,-12.24664856,123928.992188,0.318749295455954,56601.069643711206,20.342977,0.112087
59,0.92948174,-12.24664856,123928.992188,0.318749295455954,56601.15330817364,20.55432,0.144683
59,0.92948174,-12.24664856,123928.992188,0.318749295455954,56603.065545612946,20.577784,0.167705
59,0.92948174,-12.24664856,123928.992188,0.318749295455954,56603.067883456126,20.701437,0.197294
59,0.92948174,-12.24664856,123928.992188,0.318749295455954,56603.14888626104,20.288557,0.126605
59,0.92948174,-12.24664856,123928.992188,0.318749295455954,56603.15124725131,20.036312,0.136151
59,0.92948174,-12.24664856,123928.992188,0.318749295455954,56605.060631658416,20.118936,0.125633
59,0.92948174,-12.24664856,123928.992188,0.318749295455954,56605.06296950858,20.39909,0.259899
59,0.92948174,-12.24664856,123928.992188,0.318749295455954,56605.143995700404,20.087345,0.151895
59,0.92948174,-12.24664856,123928.992188,0.318749295455954,56605.14635669766,20.279683,0.156894
59,0.92948174,-12.24664856,123928.992188,0.318749295455954,56863.410490254406,20.439089,0.178616
59,0.92948174,-12.24664856,123928.992188,0.318749295455954,56871.39025709033,20.68524,0.18939
59,0.92948174,-12.24664856,123928.992188,0.318749295455954,56877.37568991771,20.36534,0.180509
59,0.92948174,-12.24664856,123928.992188,0.318749295455954,56877.40786315827,20.068043,0.128549
59,0.92948174,-12.24664856,123928.992188,0.318749295455954,56885.384657650255,20.118287,0.20615
59,0.92948174,-12.24664856,123928.992188,0.318749295455954,56889.33993192995,20.141623,0.178569
59,0.92948174,-12.24664856,123928.992188,0.318749295455954,56889.38623549836,20.240501,0.160822
59,0.92948174,-12.24664856,123928.992188,0.318749295455954,56904.33228314808,20.661198,0.197294
59,0.92948174,-12.24664856,123928.992188,0.318749295455954,56904.37571635749,19.92125,0.178537
59,0.92948174,-12.24664856,123928.992188,0.318749295455954,56915.21791713871,20.480077,0.214111
59,0.92948174,-12.24664856,123928.992188,0.318749295455954,56915.30136953946,20.235817,0.209516
59,0.92948174,-12.24664856,123928.992188,0.318749295455954,56915.30371884396,20.304106,0.173609
59,0.92948174,-12.24664856,123928.992188,0.318749295455954,56919.20367073733,20.55851,0.161805
59,0.92948174,-12.24664856,123928.992188,0.318749295455954,56919.28786388505,20.698954,0.193341
59,0.92948174,-12.24664856,123928.992188,0.318749295455954,56921.2010799977,20.56445,0.172625
59,0.92948174,-12.24664856,123928.992188,0.318749295455954,56925.18948008586,20.185771,0.138754
59,0.92948174,-12.24664856,123928.992188,0.318749295455954,56925.191840971354,20.340127,0.144154
59,0.92948174,-12.24664856,123928.992188,0.318749295455954,56925.272273101844,20.76936,0.193341
59,0.92948174,-12.24664856,123928.992188,0.318749295455954,56927.266921538394,20.566242,0.185442
59,0.92948174,-12.24664856,123928.992188,0.318749295455954,56927.269282426685,20.330575,0.192353
59,0.92948174,-12.24664856,123928.992188,0.318749295455954,56929.178142411634,20.405044,0.142198
59,0.92948174,-12.24664856,123928.992188,0.318749295455954,56929.180503302254,20.423936,0.15984
59,0.92948174,-12.24664856,123928.992188,0.318749295455954,56931.17177682975,19.996227,0.153066
59,0.92948174,-12.24664856,123928.992188,0.318749295455954,56931.25510248402,20.217207,0.113945
59,0.92948174,-12.24664856,123928.992188,0.318749295455954,56943.09323137347,20.471668,0.14663
59,0.92948174,-12.24664856,123928.992188,0.318749295455954,56943.095569144,20.347308,0.129521
59,0.92948174,-12.24664856,123928.992188,0.318749295455954,56943.178432675544,20.518934,0.209921
59,0.92948174,-12.24664856,123928.992188,0.318749295455954,56947.09473768482,19.950315,0.134391
59,0.92948174,-12.24664856,123928.992188,0.318749295455954,56949.09658503812,20.394264,0.135122
59,0.92948174,-12.24664856,123928.992188,0.318749295455954,56949.098922822624,20.258533,0.167653
59,0.92948174,-12.24664856,123928.992188,0.318749295455954,56951.09751101071,20.48802,0.152969
59,0.92948174,-12.24664856,123928.992188,0.318749295455954,56951.09984880127,20.637593,0.191365
59,0.92948174,-12.24664856,123928.992188,0.318749295455954,56951.18057199614,20.739335,0.215101
59,0.92948174,-12.24664856,123928.992188,0.318749295455954,56953.11092917062,20.328332,0.117879
59,0.92948174,-12.24664856,123928.992188,0.318749295455954,56953.113266966306,20.257997,0.211776
59,0.92948174,-12.24664856,123928.992188,0.318749295455954,56953.19414080633,20.23291,0.143359
59,0.92948174,-12.24664856,123928.992188,0.318749295455954,56953.19649017509,20.28503,0.194167
59,0.92948174,-12.24664856,123928.992188,0.318749295455954,56955.09899517661,20.262328,0.165462
59,0.92948174,-12.24664856,123928.992188,0.318749295455954,56955.10134455096,20.239641,0.207484
59,0.92948174,-12.24664856,123928.992188,0.318749295455954,56955.181825097185,20.420254,0.133416
59,0.92948174,-12.24664856,123928.992188,0.318749295455954,56955.184162898455,20.331619,0.238704
59,0.92948174,-12.24664856,123928.992188,0.318749295455954,56959.09335853066,20.564704,0.181495
59,0.92948174,-12.24664856,123928.992188,0.318749295455954,56959.17691799579,20.02501,0.129521
59,0.92948174,-12.24664856,123928.992188,0.318749295455954,56959.17927895533,20.230992,0.220054
59,0.92948174,-12.24664856,123928.992188,0.318749295455954,56961.17200136231,20.098237,0.181099
59,0.92948174,-12.24664856,123928.992188,0.318749295455954,56961.17435075482,20.325354,0.202113
59,0.92948174,-12.24664856,123928.992188,0.318749295455954,57274.23493588623,20.081729,0.17164
59,0.92948174,-12.24664856,123928.992188,0.318749295455954,57278.27856242051,20.119232,0.155912
59,0.92948174,-12.24664856,123928.992188,0.318749295455954,57278.30976303294,20.203845,0.163771
205,3.754105107241,6.79813895459695,120401.460938,0.3627599770279934,55428.30993391434,20.357365,0.210083
205,3.754105107241,6.79813895459695,120401.460938,0.3627599770279934,55429.224368414376,20.163038,0.184554
205,3.754105107241,6.79813895459695,120401.460938,0.3627599770279934,55429.30660660798,20.111685,0.166031
205,3.754105107241,6.79813895459695,120401.460938,0.3627599770279934,55429.30778706074,20.260682,0.18327
205,3.754105107241,6.79813895459695,120401.460938,0.3627599770279934,55454.27305299416,20.119766,0.115656
205,3.754105107241,6.79813895459695,120401.460938,0.3627599770279934,55454.316706012934,20.085123,0.142103
205,3.754105107241,6.79813895459695,120401.460938,0.3627599770279934,55456.17492173659,20.485347,0.176173
205,3.754105107241,6.79813895459695,120401.460938,0.3627599770279934,55468.13876471389,20.423334,0.156993
205,3.754105107241,6.79813895459695,120401.460938,0.3627599770279934,55470.06747358199,20.624672,0.177846
205,3.754105107241,6.79813895459695,120401.460938,0.3627599770279934,55471.04689066112,20.442354,0.22263
205,3.754105107241,6.79813895459695,120401.460938,0.3627599770279934,55472.043875824194,20.166283,0.186131
205,3.754105107241,6.79813895459695,120401.460938,0.3627599770279934,55495.04075390799,20.214085,0.304568
205,3.754105107241,6.79813895459695,120401.460938,0.3627599770279934,55825.23590341257,20.568754,0.159054
205,3.754105107241,6.79813895459695,120401.460938,0.3627599770279934,55825.278190811165,20.39359,0.166326
205,3.754105107241,6.79813895459695,120401.460938,0.3627599770279934,56233.01273642201,20.380044,0.168686
205,3.754105107241,6.79813895459695,120401.460938,0.3627599770279934,56235.09714747826,20.39839,0.186427
205,3.754105107241,6.79813895459695,120401.460938,0.3627599770279934,56544.358876088634,20.424592,0.18051
205,3.754105107241,6.79813895459695,120401.460938,0.3627599770279934,56564.061828274745,20.339172,0.109199
205,3.754105107241,6.79813895459695,120401.460938,0.3627599770279934,56564.15412232559,20.461077,0.098671
205,3.754105107241,6.79813895459695,120401.460938,0.3627599770279934,56577.02426574845,20.035604,0.135365
205,3.754105107241,6.79813895459695,120401.460938,0.3627599770279934,56577.026823380496,20.21146,0.119815
205,3.754105107241,6.79813895459695,120401.460938,0.3627599770279934,56577.11297276337,20.425698,0.14709
205,3.754105107241,6.79813895459695,120401.460938,0.3627599770279934,56577.11554196803,20.393446,0.119815
205,3.754105107241,6.79813895459695,120401.460938,0.3627599770279934,56577.19570811698,20.510659,0.143176
205,3.754105107241,6.79813895459695,120401.460938,0.3627599770279934,56577.19826574903,20.429985,0.109199
205,3.754105107241,6.79813895459695,120401.460938,0.3627599770279934,56590.16117744893,20.388197,0.184453
205,3.754105107241,6.79813895459695,120401.460938,0.3627599770279934,56594.06645577913,20.219748,0.119815
205,3.754105107241,6.79813895459695,120401.460938,0.3627599770279934,56600.04790990893,20.402669,0.128549
205,3.754105107241,6.79813895459695,120401.460938,0.3627599770279934,56600.13143410953,20.424691,0.158856
205,3.754105107241,6.79813895459695,120401.460938,0.3627599770279934,57270.21292188531,20.208907,0.174595
205,3.754105107241,6.79813895459695,120401.460938,0.3627599770279934,57332.12571747275,20.552376,0.161802
205,3.754105107241,6.79813895459695,120401.460938,0.3627599770279934,57334.03823903855,20.300727,0.133415
373,7.75289321883332,1.90689182574961,140725.984375,0.5578348869221865,55426.40271908743,20.574791,0.19589
373,7.75289321883332,1.90689182574961,140725.984375,0.5578348869221865,55426.40388797177,20.508675,0.170313
373,7.75289321883332,1.90689182574961,140725.984375,0.5578348869221865,55426.417278061155,20.732408,0.191662
373,7.75289321883332,1.90689182574961,140725.984375,0.5578348869221865,55427.38828472886,20.63038,0.167127
373,7.75289321883332,1.90689182574961,140725.984375,0.5578348869221865,55427.38945361134,20.532402,0.132733
373,7.75289321883332,1.90689182574961,140725.984375,0.5578348869221865,55427.411315196194,19.927527,0.189231
373,7.75289321883332,1.90689182574961,140725.984375,0.5578348869221865,55427.417194331065,20.21135,0.153981
373,7.75289321883332,1.90689182574961,140725.984375,0.5578348869221865,55429.417255375534,20.90571,0.288388
373,7.75289321883332,1.90689182574961,140725.984375,0.5578348869221865,55444.31956233224,20.69081,0.192081
373,7.75289321883332,1.90689182574961,140725.984375,0.5578348869221865,55444.32073120074,20.686949,0.175975
373,7.75289321883332,1.90689182574961,140725.984375,0.5578348869221865,55444.36102821445,20.593641,0.174005
373,7.75289321883332,1.90689182574961,140725.984375,0.5578348869221865,55445.305589068215,20.300779,0.178086
373,7.75289321883332,1.90689182574961,140725.984375,0.5578348869221865,55445.30678108148,20.321644,0.238279
373,7.75289321883332,1.90689182574961,140725.984375,0.5578348869221865,55445.35488981381,20.651886,0.232823
373,7.75289321883332,1.90689182574961,140725.984375,0.5578348869221865,55445.356081827544,20.382148,0.212115
373,7.75289321883332,1.90689182574961,140725.984375,0.5578348869221865,55446.39784335857,20.056859,0.141514
373,7.75289321883332,1.90689182574961,140725.984375,0.5578348869221865,55446.399012225214,20.327934,0.164549
373,7.75289321883332,1.90689182574961,140725.984375,0.5578348869221865,55448.312550700735,20.875242,0.194907
373,7.75289321883332,1.90689182574961,140725.984375,0.5578348869221865,55448.35559042869,20.790728,0.18554
373,7.75289321883332,1.90689182574961,140725.984375,0.5578348869221865,55449.302556849085,20.579536,0.212093
373,7.75289321883332,1.90689182574961,140725.984375,0.5578348869221865,55455.283034891356,20.270517,0.119814
373,7.75289321883332,1.90689182574961,140725.984375,0.5578348869221865,55455.33517084271,20.179337,0.179881
373,7.75289321883332,1.90689182574961,140725.984375,0.5578348869221865,55467.06226150552,20.310873,0.309232
373,7.75289321883332,1.90689182574961,140725.984375,0.5578348869221865,55468.141273459885,19.814879,0.141812
373,7.75289321883332,1.90689182574961,140725.984375,0.5578348869221865,55470.24674561294,20.778638,0.187415
373,7.75289321883332,1.90689182574961,140725.984375,0.5578348869221865,55471.04937395966,20.591551,0.185933
373,7.75289321883332,1.90689182574961,140725.984375,0.5578348869221865,55471.24784958316,20.652846,0.165049
373,7.75289321883332,1.90689182574961,140725.984375,0.5578348869221865,55472.05488748569,20.0272,0.120106
373,7.75289321883332,1.90689182574961,140725.984375,0.5578348869221865,55472.259716716595,20.533588,0.152774
373,7.75289321883332,1.90689182574961,140725.984375,0.5578348869221865,55486.052484058775,20.52389,0.173708
373,7.75289321883332,1.90689182574961,140725.984375,0.5578348869221865,55495.057426648214,20.680773,0.196896
373,7.75289321883332,1.90689182574961,140725.984375,0.5578348869221865,56186.36756009795,20.787922,0.207183
373,7.75289321883332,1.90689182574961,140725.984375,0.5578348869221865,56190.09124634182,20.529521,0.141223
373,7.75289321883332,1.90689182574961,140725.984375,0.5578348869221865,56190.17729087733,20.959323,0.167705
373,7.75289321883332,1.90689182574961,140725.984375,0.5578348869221865,56191.07024451345,20.302229,0.138291
373,7.75289321883332,1.90689182574961,140725.984375,0.5578348869221865,56191.18419131776,20.495681,0.156418
373,7.75289321883332,1.90689182574961,140725.984375,0.5578348869221865,56191.30958372308,20.62443,0.185933
373,7.75289321883332,1.90689182574961,140725.984375,0.5578348869221865,56237.14620196773,20.774457,0.206192
373,7.75289321883332,1.90689182574961,140725.984375,0.5578348869221865,56239.059589004144,20.369117,0.19927
373,7.75289321883332,1.90689182574961,140725.984375,0.5578348869221865,56239.14193298947,20.492461,0.284678
373,7.75289321883332,1.90689182574961,140725.984375,0.5578348869221865,56561.11697147228,20.462237,0.168687
373,7.75289321883332,1.90689182574961,140725.984375,0.5578348869221865,56563.168963866774,20.097648,0.15085
373,7.75289321883332,1.90689182574961,140725.984375,0.5578348869221865,56563.17015587678,20.127909,0.160429
373,7.75289321883332,1.90689182574961,140725.984375,0.5578348869221865,56563.25231197104,20.668005,0.178538
373,7.75289321883332,1.90689182574961,140725.984375,0.5578348869221865,56563.25349240797,20.499805,0.16046
373,7.75289321883332,1.90689182574961,140725.984375,0.5578348869221865,56565.053045735694,20.796659,0.187415
373,7.75289321883332,1.90689182574961,140725.984375,0.5578348869221865,56565.05561492313,20.682637,0.17463
373,7.75289321883332,1.90689182574961,140725.984375,0.5578348869221865,56565.13787521189,20.989603,0.149047
373,7.75289321883332,1.90689182574961,140725.984375,0.5578348869221865,56565.1404559724,20.959003,0.221472
373,7.75289321883332,1.90689182574961,140725.984375,0.5578348869221865,56565.226095555816,20.822138,0.112544
373,7.75289321883332,1.90689182574961,140725.984375,0.5578348869221865,56565.22865317017,20.712597,0.147451
373,7.75289321883332,1.90689182574961,140725.984375,0.5578348869221865,56567.24931978388,20.500088,0.157632
373,7.75289321883332,1.90689182574961,140725.984375,0.5578348869221865,56567.25048864866,20.714348,0.172625
373,7.75289321883332,1.90689182574961,140725.984375,0.5578348869221865,56569.08956580376,20.81325,0.186287
373,7.75289321883332,1.90689182574961,140725.984375,0.5578348869221865,56569.17265945859,20.842212,0.16466
373,7.75289321883332,1.90689182574961,140725.984375,0.5578348869221865,56571.070227703545,20.391244,0.185431
373,7.75289321883332,1.90689182574961,140725.984375,0.5578348869221865,56571.1539579425,20.76218,0.196303
373,7.75289321883332,1.90689182574961,140725.984375,0.5578348869221865,56571.15512680961,20.525001,0.14226
373,7.75289321883332,1.90689182574961,140725.984375,0.5578348869221865,56573.14883333631,20.734272,0.192794
373,7.75289321883332,1.90689182574961,140725.984375,0.5578348869221865,56575.05745749967,20.62765,0.181494
373,7.75289321883332,1.90689182574961,140725.984375,0.5578348869221865,56575.05862636957,20.805491,0.187954
373,7.75289321883332,1.90689182574961,140725.984375,0.5578348869221865,56575.142472512554,20.804757,0.172625
373,7.75289321883332,1.90689182574961,140725.984375,0.5578348869221865,56577.13617186202,20.351868,0.161805
373,7.75289321883332,1.90689182574961,140725.984375,0.5578348869221865,56577.137340733316,20.240745,0.149047
373,7.75289321883332,1.90689182574961,140725.984375,0.5578348869221865,56600.0672485237,20.327406,0.128406
373,7.75289321883332,1.90689182574961,140725.984375,0.5578348869221865,56600.068428993225,20.428266,0.153119
373,7.75289321883332,1.90689182574961,140725.984375,0.5578348869221865,56600.15076096542,20.605316,0.155176
373,7.75289321883332,1.90689182574961,140725.984375,0.5578348869221865,56600.1519298614,20.761596,0.227717
373,7.75289321883332,1.90689182574961,140725.984375,0.5578348869221865,56602.06330934912,20.868274,0.19828
373,7.75289321883332,1.90689182574961,140725.984375,0.5578348869221865,56602.06447824789,20.603584,0.215165
373,7.75289321883332,1.90689182574961,140725.984375,0.5578348869221865,56604.05798641872,20.650944,0.184397
373,7.75289321883332,1.90689182574961,140725.984375,0.5578348869221865,56604.059155321214,20.597916,0.142199
373,7.75289321883332,1.90689182574961,140725.984375,0.5578348869221865,56835.44127734844,19.95858,0.134389
373,7.75289321883332,1.90689182574961,140725.984375,0.5578348869221865,56845.36425801506,20.990206,0.187415
373,7.75289321883332,1.90689182574961,140725.984375,0.5578348869221865,56845.41489341995,20.276807,0.10632
373,7.75289321883332,1.90689182574961,140725.984375,0.5578348869221865,56847.429426701274,20.736626,0.226659
373,7.75289321883332,1.90689182574961,140725.984375,0.5578348869221865,56915.21313343244,20.320571,0.174595
373,7.75289321883332,1.90689182574961,140725.984375,0.5578348869221865,56919.19893487962,20.609195,0.145847
373,7.75289321883332,1.90689182574961,140725.984375,0.5578348869221865,56921.19637162797,20.919589,0.196226
373,7.75289321883332,1.90689182574961,140725.984375,0.5578348869221865,56925.1847297661,20.251046,0.152549
373,7.75289321883332,1.90689182574961,140725.984375,0.5578348869221865,56925.26751075778,20.252816,0.218131
373,7.75289321883332,1.90689182574961,140725.984375,0.5578348869221865,56929.17337913485,20.525529,0.144154
591,13.06916373,-31.17999115,132027.6875,0.6890466088477385,56185.32287511835,20.173664,0.111255
591,13.06916373,-31.17999115,132027.6875,0.6890466088477385,56185.36547569558,20.172289,0.169042
591,13.06916373,-31.17999115,132027.6875,0.6890466088477385,56211.18275326071,20.824444,0.242941
591,13.06916373,-31.17999115,132027.6875,0.6890466088477385,56211.26746931858,20.835517,0.033541
591,13.06916373,-31.17999115,132027.6875,0.6890466088477385,56246.0789122642,20.521963,0.151619
591,13.06916373,-31.17999115,132027.6875,0.6890466088477385,56250.151603832375,20.475994,0.215367
591,13.06916373,-31.17999115,132027.6875,0.6890466088477385,56508.299592147116,20.484348,0.270514
591,13.06916373,-31.17999115,132027.6875,0.6890466088477385,56510.38138523372,20.175552,0.10782
591,13.06916373,-31.17999115,132027.6875,0.6890466088477385,56510.417713779025,20.211552,0.179161
591,13.06916373,-31.17999115,132027.6875,0.6890466088477385,56514.362114483956,20.739711,0.115814
591,13.06916373,-31.17999115,132027.6875,0.6890466088477385,56514.399727538694,20.783309,0.200693
591,13.06916373,-31.17999115,132027.6875,0.6890466088477385,56516.37350866385,20.054155,0.168953
591,13.06916373,-31.17999115,132027.6875,0.6890466088477385,56516.41667681048,20.920432,0.151693
591,13.06916373,-31.17999115,132027.6875,0.6890466088477385,56518.35807310138,20.398708,0.184126
591,13.06916373,-31.17999115,132027.6875,0.6890466088477385,56560.25057708984,20.19572,0.196105
591,13.06916373,-31.17999115,132027.6875,0.6890466088477385,56562.2283786973,20.273338,0.13467
591,13.06916373,-31.17999115,132027.6875,0.6890466088477385,56568.212727648206,20.712353,0.131699
591,13.06916373,-31.17999115,132027.6875,0.6890466088477385,56570.207179284655,20.451627,0.184388
591,13.06916373,-31.17999115,132027.6875,0.6890466088477385,56576.19028345356,20.363766,0.10094
591,13.06916373,-31.17999115,132027.6875,0.6890466088477385,56618.067895328626,20.643511,0.243464
591,13.06916373,-31.17999115,132027.6875,0.6890466088477385,56620.147600786295,20.57254,0.164121
591,13.06916373,-31.17999115,132027.6875,0.6890466088477385,56622.058704600204,20.427199,0.174018
591,13.06916373,-31.17999115,132027.6875,0.6890466088477385,56622.1430662889,20.525831,0.270634
591,13.06916373,-31.17999115,132027.6875,0.6890466088477385,56626.05217499193,20.76151,0.238435
591,13.06916373,-31.17999115,132027.6875,0.6890466088477385,56628.03730997769,20.355639,0.174003
591,13.06916373,-31.17999115,132027.6875,0.6890466088477385,56628.12154506473,20.669178,0.136541
591,13.06916373,-31.17999115,132027.6875,0.6890466088477385,56630.035818484146,20.711159,0.111245
591,13.06916373,-31.17999115,132027.6875,0.6890466088477385,56630.118757525925,20.76796,0.132227
591,13.06916373,-31.17999115,132027.6875,0.6890466088477385,56832.43238606071,20.530635,0.224962
591,13.06916373,-31.17999115,132027.6875,0.6890466088477385,56836.31924758153,20.250738,0.133289
591,13.06916373,-31.17999115,132027.6875,0.6890466088477385,56836.38501008041,19.937668,0.148764
591,13.06916373,-31.17999115,132027.6875,0.6890466088477385,56838.38065945823,20.389448,0.173132
591,13.06916373,-31.17999115,132027.6875,0.6890466088477385,56840.36403510673,20.927683,0.170714
591,13.06916373,-31.17999115,132027.6875,0.6890466088477385,56840.40629092092,20.346832,0.148656
591,13.06916373,-31.17999115,132027.6875,0.6890466088477385,56844.366185717285,19.959995,0.081598
591,13.06916373,-31.17999115,132027.6875,0.6890466088477385,56846.33746225573,20.251494,0.158756
591,13.06916373,-31.17999115,132027.6875,0.6890466088477385,56846.39337465819,20.428831,0.178696
591,13.06916373,-31.17999115,132027.6875,0.6890466088477385,56856.34810170205,20.113237,0.140052
591,13.06916373,-31.17999115,132027.6875,0.6890466088477385,56858.274350268766,20.670945,0.276356
591,13.06916373,-31.17999115,132027.6875,0.6890466088477385,56970.01510985289,20.214588,0.161914
591,13.06916373,-31.17999115,132027.6875,0.6890466088477385,56972.02335787099,20.504122,0.192755
591,13.06916373,-31.17999115,132027.6875,0.6890466088477385,56972.106734069064,20.375942,0.128175
591,13.06916373,-31.17999115,132027.6875,0.6890466088477385,56974.017919421196,20.697261,0.2401
591,13.06916373,-31.17999115,132027.6875,0.6890466088477385,56976.063606971875,20.491161,0.200375
591,13.06916373,-31.17999115,132027.6875,0.6890466088477385,56978.02077289438,20.273021,0.185851
591,13.06916373,-31.17999115,132027.6875,0.6890466088477385,56980.06397139002,20.786964,0.218835
591,13.06916373,-31.17999115,132027.6875,0.6890466088477385,56980.14793873113,20.655204,0.221741
591,13.06916373,-31.17999115,132027.6875,0.6890466088477385,56982.14879475022,20.638692,0.219417
630,14.07234004,-34.27697292,128448.398438,0.1388561209650363,56508.20949738007,20.420855,0.267095
630,14.07234004,-34.27697292,128448.398438,0.1388561209650363,56510.38121879194,20.558915,0.200459
630,14.07234004,-34.27697292,128448.398438,0.1388561209650363,56510.41754740151,20.466266,0.144307
630,14.07234004,-34.27697292,128448.398438,0.1388561209650363,56514.39956861688,20.566836,0.259161
630,14.07234004,-34.27697292,128448.398438,0.1388561209650363,56516.373353729956,20.528438,0.203223
630,14.07234004,-34.27697292,128448.398438,0.1388561209650363,56516.41652196599,20.387468,0.135817
630,14.07234004,-34.27697292,128448.398438,0.1388561209650363,56518.35792236682,20.323684,0.290472
630,14.07234004,-34.27697292,128448.398438,0.1388561209650363,56518.39650754258,20.563112,0.171639
630,14.07234004,-34.27697292,128448.398438,0.1388561209650363,56520.20050809113,20.449559,0.18544
630,14.07234004,-34.27697292,128448.398438,0.1388561209650363,56520.32401753822,20.362149,0.190686
630,14.07234004,-34.27697292,128448.398438,0.1388561209650363,56560.25054849824,20.598057,0.193339
630,14.07234004,-34.27697292,128448.398438,0.1388561209650363,56568.29700242169,20.331537,0.203812
630,14.07234004,-34.27697292,128448.398438,0.1388561209650363,56570.29055829765,20.182348,0.165647
630,14.07234004,-34.27697292,128448.398438,0.1388561209650363,56572.36662223935,20.431524,0.171639
630,14.07234004,-34.27697292,128448.398438,0.1388561209650363,56572.36780270981,20.232457,0.161803
630,14.07234004,-34.27697292,128448.398438,0.1388561209650363,56630.11893050838,20.381402,0.225144
630,14.07234004,-34.27697292,128448.398438,0.1388561209650363,56832.43219591491,20.556099,0.177557
630,14.07234004,-34.27697292,128448.398438,0.1388561209650363,56836.31905511115,20.257464,0.136339
630,14.07234004,-34.27697292,128448.398438,0.1388561209650363,56836.3848175779,20.340338,0.124662
630,14.07234004,-34.27697292,128448.398438,0.1388561209650363,56838.31247007707,20.328653,0.157946
630,14.07234004,-34.27697292,128448.398438,0.1388561209650363,56838.38046611007,20.396932,0.236388
630,14.07234004,-34.27697292,128448.398438,0.1388561209650363,56840.363841149025,20.276053,0.136339
630,14.07234004,-34.27697292,128448.398438,0.1388561209650363,56840.4060969525,20.429764,0.148069
630,14.07234004,-34.27697292,128448.398438,0.1388561209650363,56844.280959243886,20.351927,0.13244
630,14.07234004,-34.27697292,128448.398438,0.1388561209650363,56844.36599123338,20.529846,0.141223
630,14.07234004,-34.27697292,128448.398438,0.1388561209650363,56846.337267860305,20.276053,0.133416
630,14.07234004,-34.27697292,128448.398438,0.1388561209650363,56846.39318026882,20.267578,0.159511
630,14.07234004,-34.27697292,128448.398438,0.1388561209650363,56858.27416131832,20.059926,0.10824
630,14.07234004,-34.27697292,128448.398438,0.1388561209650363,56970.01522590872,20.612355,0.160822
630,14.07234004,-34.27697292,128448.398438,0.1388561209650363,56972.02347941836,20.424064,0.151988
630,14.07234004,-34.27697292,128448.398438,0.1388561209650363,56972.10685584089,20.522061,0.160822
630,14.07234004,-34.27697292,128448.398438,0.1388561209650363,56974.01804627618,20.642425,0.175579
630,14.07234004,-34.27697292,128448.398438,0.1388561209650363,56978.02090993384,20.177542,0.129522
630,14.07234004,-34.27697292,128448.398438,0.1388561209650363,56980.0641133748,20.653595,0.159838
630,14.07234004,-34.27697292,128448.398438,0.1388561209650363,56980.14808091521,20.464641,0.154931
630,14.07234004,-34.27697292,128448.398438,0.1388561209650363,56982.14894159604,20.250437,0.14905
664,14.646698808188507,-35.06128164488754,155703.15625,0.4978702508964349,55449.1771163661,21.357632,0.144841
664,14.646698808188507,-35.06128164488754,155703.15625,0.4978702508964349,55449.26786138909,21.209221,0.139659
664,14.646698808188507,-35.06128164488754,155703.15625,0.4978702508964349,55449.35176668363,20.870998,0.113413
664,14.646698808188507,-35.06128164488754,155703.15625,0.4978702508964349,55476.053146436345,21.147822,0.154147
664,14.646698808188507,-35.06128164488754,155703.15625,0.4978702508964349,55476.22824962437,20.875679,0.140735
664,14.646698808188507,-35.06128164488754,155703.15625,0.4978702508964349,55481.09442533227,21.104429,0.182536
664,14.646698808188507,-35.06128164488754,155703.15625,0.4978702508964349,56151.19279034482,21.066525,0.201466
664,14.646698808188507,-35.06128164488754,155703.15625,0.4978702508964349,56151.21866815956,21.2619,0.215102
664,14.646698808188507,-35.06128164488754,155703.15625,0.4978702508964349,56151.315790975,21.30547,0.193341
664,14.646698808188507,-35.06128164488754,155703.15625,0.4978702508964349,56250.06962650642,20.601518,0.165737
664,14.646698808188507,-35.06128164488754,155703.15625,0.4978702508964349,56568.21391877765,20.754245,0.179524
664,14.646698808188507,-35.06128164488754,155703.15625,0.4978702508964349,56622.0600861758,20.84527,0.217114
664,14.646698808188507,-35.06128164488754,155703.15625,0.4978702508964349,56836.43369879527,20.530731,0.185442
664,14.646698808188507,-35.06128164488754,155703.15625,0.4978702508964349,56955.20422847243,21.081957,0.177552
669,14.68745124,-31.5371185,146437.3125,0.4172574460890187,55448.33727274323,20.850602,0.100006
669,14.68745124,-31.5371185,146437.3125,0.4172574460890187,56250.150522922166,20.597295,0.203224
669,14.68745124,-31.5371185,146437.3125,0.4172574460890187,56506.30262332596,20.424635,0.167704
669,14.68745124,-31.5371185,146437.3125,0.4172574460890187,56508.29845753452,20.715406,0.14616
669,14.68745124,-31.5371185,146437.3125,0.4172574460890187,56510.38026613463,20.8407,0.155912
669,14.68745124,-31.5371185,146437.3125,0.4172574460890187,56510.41893255571,20.714843,0.139267
669,14.68745124,-31.5371185,146437.3125,0.4172574460890187,56514.36100272508,20.431303,0.159571
669,14.68745124,-31.5371185,146437.3125,0.4172574460890187,56514.39861584781,20.847133,0.205204
669,14.68745124,-31.5371185,146437.3125,0.4172574460890187,56516.41790652741,20.729679,0.174272
669,14.68745124,-31.5371185,146437.3125,0.4172574460890187,56518.356945279054,20.695543,0.189331
669,14.68745124,-31.5371185,146437.3125,0.4172574460890187,56520.323051049374,20.977384,0.161804
669,14.68745124,-31.5371185,146437.3125,0.4172574460890187,56562.227324258536,20.516402,0.172147
669,14.68745124,-31.5371185,146437.3125,0.4172574460890187,56562.31065086508,20.617064,0.18643
669,14.68745124,-31.5371185,146437.3125,0.4172574460890187,56570.20612720307,20.639915,0.13634
669,14.68745124,-31.5371185,146437.3125,0.4172574460890187,56570.28948885156,20.822934,0.18643
669,14.68745124,-31.5371185,146437.3125,0.4172574460890187,56576.1892316211,20.743026,0.132442
669,14.68745124,-31.5371185,146437.3125,0.4172574460890187,56832.4335176344,20.788845,0.175118
669,14.68745124,-31.5371185,146437.3125,0.4172574460890187,56836.383811581414,20.498356,0.118847
669,14.68745124,-31.5371185,146437.3125,0.4172574460890187,56838.31146878563,20.714292,0.16672
669,14.68745124,-31.5371185,146437.3125,0.4172574460890187,56838.42268162407,20.625806,0.125633
669,14.68745124,-31.5371185,146437.3125,0.4172574460890187,56840.36284465715,20.952178,0.181494
669,14.68745124,-31.5371185,146437.3125,0.4172574460890187,56840.41682480369,20.612412,0.143737
669,14.68745124,-31.5371185,146437.3125,0.4172574460890187,56844.279971300624,20.448751,0.137317
669,14.68745124,-31.5371185,146437.3125,0.4172574460890187,56846.336284069344,20.346039,0.126605
669,14.68745124,-31.5371185,146437.3125,0.4172574460890187,56846.41022840282,20.691676,0.120784
669,14.68745124,-31.5371185,146437.3125,0.4172574460890187,56848.41734727798,20.430002,0.176446
669,14.68745124,-31.5371185,146437.3125,0.4172574460890187,56856.34693265986,20.578463,0.205796
669,14.68745124,-31.5371185,146437.3125,0.4172574460890187,56858.27319676615,20.78963,0.156894
669,14.68745124,-31.5371185,146437.3125,0.4172574460890187,56972.022229726426,20.616127,0.137317
669,14.68745124,-31.5371185,146437.3125,0.4172574460890187,56972.10566370003,20.470138,0.133414
669,14.68745124,-31.5371185,146437.3125,0.4172574460890187,56974.016846878454,20.501543,0.203462
669,14.68745124,-31.5371185,146437.3125,0.4172574460890187,56974.10014217766,20.478399,0.201532
669,14.68745124,-31.5371185,146437.3125,0.4172574460890187,56976.14530668734,20.648223,0.161772
669,14.68745124,-31.5371185,146437.3125,0.4172574460890187,56978.10344255902,20.762092,0.15424
669,14.68745124,-31.5371185,146437.3125,0.4172574460890187,56980.14685851056,20.86218,0.158858
669,14.68745124,-31.5371185,146437.3125,0.4172574460890187,56982.14768865472,20.751194,0.170655
669,14.68745124,-31.5371185,146437.3125,0.4172574460890187,57329.084989659954,20.703359,0.170655
669,14.68745124,-31.5371185,146437.3125,0.4172574460890187,57333.0854040063,20.907565,0.196305
952,15.60243556,-30.1836727,120657.960938,0.7976832084029657,55449.17486120993,20.870982,0.290873
952,15.60243556,-30.1836727,120657.960938,0.7976832084029657,55449.34952244535,19.595207,0.033541
952,15.60243556,-30.1836727,120657.960938,0.7976832084029657,55476.04816709738,20.63432,0.503881
952,15.60243556,-30.1836727,120657.960938,0.7976832084029657,56203.18447407521,19.875519,0.093293
952,15.60243556,-30.1836727,120657.960938,0.7976832084029657,56205.1791892699,20.831398,0.285333
952,15.60243556,-30.1836727,120657.960938,0.7976832084029657,56234.06944190664,20.322965,0.254042
952,15.60243556,-30.1836727,120657.960938,0.7976832084029657,56236.097379640676,20.106939,0.139468
952,15.60243556,-30.1836727,120657.960938,0.7976832084029657,56236.18219011556,20.751616,0.314009
952,15.60243556,-30.1836727,120657.960938,0.7976832084029657,56244.169690476265,20.607189,0.309048
952,15.60243556,-30.1836727,120657.960938,0.7976832084029657,56246.07785457978,20.603405,0.277064
952,15.60243556,-30.1836727,120657.960938,0.7976832084029657,56248.07196932146,20.226945,0.255255
952,15.60243556,-30.1836727,120657.960938,0.7976832084029657,56248.15520704072,20.456626,0.355722
952,15.60243556,-30.1836727,120657.960938,0.7976832084029657,56250.06717718998,20.617546,0.105014
952,15.60243556,-30.1836727,120657.960938,0.7976832084029657,56508.29858779488,20.722413,0.221454
952,15.60243556,-30.1836727,120657.960938,0.7976832084029657,56518.3582747099,20.055924,0.122661
952,15.60243556,-30.1836727,120657.960938,0.7976832084029657,56562.22861080663,19.939217,0.033541
952,15.60243556,-30.1836727,120657.960938,0.7976832084029657,56832.43358087167,20.655008,0.187578
952,15.60243556,-30.1836727,120657.960938,0.7976832084029657,56836.3181089852,20.455424,0.364578
952,15.60243556,-30.1836727,120657.960938,0.7976832084029657,56836.38388332864,21.237086,0.246432
952,15.60243556,-30.1836727,120657.960938,0.7976832084029657,56838.4227576321,20.685923,0.138879
952,15.60243556,-30.1836727,120657.960938,0.7976832084029657,56840.36292463122,20.453634,0.238746
952,15.60243556,-30.1836727,120657.960938,0.7976832084029657,56840.416904887185,20.56446,0.238463
952,15.60243556,-30.1836727,120657.960938,0.7976832084029657,56844.280058998615,20.487158,0.134451
952,15.60243556,-30.1836727,120657.960938,0.7976832084029657,56844.36509132758,20.658409,0.112029
952,15.60243556,-30.1836727,120657.960938,0.7976832084029657,56846.410320132505,20.669404,0.236133
952,15.60243556,-30.1836727,120657.960938,0.7976832084029657,56848.41744269105,20.507283,0.205144
952,15.60243556,-30.1836727,120657.960938,0.7976832084029657,56856.34704143787,20.37894,0.284418
952,15.60243556,-30.1836727,120657.960938,0.7976832084029657,56970.01406407589,20.399218,0.097692
952,15.60243556,-30.1836727,120657.960938,0.7976832084029657,56972.02225880278,20.639153,0.09549
952,15.60243556,-30.1836727,120657.960938,0.7976832084029657,56972.10686150333,19.740784,0.139468
952,15.60243556,-30.1836727,120657.960938,0.7976832084029657,56976.146506236866,19.845908,0.100309
952,15.60243556,-30.1836727,120657.960938,0.7976832084029657,57283.313909702,19.933898,0.241612
969,15.93796797,-31.71445437,146706.15625,0.3567604512002131,56508.298497198615,20.494456,0.052303
969,15.93796797,-31.71445437,146706.15625,0.3567604512002131,56510.38030885393,20.328687,0.15902
969,15.93796797,-31.71445437,146706.15625,0.3567604512002131,56514.36105112126,20.473162,0.402114
969,15.93796797,-31.71445437,146706.15625,0.3567604512002131,56516.417957764585,20.447202,0.138825
969,15.93796797,-31.71445437,146706.15625,0.3567604512002131,56518.395595915616,20.822907,0.295292
969,15.93796797,-31.71445437,146706.15625,0.3567604512002131,56520.32310749125,20.552468,0.225321
969,15.93796797,-31.71445437,146706.15625,0.3567604512002131,56560.24960074155,20.69308,0.207353
969,15.93796797,-31.71445437,146706.15625,0.3567604512002131,56570.20621976722,20.662911,0.262585
969,15.93796797,-31.71445437,146706.15625,0.3567604512002131,56570.289581420366,20.440972,0.162218
969,15.93796797,-31.71445437,146706.15625,0.3567604512002131,56576.189323992,20.717905,0.142472
969,15.93796797,-31.71445437,146706.15625,0.3567604512002131,56576.27550982125,21.019316,0.033541
969,15.93796797,-31.71445437,146706.15625,0.3567604512002131,56578.17911041202,20.406206,0.142098
969,15.93796797,-31.71445437,146706.15625,0.3567604512002131,56618.06686320016,20.842166,0.096234
969,15.93796797,-31.71445437,146706.15625,0.3567604512002131,56622.1420348268,20.58499,0.127042
969,15.93796797,-31.71445437,146706.15625,0.3567604512002131,56628.03624997707,20.718085,0.249587
969,15.93796797,-31.71445437,146706.15625,0.3567604512002131,56630.03476401558,20.7854,0.072396
969,15.93796797,-31.71445437,146706.15625,0.3567604512002131,56630.117714377586,20.63115,0.207229
969,15.93796797,-31.71445437,146706.15625,0.3567604512002131,56836.38379185554,20.751909,0.033541
969,15.93796797,-31.71445437,146706.15625,0.3567604512002131,56838.311452155,20.599002,0.092424
969,15.93796797,-31.71445437,146706.15625,0.3567604512002131,56838.42266517226,20.551997,0.192365
969,15.93796797,-31.71445437,146706.15625,0.3567604512002131,56840.36283134017,20.818656,0.035372
969,15.93796797,-31.71445437,146706.15625,0.3567604512002131,56840.41681157425,20.30299,0.075904
969,15.93796797,-31.71445437,146706.15625,0.3567604512002131,56844.279964354355,20.534081,0.043132
969,15.93796797,-31.71445437,146706.15625,0.3567604512002131,56846.336280482356,20.943111,0.307218
969,15.93796797,-31.71445437,146706.15625,0.3567604512002131,56846.41022493644,20.775155,0.256723
969,15.93796797,-31.71445437,146706.15625,0.3567604512002131,56848.41734709591,20.526535,0.128699
969,15.93796797,-31.71445437,146706.15625,0.3567604512002131,56970.01410790626,20.638904,0.166618
969,15.93796797,-31.71445437,146706.15625,0.3567604512002131,56972.02230565157,20.59165,0.097108
969,15.93796797,-31.71445437,146706.15625,0.3567604512002131,56972.10573954787,20.499468,0.159186
969,15.93796797,-31.71445437,146706.15625,0.3567604512002131,56974.10021612421,20.890167,0.033541
969,15.93796797,-31.71445437,146706.15625,0.3567604512002131,56976.14537859149,20.63115,0.355166
969,15.93796797,-31.71445437,146706.15625,0.3567604512002131,56978.019753836095,20.766155,0.350217
969,15.93796797,-31.71445437,146706.15625,0.3567604512002131,56978.10351242311,20.42091,0.129592
969,15.93796797,-31.71445437,146706.15625,0.3567604512002131,56980.06295902375,20.419193,0.107158
969,15.93796797,-31.71445437,146706.15625,0.3567604512002131,56980.14692615904,20.821758,0.034928
969,15.93796797,-31.71445437,146706.15625,0.3567604512002131,56982.14775405219,20.442426,0.111617
969,15.93796797,-31.71445437,146706.15625,0.3567604512002131,57333.08548361901,20.435268,0.21895
1041,17.28520502,-33.80203881,134121.03125,0.3591769201178021,56185.333648561966,20.345735,0.161805
1041,17.28520502,-33.80203881,134121.03125,0.3591769201178021,56195.32715849858,20.494718,0.177551
1041,17.28520502,-33.80203881,134121.03125,0.3591769201178021,56211.200386945624,20.477378,0.121751
1041,17.28520502,-33.80203881,134121.03125,0.3591769201178021,56211.285022161435,20.34845,0.145132
1041,17.28520502,-33.80203881,134121.03125,0.3591769201178021,56221.17469490785,20.290264,0.129541
1041,17.28520502,-33.80203881,134121.03125,0.3591769201178021,56221.25818501925,20.625041,0.169672
1041,17.28520502,-33.80203881,134121.03125,0.3591769201178021,56221.25936550042,20.463563,0.171642
1041,17.28520502,-33.80203881,134121.03125,0.3591769201178021,56234.07900664443,20.469278,0.161558
1041,17.28520502,-33.80203881,134121.03125,0.3591769201178021,56234.163678309415,20.262754,0.18051
1041,17.28520502,-33.80203881,134121.03125,0.3591769201178021,56246.18849215843,20.938427,0.190378
1041,17.28520502,-33.80203881,134121.03125,0.3591769201178021,56250.16017528111,20.666831,0.170657
1041,17.28520502,-33.80203881,134121.03125,0.3591769201178021,56265.13682091003,20.56738,0.204524
1041,17.28520502,-33.80203881,134121.03125,0.3591769201178021,56508.21317728562,20.333975,0.123692
1041,17.28520502,-33.80203881,134121.03125,0.3591769201178021,56508.30076454207,20.266954,0.115378
1041,17.28520502,-33.80203881,134121.03125,0.3591769201178021,56510.382556968834,20.445082,0.119816
1041,17.28520502,-33.80203881,134121.03125,0.3591769201178021,56510.41062233457,20.388711,0.124848
1041,17.28520502,-33.80203881,134121.03125,0.3591769201178021,56520.32538746251,20.547279,0.136339
1041,17.28520502,-33.80203881,134121.03125,0.3591769201178021,56568.25508539565,20.407941,0.119113
1041,17.28520502,-33.80203881,134121.03125,0.3591769201178021,56568.25627743499,20.932306,0.194329
1041,17.28520502,-33.80203881,134121.03125,0.3591769201178021,56618.076393182855,20.33915,0.119057
1041,17.28520502,-33.80203881,134121.03125,0.3591769201178021,56620.072104047984,20.85501,0.193341
1041,17.28520502,-33.80203881,134121.03125,0.3591769201178021,56620.073272999376,20.763043,0.182481
1041,17.28520502,-33.80203881,134121.03125,0.3591769201178021,56620.156176001765,20.514144,0.192758
1041,17.28520502,-33.80203881,134121.03125,0.3591769201178021,56622.067218271084,20.529969,0.120785
1041,17.28520502,-33.80203881,134121.03125,0.3591769201178021,56622.0683872262,20.456992,0.10536
1041,17.28520502,-33.80203881,134121.03125,0.3591769201178021,56622.15155664319,20.661326,0.165737
1041,17.28520502,-33.80203881,134121.03125,0.3591769201178021,56626.059487917926,20.341925,0.116912
1041,17.28520502,-33.80203881,134121.03125,0.3591769201178021,56626.14259990584,20.761063,0.145132
1041,17.28520502,-33.80203881,134121.03125,0.3591769201178021,56628.04586812062,20.435002,0.121751
1041,17.28520502,-33.80203881,134121.03125,0.3591769201178021,56628.04703708459,20.886316,0.167702
1041,17.28520502,-33.80203881,134121.03125,0.3591769201178021,56630.04429050954,20.471333,0.104401
1041,17.28520502,-33.80203881,134121.03125,0.3591769201178021,56630.12727562804,20.450167,0.135364
1041,17.28520502,-33.80203881,134121.03125,0.3591769201178021,56630.128444596194,20.636111,0.164753
1041,17.28520502,-33.80203881,134121.03125,0.3591769201178021,56832.431013583206,20.59732,0.143178
1041,17.28520502,-33.80203881,134121.03125,0.3591769201178021,56838.313664118294,20.370006,0.128548
1041,17.28520502,-33.80203881,134121.03125,0.3591769201178021,56838.421347175725,20.522934,0.175581
1041,17.28520502,-33.80203881,134121.03125,0.3591769201178021,56840.365032966714,20.414227,0.123692
1041,17.28520502,-33.80203881,134121.03125,0.3591769201178021,56840.36620192183,20.971187,0.190378
1041,17.28520502,-33.80203881,134121.03125,0.3591769201178021,56844.289691764396,20.5747,0.160822
1041,17.28520502,-33.80203881,134121.03125,0.3591769201178021,56846.33849826921,20.610085,0.153949
1041,17.28520502,-33.80203881,134121.03125,0.3591769201178021,56846.40892437706,20.661641,0.155316
1041,17.28520502,-33.80203881,134121.03125,0.3591769201178021,56856.262950899545,20.3474,0.17361
1041,17.28520502,-33.80203881,134121.03125,0.3591769201178021,56858.27542068064,20.897116,0.187415
1041,17.28520502,-33.80203881,134121.03125,0.3591769201178021,56943.167264209595,20.479733,0.151989
1041,17.28520502,-33.80203881,134121.03125,0.3591769201178021,56949.14852672722,20.905726,0.166721
1041,17.28520502,-33.80203881,134121.03125,0.3591769201178021,56949.23309297394,20.374026,0.145155
1041,17.28520502,-33.80203881,134121.03125,0.3591769201178021,56951.14528475329,20.350595,0.130495
1041,17.28520502,-33.80203881,134121.03125,0.3591769201178021,56951.22911044955,20.200698,0.133895
1041,17.28520502,-33.80203881,134121.03125,0.3591769201178021,56953.13237090735,20.497298,0.127576
1041,17.28520502,-33.80203881,134121.03125,0.3591769201178021,56953.133539816365,20.546664,0.121751
1041,17.28520502,-33.80203881,134121.03125,0.3591769201178021,56953.215490776114,20.450227,0.129522
1041,17.28520502,-33.80203881,134121.03125,0.3591769201178021,56955.13101086207,20.365581,0.10728
1041,17.28520502,-33.80203881,134121.03125,0.3591769201178021,56955.215496543795,20.562084,0.125634
1041,17.28520502,-33.80203881,134121.03125,0.3591769201178021,56955.21667702822,20.754913,0.207177
1041,17.28520502,-33.80203881,134121.03125,0.3591769201178021,56972.048245741986,20.886856,0.17361
1041,17.28520502,-33.80203881,134121.03125,0.3591769201178021,56978.044474650174,20.378931,0.140249
1041,17.28520502,-33.80203881,134121.03125,0.3591769201178021,56980.08799458202,20.538789,0.143228
1041,17.28520502,-33.80203881,134121.03125,0.3591769201178021,57313.08168092836,20.124586,0.155912
1041,17.28520502,-33.80203881,134121.03125,0.3591769201178021,57333.10221671453,20.749438,0.192352
1041,17.28520502,-33.80203881,134121.03125,0.3591769201178021,57333.185823922046,20.537244,0.198885
1041,17.28520502,-33.80203881,134121.03125,0.3591769201178021,57339.11223456217,20.84079,0.177551
1117,18.94356344,-33.06895223,128828.65625,0.6725815902767261,56183.36325645307,20.409272,0.183269
1117,18.94356344,-33.06895223,128828.65625,0.6725815902767261,56183.3917032429,20.359473,0.153949
1117,18.94356344,-33.06895223,128828.65625,0.6725815902767261,56195.32378183445,20.119171,0.125632
1117,18.94356344,-33.06895223,128828.65625,0.6725815902767261,56211.20170689607,20.373743,0.157875
1117,18.94356344,-33.06895223,128828.65625,0.6725815902767261,56211.28634200897,20.279979,0.159878
1117,18.94356344,-33.06895223,128828.65625,0.6725815902767261,56221.25949059939,20.445305,0.171641
1117,18.94356344,-33.06895223,128828.65625,0.6725815902767261,56234.080288342666,20.211314,0.139268
1117,18.94356344,-33.06895223,128828.65625,0.6725815902767261,56246.08874358609,20.500232,0.170655
1117,18.94356344,-33.06895223,128828.65625,0.6725815902767261,56508.30204770388,20.635929,0.136341
1117,18.94356344,-33.06895223,128828.65625,0.6725815902767261,56510.383855514694,20.750606,0.147091
1117,18.94356344,-33.06895223,128828.65625,0.6725815902767261,56510.411909357645,20.690484,0.149049
1117,18.94356344,-33.06895223,128828.65625,0.6725815902767261,56514.364600868896,20.66969,0.171641
1117,18.94356344,-33.06895223,128828.65625,0.6725815902767261,56514.40813972568,20.666621,0.175627
1117,18.94356344,-33.06895223,128828.65625,0.6725815902767261,56518.36058652913,20.871288,0.205203
1117,18.94356344,-33.06895223,128828.65625,0.6725815902767261,56518.400352353696,20.45341,0.151009
1117,18.94356344,-33.06895223,128828.65625,0.6725815902767261,56520.32669035019,20.339463,0.140863
1117,18.94356344,-33.06895223,128828.65625,0.6725815902767261,56568.2564254296,20.563144,0.153949
1117,18.94356344,-33.06895223,128828.65625,0.6725815902767261,56572.295843065716,20.703212,0.192353
1117,18.94356344,-33.06895223,128828.65625,0.6725815902767261,56576.369503106456,20.561297,0.194329
1117,18.94356344,-33.06895223,128828.65625,0.6725815902767261,56618.07761970023,20.710241,0.149049
1117,18.94356344,-33.06895223,128828.65625,0.6725815902767261,56620.07332547428,20.824838,0.220053
1117,18.94356344,-33.06895223,128828.65625,0.6725815902767261,56626.06069372408,20.442794,0.136341
1117,18.94356344,-33.06895223,128828.65625,0.6725815902767261,56626.143805492204,20.490068,0.16377
1117,18.94356344,-33.06895223,128828.65625,0.6725815902767261,56628.0470686499,20.501654,0.153949
1117,18.94356344,-33.06895223,128828.65625,0.6725815902767261,56630.128470590804,20.625751,0.159839
1117,18.94356344,-33.06895223,128828.65625,0.6725815902767261,56834.32745613484,20.413271,0.176565
1117,18.94356344,-33.06895223,128828.65625,0.6725815902767261,56836.42396817263,20.630096,0.160823
1117,18.94356344,-33.06895223,128828.65625,0.6725815902767261,56838.31486435933,20.400476,0.128549
1117,18.94356344,-33.06895223,128828.65625,0.6725815902767261,56838.38168034982,20.603469,0.139268
1117,18.94356344,-33.06895223,128828.65625,0.6725815902767261,56840.366238688584,20.488101,0.144153
1117,18.94356344,-33.06895223,128828.65625,0.6725815902767261,56840.40850637108,20.551505,0.166719
1117,18.94356344,-33.06895223,128828.65625,0.6725815902767261,56844.370049374644,20.333458,0.132442
1117,18.94356344,-33.06895223,128828.65625,0.6725815902767261,56846.33971965918,20.223272,0.126605
1117,18.94356344,-33.06895223,128828.65625,0.6725815902767261,56846.39445193997,20.34802,0.121903
1117,18.94356344,-33.06895223,128828.65625,0.6725815902767261,56848.41258777445,20.390896,0.118847
1117,18.94356344,-33.06895223,128828.65625,0.6725815902767261,56856.350420373026,20.024224,0.157875
1117,18.94356344,-33.06895223,128828.65625,0.6725815902767261,56858.27668309584,20.512376,0.136341
1117,18.94356344,-33.06895223,128828.65625,0.6725815902767261,56943.25267358776,20.429281,0.174595
1117,18.94356344,-33.06895223,128828.65625,0.6725815902767261,56949.14982487168,20.391135,0.119817
1117,18.94356344,-33.06895223,128828.65625,0.6725815902767261,56949.23439098941,20.416194,0.150801
1117,18.94356344,-33.06895223,128828.65625,0.6725815902767261,56951.14657976618,20.240172,0.143328
1117,18.94356344,-33.06895223,128828.65625,0.6725815902767261,56951.23041690141,20.225437,0.105359
1117,18.94356344,-33.06895223,128828.65625,0.6725815902767261,56953.13366265036,20.287167,0.112089
1117,18.94356344,-33.06895223,128828.65625,0.6725815902767261,56953.216782379895,20.343197,0.120784
1117,18.94356344,-33.06895223,128828.65625,0.6725815902767261,56955.13496103976,20.347701,0.119817
1117,18.94356344,-33.06895223,128828.65625,0.6725815902767261,56959.11972260196,20.512163,0.161804
1117,18.94356344,-33.06895223,128828.65625,0.6725815902767261,56970.04004202597,20.000561,0.138293
1117,18.94356344,-33.06895223,128828.65625,0.6725815902767261,56974.042851322796,20.137227,0.111124
1117,18.94356344,-33.06895223,128828.65625,0.6725815902767261,56978.04573744023,20.350345,0.147091
1117,18.94356344,-33.06895223,128828.65625,0.6725815902767261,56978.12941490393,20.275608,0.187685
1117,18.94356344,-33.06895223,128828.65625,0.6725815902767261,56980.089229213074,20.374301,0.127575
1117,18.94356344,-33.06895223,128828.65625,0.6725815902767261,56982.090111819096,20.201123,0.118847
1117,18.94356344,-33.06895223,128828.65625,0.6725815902767261,56982.17380127823,20.65558,0.175581
1221,22.05633766,-22.13935404,128712.789062,0.5949149016564971,55478.0387450112,20.54439,0.100776
1221,22.05633766,-22.13935404,128712.789062,0.5949149016564971,55826.31890151277,20.784341,0.207974
1221,22.05633766,-22.13935404,128712.789062,0.5949149016564971,55828.32087721769,20.426003,0.14171
1221,22.05633766,-22.13935404,128712.789062,0.5949149016564971,55828.32204609597,20.338735,0.136363
1221,22.05633766,-22.13935404,128712.789062,0.5949149016564971,55828.38877630327,20.385685,0.162884
1221,22.05633766,-22.13935404,128712.789062,0.5949149016564971,55830.29201072641,20.645448,0.176681
1221,22.05633766,-22.13935404,128712.789062,0.5949149016564971,55830.334692137316,20.707642,0.190082
1221,22.05633766,-22.13935404,128712.789062,0.5949149016564971,56097.41398442257,20.65427,0.193341
1221,22.05633766,-22.13935404,128712.789062,0.5949149016564971,56097.43165821908,20.67265,0.178538
1221,22.05633766,-22.13935404,128712.789062,0.5949149016564971,56101.37130600354,20.29469,0.170656
1221,22.05633766,-22.13935404,128712.789062,0.5949149016564971,56101.41047284845,20.188936,0.170656
1221,22.05633766,-22.13935404,128712.789062,0.5949149016564971,56114.37630735617,20.011094,0.194327
1221,22.05633766,-22.13935404,128712.789062,0.5949149016564971,56124.41601151554,20.640374,0.196306
1221,22.05633766,-22.13935404,128712.789062,0.5949149016564971,56124.43270083051,20.280226,0.131467
1221,22.05633766,-22.13935404,128712.789062,0.5949149016564971,56126.419930126984,20.332398,0.156895
1221,22.05633766,-22.13935404,128712.789062,0.5949149016564971,56130.382856127806,20.409645,0.173611
1221,22.05633766,-22.13935404,128712.789062,0.5949149016564971,56136.32034716522,20.466448,0.177551
1221,22.05633766,-22.13935404,128712.789062,0.5949149016564971,56158.40468783397,19.880118,0.111522
1221,22.05633766,-22.13935404,128712.789062,0.5949149016564971,56158.41780032171,20.086109,0.113053
1221,22.05633766,-22.13935404,128712.789062,0.5949149016564971,56164.38985767029,20.25873,0.16136
1221,22.05633766,-22.13935404,128712.789062,0.5949149016564971,56211.21219932847,20.732759,0.174594
1221,22.05633766,-22.13935404,128712.789062,0.5949149016564971,56211.296625074465,20.133186,0.125634
1221,22.05633766,-22.13935404,128712.789062,0.5949149016564971,56217.278097433504,19.785838,0.144154
1221,22.05633766,-22.13935404,128712.789062,0.5949149016564971,56226.21428723354,20.021747,0.198282
1221,22.05633766,-22.13935404,128712.789062,0.5949149016564971,56234.08520902321,20.406571,0.149049
1221,22.05633766,-22.13935404,128712.789062,0.5949149016564971,56244.10722552799,20.0168,0.156895
1221,22.05633766,-22.13935404,128712.789062,0.5949149016564971,56244.19358639605,20.158871,0.147091
1221,22.05633766,-22.13935404,128712.789062,0.5949149016564971,56246.09350458812,20.518156,0.178538
1221,22.05633766,-22.13935404,128712.789062,0.5949149016564971,56248.170802239794,20.420782,0.182482
1221,22.05633766,-22.13935404,128712.789062,0.5949149016564971,56250.08271983033,20.300712,0.169673
1221,22.05633766,-22.13935404,128712.789062,0.5949149016564971,56250.16610693885,20.532705,0.211141
1221,22.05633766,-22.13935404,128712.789062,0.5949149016564971,56263.05655591842,19.982734,0.110162
1221,22.05633766,-22.13935404,128712.789062,0.5949149016564971,56267.05373169808,20.62471,0.193341
1221,22.05633766,-22.13935404,128712.789062,0.5949149016564971,56267.13709757896,20.708021,0.181495
1221,22.05633766,-22.13935404,128712.789062,0.5949149016564971,56533.29369398346,20.304438,0.133415
1221,22.05633766,-22.13935404,128712.789062,0.5949149016564971,56533.391591305844,20.446973,0.179523
1221,22.05633766,-22.13935404,128712.789062,0.5949149016564971,56543.25876450911,20.141397,0.106868
1221,22.05633766,-22.13935404,128712.789062,0.5949149016564971,56543.33746152744,20.047286,0.167751
1221,22.05633766,-22.13935404,128712.789062,0.5949149016564971,56545.253594248556,20.30168,0.116914
1221,22.05633766,-22.13935404,128712.789062,0.5949149016564971,56545.365008303896,20.483775,0.137315
1221,22.05633766,-22.13935404,128712.789062,0.5949149016564971,56547.24984595971,20.549948,0.139951
1221,22.05633766,-22.13935404,128712.789062,0.5949149016564971,56547.39058610285,20.595677,0.176567
1221,22.05633766,-22.13935404,128712.789062,0.5949149016564971,56618.08228902193,20.725432,0.148071
1221,22.05633766,-22.13935404,128712.789062,0.5949149016564971,56620.16203478584,20.332693,0.162787
1221,22.05633766,-22.13935404,128712.789062,0.5949149016564971,56622.073043081444,20.6353,0.151008
1221,22.05633766,-22.13935404,128712.789062,0.5949149016564971,56622.157368382905,20.896495,0.218073
1221,22.05633766,-22.13935404,128712.789062,0.5949149016564971,56626.06519586919,20.221675,0.115946
1221,22.05633766,-22.13935404,128712.789062,0.5949149016564971,56626.14830639586,20.539105,0.141223
1221,22.05633766,-22.13935404,128712.789062,0.5949149016564971,56628.135797806084,20.743139,0.216092
1221,22.05633766,-22.13935404,128712.789062,0.5949149016564971,56630.04997515492,20.98288,0.172625
1221,22.05633766,-22.13935404,128712.789062,0.5949149016564971,56630.13297040947,19.780259,0.131474
1221,22.05633766,-22.13935404,128712.789062,0.5949149016564971,56943.18358165119,20.129164,0.117879
1221,22.05633766,-22.13935404,128712.789062,0.5949149016564971,56949.1600356875,20.369368,0.149049
1221,22.05633766,-22.13935404,128712.789062,0.5949149016564971,56949.24451965187,20.533989,0.160822
1221,22.05633766,-22.13935404,128712.789062,0.5949149016564971,56951.185707866214,20.652691,0.160822
1221,22.05633766,-22.13935404,128712.789062,0.5949149016564971,56951.29817585368,20.761919,0.237899
1221,22.05633766,-22.13935404,128712.789062,0.5949149016564971,56953.14370300528,20.18062,0.10536
1221,22.05633766,-22.13935404,128712.789062,0.5949149016564971,56953.22698359704,20.070782,0.101532
1221,22.05633766,-22.13935404,128712.789062,0.5949149016564971,56959.129746927414,19.841442,0.100578
1221,22.05633766,-22.13935404,128712.789062,0.5949149016564971,56959.213294113055,20.135123,0.123693
1221,22.05633766,-22.13935404,128712.789062,0.5949149016564971,56972.0632303115,20.556959,0.131467
1221,22.05633766,-22.13935404,128712.789062,0.5949149016564971,56974.05776676722,20.017915,0.113053
1221,22.05633766,-22.13935404,128712.789062,0.5949149016564971,56976.19931370905,20.476849,0.168688
1221,22.05633766,-22.13935404,128712.789062,0.5949149016564971,56978.06054514786,20.725601,0.161804
1221,22.05633766,-22.13935404,128712.789062,0.5949149016564971,56978.14429076668,20.343388,0.114982
1221,22.05633766,-22.13935404,128712.789062,0.5949149016564971,56980.10398240434,20.316292,0.127576
1221,22.05633766,-22.13935404,128712.789062,0.5949149016564971,56982.09882768523,20.632416,0.160822
1221,22.05633766,-22.13935404,128712.789062,0.5949149016564971,56988.08214468835,20.885526,0.208171
1221,22.05633766,-22.13935404,128712.789062,0.5949149016564971,56988.165440025274,20.522809,0.164753
1221,22.05633766,-22.13935404,128712.789062,0.5949149016564971,57273.36899505323,20.044612,0.197293
1221,22.05633766,-22.13935404,128712.789062,0.5949149016564971,57313.17809862131,20.037011,0.122722
1221,22.05633766,-22.13935404,128712.789062,0.5949149016564971,57329.13815113157,20.061055,0.194327
1274,23.55372627,-12.6414494,128543.851562,0.60099169838251,55469.17021758156,20.53756,0.123656
1274,23.55372627,-12.6414494,128543.851562,0.60099169838251,55478.06235572137,20.370195,0.129871
1274,23.55372627,-12.6414494,128543.851562,0.60099169838251,55478.31608206872,20.511683,0.1379
1274,23.55372627,-12.6414494,128543.851562,0.60099169838251,55826.384759086184,20.542066,0.21629
1274,23.55372627,-12.6414494,128543.851562,0.60099169838251,56114.414941677824,20.163284,0.194329
1274,23.55372627,-12.6414494,128543.851562,0.60099169838251,56136.419557972346,20.591545,0.157876
1274,23.55372627,-12.6414494,128543.851562,0.60099169838251,56138.41968064755,20.173924,0.196804
1274,23.55372627,-12.6414494,128543.851562,0.60099169838251,56180.15637670271,20.621883,0.129139
1274,23.55372627,-12.6414494,128543.851562,0.60099169838251,56180.25258342642,20.601025,0.160752
1274,23.55372627,-12.6414494,128543.851562,0.60099169838251,56211.21633478813,20.521193,0.150028
1274,23.55372627,-12.6414494,128543.851562,0.60099169838251,56217.199214464985,20.54918,0.170647
1274,23.55372627,-12.6414494,128543.851562,0.60099169838251,56264.063028534874,20.192054,0.125733
1274,23.55372627,-12.6414494,128543.851562,0.60099169838251,56266.059824241325,20.394098,0.121753
1274,23.55372627,-12.6414494,128543.851562,0.60099169838251,56266.1432932755,20.733726,0.167703
1274,23.55372627,-12.6414494,128543.851562,0.60099169838251,56268.13964371057,20.454202,0.285017
1274,23.55372627,-12.6414494,128543.851562,0.60099169838251,56270.126613808796,20.360836,0.156447
1274,23.55372627,-12.6414494,128543.851562,0.60099169838251,56561.30250557838,20.559082,0.180509
1274,23.55372627,-12.6414494,128543.851562,0.60099169838251,56561.35267445957,20.349005,0.186427
1274,23.55372627,-12.6414494,128543.851562,0.60099169838251,56563.375909457915,20.255007,0.193341
1274,23.55372627,-12.6414494,128543.851562,0.60099169838251,56569.34806573484,20.127068,0.123503
1274,23.55372627,-12.6414494,128543.851562,0.60099169838251,56569.385215015616,20.286219,0.21191
1274,23.55372627,-12.6414494,128543.851562,0.60099169838251,56571.26006194716,20.239137,0.162409
1274,23.55372627,-12.6414494,128543.851562,0.60099169838251,56573.252340715844,20.745104,0.172168
1274,23.55372627,-12.6414494,128543.851562,0.60099169838251,56575.24197025085,20.45063,0.175612
1274,23.55372627,-12.6414494,128543.851562,0.60099169838251,56575.31824789196,19.946651,0.147546
1274,23.55372627,-12.6414494,128543.851562,0.60099169838251,56577.214704389684,20.209899,0.136862
1274,23.55372627,-12.6414494,128543.851562,0.60099169838251,56619.095432605594,20.390074,0.151988
1274,23.55372627,-12.6414494,128543.851562,0.60099169838251,56619.17884234805,20.343278,0.166719
1274,23.55372627,-12.6414494,128543.851562,0.60099169838251,56623.24502937868,20.287681,0.255641
1274,23.55372627,-12.6414494,128543.851562,0.60099169838251,56625.23059308948,20.049798,0.138313
1274,23.55372627,-12.6414494,128543.851562,0.60099169838251,56625.23936582543,20.070204,0.233748
1274,23.55372627,-12.6414494,128543.851562,0.60099169838251,56627.0647917171,20.185499,0.140906
1274,23.55372627,-12.6414494,128543.851562,0.60099169838251,56627.148352829274,20.309594,0.142099
1274,23.55372627,-12.6414494,128543.851562,0.60099169838251,56629.064867865294,20.505413,0.180608
1274,23.55372627,-12.6414494,128543.851562,0.60099169838251,56629.149216221645,20.68268,0.162787
1274,23.55372627,-12.6414494,128543.851562,0.60099169838251,56631.13015562063,20.548683,0.181495
1274,23.55372627,-12.6414494,128543.851562,0.60099169838251,56873.40340323141,19.846926,0.137214
1274,23.55372627,-12.6414494,128543.851562,0.60099169838251,56873.425647473894,20.095464,0.153951
1274,23.55372627,-12.6414494,128543.851562,0.60099169838251,56877.38986842334,20.473568,0.139508
1274,23.55372627,-12.6414494,128543.851562,0.60099169838251,56877.41497118026,20.609449,0.151629
1274,23.55372627,-12.6414494,128543.851562,0.60099169838251,56885.40142563917,20.175928,0.177889
1274,23.55372627,-12.6414494,128543.851562,0.60099169838251,56887.36429089261,20.461225,0.166719
1274,23.55372627,-12.6414494,128543.851562,0.60099169838251,56889.3576241089,20.834612,0.177552
1274,23.55372627,-12.6414494,128543.851562,0.60099169838251,56919.36793503119,20.596579,0.20817
1274,23.55372627,-12.6414494,128543.851562,0.60099169838251,56925.35251442576,20.710652,0.177552
1274,23.55372627,-12.6414494,128543.851562,0.60099169838251,56925.378206453286,20.416599,0.162787
1274,23.55372627,-12.6414494,128543.851562,0.60099169838251,56927.34712980222,20.605546,0.198281
1274,23.55372627,-12.6414494,128543.851562,0.60099169838251,56929.342497108504,20.175913,0.116673
1274,23.55372627,-12.6414494,128543.851562,0.60099169838251,56929.37232068274,20.163344,0.12952
1274,23.55372627,-12.6414494,128543.851562,0.60099169838251,56931.26650531683,20.397956,0.114983
1274,23.55372627,-12.6414494,128543.851562,0.60099169838251,56931.33061963646,20.608153,0.171642
1274,23.55372627,-12.6414494,128543.851562,0.60099169838251,56970.149177791085,19.960743,0.175581
1274,23.55372627,-12.6414494,128543.851562,0.60099169838251,56972.072026987094,20.43048,0.128402
1274,23.55372627,-12.6414494,128543.851562,0.60099169838251,56974.06884509977,20.68806,0.167703
1274,23.55372627,-12.6414494,128543.851562,0.60099169838251,56974.15192973614,20.69436,0.198281
1274,23.55372627,-12.6414494,128543.851562,0.60099169838251,56978.155799343716,20.498993,0.146111
1315,24.7379265622882,-7.61326084919905,125079.046875,0.5286857274797045,55456.34652624698,20.412041,0.123182
1315,24.7379265622882,-7.61326084919905,125079.046875,0.5286857274797045,55457.28845241014,19.993866,0.159021
1315,24.7379265622882,-7.61326084919905,125079.046875,0.5286857274797045,55469.075592244044,20.651761,0.213688
1315,24.7379265622882,-7.61326084919905,125079.046875,0.5286857274797045,55469.078149867244,20.581301,0.13266
1315,24.7379265622882,-7.61326084919905,125079.046875,0.5286857274797045,55469.16280603502,20.493537,0.122291
1315,24.7379265622882,-7.61326084919905,125079.046875,0.5286857274797045,55470.090517236385,20.826298,0.193851
1315,24.7379265622882,-7.61326084919905,125079.046875,0.5286857274797045,55470.09307485912,20.459229,0.121335
1315,24.7379265622882,-7.61326084919905,125079.046875,0.5286857274797045,55470.17539328337,20.519413,0.205362
1315,24.7379265622882,-7.61326084919905,125079.046875,0.5286857274797045,55470.1779509061,20.526694,0.123813
1315,24.7379265622882,-7.61326084919905,125079.046875,0.5286857274797045,55470.2616465115,20.709802,0.149602
1315,24.7379265622882,-7.61326084919905,125079.046875,0.5286857274797045,55478.052386362106,20.464782,0.103546
1315,24.7379265622882,-7.61326084919905,125079.046875,0.5286857274797045,55478.05494398577,20.542938,0.089199
1315,24.7379265622882,-7.61326084919905,125079.046875,0.5286857274797045,55478.13528347295,20.621116,0.113029
1315,24.7379265622882,-7.61326084919905,125079.046875,0.5286857274797045,55478.13784109708,20.524804,0.120936
1315,24.7379265622882,-7.61326084919905,125079.046875,0.5286857274797045,55478.22090023151,20.805999,0.13035
1315,24.7379265622882,-7.61326084919905,125079.046875,0.5286857274797045,55478.22345785517,20.552961,0.086316
1315,24.7379265622882,-7.61326084919905,125079.046875,0.5286857274797045,56180.1592660239,20.967564,0.179966
1315,24.7379265622882,-7.61326084919905,125079.046875,0.5286857274797045,56180.33936570352,20.791206,0.155021
1315,24.7379265622882,-7.61326084919905,125079.046875,0.5286857274797045,56184.31073093042,20.322986,0.22584
1315,24.7379265622882,-7.61326084919905,125079.046875,0.5286857274797045,56186.241328503005,19.994327,0.174549
1315,24.7379265622882,-7.61326084919905,125079.046875,0.5286857274797045,56264.05714323092,20.131123,0.251708
1315,24.7379265622882,-7.61326084919905,125079.046875,0.5286857274797045,56266.053915725555,20.10481,0.18963
1315,24.7379265622882,-7.61326084919905,125079.046875,0.5286857274797045,56266.13738427311,20.372917,0.157523
1315,24.7379265622882,-7.61326084919905,125079.046875,0.5286857274797045,56619.17177716037,20.317157,0.1758
1315,24.7379265622882,-7.61326084919905,125079.046875,0.5286857274797045,56623.076306375675,20.128035,0.211027
1315,24.7379265622882,-7.61326084919905,125079.046875,0.5286857274797045,56623.15946146939,20.365175,0.174273
1315,24.7379265622882,-7.61326084919905,125079.046875,0.5286857274797045,56625.07087390078,20.233402,0.16977
1315,24.7379265622882,-7.61326084919905,125079.046875,0.5286857274797045,56625.153786180075,20.004788,0.344015
1315,24.7379265622882,-7.61326084919905,125079.046875,0.5286857274797045,56627.057704283856,20.941435,0.140617
1315,24.7379265622882,-7.61326084919905,125079.046875,0.5286857274797045,56629.0577109321,20.710631,0.22318
1315,24.7379265622882,-7.61326084919905,125079.046875,0.5286857274797045,56635.14880399546,19.766104,0.134376
1315,24.7379265622882,-7.61326084919905,125079.046875,0.5286857274797045,56949.24272937607,20.275199,0.173978
1315,24.7379265622882,-7.61326084919905,125079.046875,0.5286857274797045,56953.14188432554,20.494528,0.148573
1315,24.7379265622882,-7.61326084919905,125079.046875,0.5286857274797045,56953.2251290679,20.539159,0.188494
1315,24.7379265622882,-7.61326084919905,125079.046875,0.5286857274797045,56955.22266853461,20.764456,0.181391
1315,24.7379265622882,-7.61326084919905,125079.046875,0.5286857274797045,56959.12777473871,20.397778,0.197305
1315,24.7379265622882,-7.61326084919905,125079.046875,0.5286857274797045,56959.21139015071,19.999765,0.209698
1315,24.7379265622882,-7.61326084919905,125079.046875,0.5286857274797045,56979.186245016754,20.846528,0.219745
1315,24.7379265622882,-7.61326084919905,125079.046875,0.5286857274797045,56989.13641220378,20.71865,0.144221
1372,26.7343491717179,-4.49710553437952,126981.695312,0.5694185596867638,55426.30559709389,20.461576,0.151749
1372,26.7343491717179,-4.49710553437952,126981.695312,0.5694185596867638,55426.37488670368,20.499653,0.166604
1372,26.7343491717179,-4.49710553437952,126981.695312,0.5694185596867638,55427.283821826335,19.999503,0.171023
1372,26.7343491717179,-4.49710553437952,126981.695312,0.5694185596867638,55427.36314542312,20.60908,0.17775
1372,26.7343491717179,-4.49710553437952,126981.695312,0.5694185596867638,55456.36724505434,19.87955,0.143541
1372,26.7343491717179,-4.49710553437952,126981.695312,0.5694185596867638,55456.40389676578,20.150285,0.151303
1372,26.7343491717179,-4.49710553437952,126981.695312,0.5694185596867638,55459.24500974454,20.440775,0.347657
1372,26.7343491717179,-4.49710553437952,126981.695312,0.5694185596867638,55467.180004744325,20.195006,0.185341
1372,26.7343491717179,-4.49710553437952,126981.695312,0.5694185596867638,55468.267341501545,19.920302,0.162035
1372,26.7343491717179,-4.49710553437952,126981.695312,0.5694185596867638,55469.099621779285,20.617372,0.122909
1372,26.7343491717179,-4.49710553437952,126981.695312,0.5694185596867638,55473.274376713205,20.571128,0.181396
1372,26.7343491717179,-4.49710553437952,126981.695312,0.5694185596867638,55473.3858820186,20.067948,0.211634
1372,26.7343491717179,-4.49710553437952,126981.695312,0.5694185596867638,55476.23546451004,19.879852,0.200204
1372,26.7343491717179,-4.49710553437952,126981.695312,0.5694185596867638,55477.24422007101,20.380161,0.148559
1372,26.7343491717179,-4.49710553437952,126981.695312,0.5694185596867638,55477.32488348475,20.652224,0.166622
1372,26.7343491717179,-4.49710553437952,126981.695312,0.5694185596867638,55478.06806319766,20.199205,0.110308
1372,26.7343491717179,-4.49710553437952,126981.695312,0.5694185596867638,55478.31153479265,20.604952,0.125228
1372,26.7343491717179,-4.49710553437952,126981.695312,0.5694185596867638,55486.190203672275,20.397542,0.182285
1372,26.7343491717179,-4.49710553437952,126981.695312,0.5694185596867638,55488.172027956694,20.086287,0.168952
1372,26.7343491717179,-4.49710553437952,126981.695312,0.5694185596867638,55500.01837517973,20.548094,0.196074
1372,26.7343491717179,-4.49710553437952,126981.695312,0.5694185596867638,55516.11496078782,20.199098,0.204115
1372,26.7343491717179,-4.49710553437952,126981.695312,0.5694185596867638,55908.03278750507,20.547952,0.177616
1372,26.7343491717179,-4.49710553437952,126981.695312,0.5694185596867638,55909.03365254402,20.084249,0.198012
1372,26.7343491717179,-4.49710553437952,126981.695312,0.5694185596867638,55910.11622919096,19.889614,0.12292
1372,26.7343491717179,-4.49710553437952,126981.695312,0.5694185596867638,55911.11504889047,20.639467,0.181494
1372,26.7343491717179,-4.49710553437952,126981.695312,0.5694185596867638,55912.03486805456,20.450803,0.141223
1372,26.7343491717179,-4.49710553437952,126981.695312,0.5694185596867638,55912.114923343994,20.657274,0.180507
1372,26.7343491717179,-4.49710553437952,126981.695312,0.5694185596867638,55913.034894400276,20.190806,0.150111
1372,26.7343491717179,-4.49710553437952,126981.695312,0.5694185596867638,55913.11298228195,20.313416,0.167448
1372,26.7343491717179,-4.49710553437952,126981.695312,0.5694185596867638,55914.03560516285,20.552506,0.157703
1372,26.7343491717179,-4.49710553437952,126981.695312,0.5694185596867638,55914.112292745616,19.745937,0.122099
1372,26.7343491717179,-4.49710553437952,126981.695312,0.5694185596867638,55915.03621333884,20.581652,0.153948
1372,26.7343491717179,-4.49710553437952,126981.695312,0.5694185596867638,55916.03625598317,20.479968,0.146112
1372,26.7343491717179,-4.49710553437952,126981.695312,0.5694185596867638,55918.106865268666,19.954498,0.117879
1372,26.7343491717179,-4.49710553437952,126981.695312,0.5694185596867638,55923.0481384024,20.581528,0.150657
1372,26.7343491717179,-4.49710553437952,126981.695312,0.5694185596867638,55925.0388066615,20.216622,0.185131
1372,26.7343491717179,-4.49710553437952,126981.695312,0.5694185596867638,55925.09865551023,20.323782,0.202198
1372,26.7343491717179,-4.49710553437952,126981.695312,0.5694185596867638,55926.038992684335,19.895763,0.230263
1372,26.7343491717179,-4.49710553437952,126981.695312,0.5694185596867638,55926.095971287694,20.170537,0.171781
1372,26.7343491717179,-4.49710553437952,126981.695312,0.5694185596867638,56123.428007000126,20.512693,0.194328
1372,26.7343491717179,-4.49710553437952,126981.695312,0.5694185596867638,56125.36792403553,20.158719,0.194332
1372,26.7343491717179,-4.49710553437952,126981.695312,0.5694185596867638,56125.43950863695,20.356596,0.166629
1372,26.7343491717179,-4.49710553437952,126981.695312,0.5694185596867638,56129.366532963235,20.041725,0.175828
1372,26.7343491717179,-4.49710553437952,126981.695312,0.5694185596867638,56133.32733861962,20.259748,0.214969
1372,26.7343491717179,-4.49710553437952,126981.695312,0.5694185596867638,56133.3962371652,20.062048,0.182307
1372,26.7343491717179,-4.49710553437952,126981.695312,0.5694185596867638,56135.29489654675,20.251172,0.321241
1372,26.7343491717179,-4.49710553437952,126981.695312,0.5694185596867638,56137.36940055154,19.943974,0.208569
1372,26.7343491717179,-4.49710553437952,126981.695312,0.5694185596867638,56149.293544486165,20.205442,0.136341
1372,26.7343491717179,-4.49710553437952,126981.695312,0.5694185596867638,56159.39383286564,20.520383,0.213122
1372,26.7343491717179,-4.49710553437952,126981.695312,0.5694185596867638,56165.35826461855,20.170342,0.209759
1372,26.7343491717179,-4.49710553437952,126981.695312,0.5694185596867638,56182.289663990494,20.00053,0.177807
1372,26.7343491717179,-4.49710553437952,126981.695312,0.5694185596867638,56182.35414896766,20.209659,0.338438
1372,26.7343491717179,-4.49710553437952,126981.695312,0.5694185596867638,56184.35185096506,20.533016,0.197291
1372,26.7343491717179,-4.49710553437952,126981.695312,0.5694185596867638,56186.35985039314,20.278636,0.149543
1372,26.7343491717179,-4.49710553437952,126981.695312,0.5694185596867638,56208.10599149251,20.587677,0.192351
1372,26.7343491717179,-4.49710553437952,126981.695312,0.5694185596867638,56209.06543478789,19.996119,0.227193
1372,26.7343491717179,-4.49710553437952,126981.695312,0.5694185596867638,56210.063369788695,20.502736,0.153589
1372,26.7343491717179,-4.49710553437952,126981.695312,0.5694185596867638,56210.14718105784,20.702314,0.16672
1372,26.7343491717179,-4.49710553437952,126981.695312,0.5694185596867638,56210.230506264605,20.05574,0.139733
1372,26.7343491717179,-4.49710553437952,126981.695312,0.5694185596867638,56210.29441206902,20.344547,0.176789
1372,26.7343491717179,-4.49710553437952,126981.695312,0.5694185596867638,56211.060645261314,20.583584,0.152137
1372,26.7343491717179,-4.49710553437952,126981.695312,0.5694185596867638,56211.14444496948,20.717498,0.142964
1372,26.7343491717179,-4.49710553437952,126981.695312,0.5694185596867638,56211.22913579643,20.738654,0.141667
1372,26.7343491717179,-4.49710553437952,126981.695312,0.5694185596867638,56214.28581824247,20.316127,0.291614
1372,26.7343491717179,-4.49710553437952,126981.695312,0.5694185596867638,56538.26952181477,20.10482,0.182633
1372,26.7343491717179,-4.49710553437952,126981.695312,0.5694185596867638,56538.39195394283,20.546003,0.172524
1372,26.7343491717179,-4.49710553437952,126981.695312,0.5694185596867638,56546.245902918745,20.142719,0.301639
1372,26.7343491717179,-4.49710553437952,126981.695312,0.5694185596867638,56546.329714954365,20.446746,0.206454
1372,26.7343491717179,-4.49710553437952,126981.695312,0.5694185596867638,56548.24258847209,20.819218,0.194328
1372,26.7343491717179,-4.49710553437952,126981.695312,0.5694185596867638,56548.325509265065,20.476123,0.192898
1372,26.7343491717179,-4.49710553437952,126981.695312,0.5694185596867638,56835.414073355496,20.118746,0.180727
1372,26.7343491717179,-4.49710553437952,126981.695312,0.5694185596867638,56837.36505777575,20.383953,0.218708
1372,26.7343491717179,-4.49710553437952,126981.695312,0.5694185596867638,56837.4072459708,20.713441,0.230874
1372,26.7343491717179,-4.49710553437952,126981.695312,0.5694185596867638,56839.355122091714,20.312353,0.194328
1372,26.7343491717179,-4.49710553437952,126981.695312,0.5694185596867638,56845.330472269095,20.711935,0.177551
1372,26.7343491717179,-4.49710553437952,126981.695312,0.5694185596867638,56845.39282200439,20.733852,0.180507
1372,26.7343491717179,-4.49710553437952,126981.695312,0.5694185596867638,56847.389572586864,19.896773,0.179546
1372,26.7343491717179,-4.49710553437952,126981.695312,0.5694185596867638,56944.126728456,20.72214,0.166727
1372,26.7343491717179,-4.49710553437952,126981.695312,0.5694185596867638,56944.21150033269,20.137882,0.162787
1372,26.7343491717179,-4.49710553437952,126981.695312,0.5694185596867638,56948.10584724601,20.387142,0.183269
1372,26.7343491717179,-4.49710553437952,126981.695312,0.5694185596867638,56948.21259628469,20.081733,0.15287
1372,26.7343491717179,-4.49710553437952,126981.695312,0.5694185596867638,56950.10051808972,20.503178,0.15019
1372,26.7343491717179,-4.49710553437952,126981.695312,0.5694185596867638,56952.095364177134,20.704564,0.169374
1372,26.7343491717179,-4.49710553437952,126981.695312,0.5694185596867638,56952.18179123057,19.868849,0.156739
1372,26.7343491717179,-4.49710553437952,126981.695312,0.5694185596867638,56954.088973835576,20.608106,0.156894
1372,26.7343491717179,-4.49710553437952,126981.695312,0.5694185596867638,56954.1723457044,20.623751,0.210125
1372,26.7343491717179,-4.49710553437952,126981.695312,0.5694185596867638,56956.0836618864,20.907101,0.183999
1372,26.7343491717179,-4.49710553437952,126981.695312,0.5694185596867638,56956.16732317349,19.871311,0.156196
1372,26.7343491717179,-4.49710553437952,126981.695312,0.5694185596867638,56958.07734540431,20.452327,0.278517
1372,26.7343491717179,-4.49710553437952,126981.695312,0.5694185596867638,56971.08694495959,20.551159,0.187447
1372,26.7343491717179,-4.49710553437952,126981.695312,0.5694185596867638,56975.11667538714,20.504561,0.263032
1372,26.7343491717179,-4.49710553437952,126981.695312,0.5694185596867638,56975.1993426932,20.739699,0.18939
1372,26.7343491717179,-4.49710553437952,126981.695312,0.5694185596867638,56977.093899280764,20.639556,0.176565
1372,26.7343491717179,-4.49710553437952,126981.695312,0.5694185596867638,56977.17876567552,20.340702,0.182358
1372,26.7343491717179,-4.49710553437952,126981.695312,0.5694185596867638,56979.103706167545,20.22867,0.124947
1372,26.7343491717179,-4.49710553437952,126981.695312,0.5694185596867638,56979.187589028385,20.447915,0.165115
1372,26.7343491717179,-4.49710553437952,126981.695312,0.5694185596867638,56983.09231758164,20.304912,0.168454
1372,26.7343491717179,-4.49710553437952,126981.695312,0.5694185596867638,56985.08764898311,20.639715,0.180507
1372,26.7343491717179,-4.49710553437952,126981.695312,0.5694185596867638,56985.17066445062,20.088289,0.160036
1372,26.7343491717179,-4.49710553437952,126981.695312,0.5694185596867638,56987.16941522807,20.450821,0.14296
1372,26.7343491717179,-4.49710553437952,126981.695312,0.5694185596867638,56987.2096905089,20.831586,0.191363
1372,26.7343491717179,-4.49710553437952,126981.695312,0.5694185596867638,56989.1602318408,20.263965,0.210666
1404,27.78024386,-15.58652645,157611.59375,0.53622837360308,55469.11462943023,20.777754,0.122529
1404,27.78024386,-15.58652645,157611.59375,0.53622837360308,55470.26417719619,21.16353,0.161707
1404,27.78024386,-15.58652645,157611.59375,0.53622837360308,55478.10427193716,20.972771,0.150912
1404,27.78024386,-15.58652645,157611.59375,0.53622837360308,55478.10684114834,21.258686,0.168688
1404,27.78024386,-15.58652645,157611.59375,0.53622837360308,55478.24909674749,21.438867,0.177355
1404,27.78024386,-15.58652645,157611.59375,0.53622837360308,55478.33947048662,20.920793,0.136926
1404,27.78024386,-15.58652645,157611.59375,0.53622837360308,56180.17431788286,20.941016,0.210637
1404,27.78024386,-15.58652645,157611.59375,0.53622837360308,56180.27889238531,21.131399,0.213207
1404,27.78024386,-15.58652645,157611.59375,0.53622837360308,56180.28146161279,21.140056,0.19927
1404,27.78024386,-15.58652645,157611.59375,0.53622837360308,56180.362785757985,20.693465,0.189391
1404,27.78024386,-15.58652645,157611.59375,0.53622837360308,56181.170217304025,20.968981,0.212762
1404,27.78024386,-15.58652645,157611.59375,0.53622837360308,56181.1728096758,21.05309,0.144759
1404,27.78024386,-15.58652645,157611.59375,0.53622837360308,56181.28564730054,21.038686,0.147822
1404,27.78024386,-15.58652645,157611.59375,0.53622837360308,56181.288204953074,21.336797,0.186429
1404,27.78024386,-15.58652645,157611.59375,0.53622837360308,56182.14008827368,20.899312,0.161805
1404,27.78024386,-15.58652645,157611.59375,0.53622837360308,56182.2228936851,20.868922,0.164123
1404,27.78024386,-15.58652645,157611.59375,0.53622837360308,56182.22546290932,21.108445,0.156894
1404,27.78024386,-15.58652645,157611.59375,0.53622837360308,56182.30576853128,21.112756,0.153426
1404,27.78024386,-15.58652645,157611.59375,0.53622837360308,56266.073259679135,20.873448,0.183468
1404,27.78024386,-15.58652645,157611.59375,0.53622837360308,56270.06313047977,20.870341,0.16672
1404,27.78024386,-15.58652645,157611.59375,0.53622837360308,56571.27548100334,20.635775,0.16672
1404,27.78024386,-15.58652645,157611.59375,0.53622837360308,56575.2445878014,20.811682,0.184455
1404,27.78024386,-15.58652645,157611.59375,0.53622837360308,56577.266882023774,20.638954,0.164753
1404,27.78024386,-15.58652645,157611.59375,0.53622837360308,56619.107923187315,20.721789,0.150029
1404,27.78024386,-15.58652645,157611.59375,0.53622837360308,56623.09695327841,21.082815,0.211141
1404,27.78024386,-15.58652645,157611.59375,0.53622837360308,56625.09163220087,20.732601,0.216685
1404,27.78024386,-15.58652645,157611.59375,0.53622837360308,56627.16074575996,20.671337,0.189026
1404,27.78024386,-15.58652645,157611.59375,0.53622837360308,56629.16279625986,20.993623,0.196304
1404,27.78024386,-15.58652645,157611.59375,0.53622837360308,56631.073849050794,21.019073,0.182482
1404,27.78024386,-15.58652645,157611.59375,0.53622837360308,56631.07502955757,21.020348,0.189391
1404,27.78024386,-15.58652645,157611.59375,0.53622837360308,56635.120336875785,20.261835,0.192354
1404,27.78024386,-15.58652645,157611.59375,0.53622837360308,56635.12401730055,20.298654,0.225009
1404,27.78024386,-15.58652645,157611.59375,0.53622837360308,56951.2008120073,20.871509,0.217082
1404,27.78024386,-15.58652645,157611.59375,0.53622837360308,56951.28445058968,20.846597,0.195316
1404,27.78024386,-15.58652645,157611.59375,0.53622837360308,56953.2430897234,20.778922,0.176567
1404,27.78024386,-15.58652645,157611.59375,0.53622837360308,56972.09166107746,20.813424,0.171641
1404,27.78024386,-15.58652645,157611.59375,0.53622837360308,56972.0928299767,20.823805,0.177658
1404,27.78024386,-15.58652645,157611.59375,0.53622837360308,56974.17040504515,20.584174,0.182482
1404,27.78024386,-15.58652645,157611.59375,0.53622837360308,56976.132135841995,20.484691,0.222702
1404,27.78024386,-15.58652645,157611.59375,0.53622837360308,56976.21542891301,20.40631,0.210823
1534,31.7763321381963,-1.55397723611299,130032.875,1.0342961109207063,55470.13074014848,21.128145,0.090658
1534,31.7763321381963,-1.55397723611299,130032.875,1.0342961109207063,55470.21560466569,21.059228,0.132987
1534,31.7763321381963,-1.55397723611299,130032.875,1.0342961109207063,55478.15677672066,20.943389,0.137403
1534,31.7763321381963,-1.55397723611299,130032.875,1.0342961109207063,55478.27617474832,20.872885,0.155336
1534,31.7763321381963,-1.55397723611299,130032.875,1.0342961109207063,55478.36605020426,20.839903,0.192908
1534,31.7763321381963,-1.55397723611299,130032.875,1.0342961109207063,56097.39590625744,20.422544,0.163794
1534,31.7763321381963,-1.55397723611299,130032.875,1.0342961109207063,56134.31866302248,20.178251,0.175979
1534,31.7763321381963,-1.55397723611299,130032.875,1.0342961109207063,56158.389215137344,20.073379,0.111014
1534,31.7763321381963,-1.55397723611299,130032.875,1.0342961109207063,56160.30563035328,20.141332,0.242397
1534,31.7763321381963,-1.55397723611299,130032.875,1.0342961109207063,56164.338860997,20.099813,0.190665
1534,31.7763321381963,-1.55397723611299,130032.875,1.0342961109207063,56182.1593733062,20.027642,0.223383
1534,31.7763321381963,-1.55397723611299,130032.875,1.0342961109207063,56184.152686126996,19.811771,0.08792
1534,31.7763321381963,-1.55397723611299,130032.875,1.0342961109207063,56208.11952731153,20.330628,0.168353
1534,31.7763321381963,-1.55397723611299,130032.875,1.0342961109207063,56210.081915989984,20.596895,0.144586
1534,31.7763321381963,-1.55397723611299,130032.875,1.0342961109207063,56210.249017655384,20.872664,0.122763
1534,31.7763321381963,-1.55397723611299,130032.875,1.0342961109207063,56211.16419407772,20.704318,0.135174
1534,31.7763321381963,-1.55397723611299,130032.875,1.0342961109207063,56211.24772754824,20.736316,0.138777
1534,31.7763321381963,-1.55397723611299,130032.875,1.0342961109207063,56215.067688613664,19.906801,0.24771
1534,31.7763321381963,-1.55397723611299,130032.875,1.0342961109207063,56244.031644260045,20.373914,0.174337
1534,31.7763321381963,-1.55397723611299,130032.875,1.0342961109207063,56270.13048958173,20.720789,0.2102
1534,31.7763321381963,-1.55397723611299,130032.875,1.0342961109207063,56292.04087575246,20.229632,0.135371
1534,31.7763321381963,-1.55397723611299,130032.875,1.0342961109207063,56300.04180847714,20.269685,0.20297
1534,31.7763321381963,-1.55397723611299,130032.875,1.0342961109207063,56302.04206658574,19.929539,0.189815
1534,31.7763321381963,-1.55397723611299,130032.875,1.0342961109207063,56306.05120186927,19.979635,0.165961
1534,31.7763321381963,-1.55397723611299,130032.875,1.0342961109207063,56308.04563451698,20.155593,0.156764
1534,31.7763321381963,-1.55397723611299,130032.875,1.0342961109207063,56489.32188948104,20.197152,0.216023
1534,31.7763321381963,-1.55397723611299,130032.875,1.0342961109207063,56546.288311756216,20.341374,0.094702
1534,31.7763321381963,-1.55397723611299,130032.875,1.0342961109207063,56623.08154567983,20.676659,0.251657
1534,31.7763321381963,-1.55397723611299,130032.875,1.0342961109207063,56625.07613407122,20.357383,0.157029
1534,31.7763321381963,-1.55397723611299,130032.875,1.0342961109207063,56627.06284599146,20.421761,0.203247
1534,31.7763321381963,-1.55397723611299,130032.875,1.0342961109207063,56627.146417091135,20.623289,0.147053
1534,31.7763321381963,-1.55397723611299,130032.875,1.0342961109207063,56629.06290708389,20.404265,0.12509
1534,31.7763321381963,-1.55397723611299,130032.875,1.0342961109207063,56629.14723067079,20.527677,0.1703
1534,31.7763321381963,-1.55397723611299,130032.875,1.0342961109207063,56920.142142562196,20.935776,0.163552
1534,31.7763321381963,-1.55397723611299,130032.875,1.0342961109207063,56925.13030537544,20.939633,0.089428
1534,31.7763321381963,-1.55397723611299,130032.875,1.0342961109207063,56952.18470747303,20.719765,0.217106
1534,31.7763321381963,-1.55397723611299,130032.875,1.0342961109207063,56956.08780513704,20.566766,0.20019
1534,31.7763321381963,-1.55397723611299,130032.875,1.0342961109207063,57305.14594354993,20.213322,0.307971
1534,31.7763321381963,-1.55397723611299,130032.875,1.0342961109207063,57330.26442921208,20.387895,0.235494
1558,32.5195374,7.85661991,124837.171875,0.6484092284956255,55449.39624306746,20.15218,0.25117
1558,32.5195374,7.85661991,124837.171875,0.6484092284956255,55449.39741195459,20.012456,0.117274
1558,32.5195374,7.85661991,124837.171875,0.6484092284956255,55449.406832488254,20.155854,0.109585
1558,32.5195374,7.85661991,124837.171875,0.6484092284956255,55449.40800137492,20.250748,0.125827
1558,32.5195374,7.85661991,124837.171875,0.6484092284956255,55451.40477056336,20.137805,0.120783
1558,32.5195374,7.85661991,124837.171875,0.6484092284956255,55451.41067285137,20.224173,0.170263
1558,32.5195374,7.85661991,124837.171875,0.6484092284956255,55453.329250227194,20.138819,0.114306
1558,32.5195374,7.85661991,124837.171875,0.6484092284956255,55453.37587821344,20.311467,0.129034
1558,32.5195374,7.85661991,124837.171875,0.6484092284956255,55454.360597376246,20.721834,0.175974
1558,32.5195374,7.85661991,124837.171875,0.6484092284956255,55454.386347480584,20.743646,0.186034
1558,32.5195374,7.85661991,124837.171875,0.6484092284956255,55486.263282685075,19.955544,0.135463
1558,32.5195374,7.85661991,124837.171875,0.6484092284956255,55514.021860932466,20.821754,0.189982
1558,32.5195374,7.85661991,124837.171875,0.6484092284956255,55514.23571941303,20.155237,0.103228
1558,32.5195374,7.85661991,124837.171875,0.6484092284956255,55516.10743124271,20.13094,0.212329
1558,32.5195374,7.85661991,124837.171875,0.6484092284956255,56210.27974495152,20.493111,0.184454
1558,32.5195374,7.85661991,124837.171875,0.6484092284956255,56215.18139406573,20.142376,0.115647
1558,32.5195374,7.85661991,124837.171875,0.6484092284956255,56215.265193510335,20.358796,0.098671
1558,32.5195374,7.85661991,124837.171875,0.6484092284956255,56567.22444565408,19.983662,0.161452
1558,32.5195374,7.85661991,124837.171875,0.6484092284956255,56567.30809489731,20.599645,0.157876
1558,32.5195374,7.85661991,124837.171875,0.6484092284956255,56569.21878726408,20.134453,0.119702
1558,32.5195374,7.85661991,124837.171875,0.6484092284956255,56569.30186936725,20.574952,0.151008
1558,32.5195374,7.85661991,124837.171875,0.6484092284956255,56571.21405327134,20.237666,0.146113
1558,32.5195374,7.85661991,124837.171875,0.6484092284956255,56571.297494081315,20.591267,0.17558
1558,32.5195374,7.85661991,124837.171875,0.6484092284956255,56575.19584438484,20.644873,0.147091
1558,32.5195374,7.85661991,124837.171875,0.6484092284956255,56575.27906522993,20.295402,0.167613
1558,32.5195374,7.85661991,124837.171875,0.6484092284956255,56577.279975919984,20.680737,0.168688
1558,32.5195374,7.85661991,124837.171875,0.6484092284956255,56617.082202898804,20.273119,0.215985
1558,32.5195374,7.85661991,124837.171875,0.6484092284956255,56619.07725079777,20.018409,0.093428
1558,32.5195374,7.85661991,124837.171875,0.6484092284956255,56623.066260018386,20.271193,0.114981
1558,32.5195374,7.85661991,124837.171875,0.6484092284956255,56623.149390366394,20.27084,0.165538
1558,32.5195374,7.85661991,124837.171875,0.6484092284956255,56627.046364629176,20.421059,0.124895
1558,32.5195374,7.85661991,124837.171875,0.6484092284956255,56627.12994673103,20.690203,0.142199
1558,32.5195374,7.85661991,124837.171875,0.6484092284956255,56629.046342521906,20.391,0.127575
1558,32.5195374,7.85661991,124837.171875,0.6484092284956255,56629.13074653782,20.638082,0.170657
1558,32.5195374,7.85661991,124837.171875,0.6484092284956255,56944.11578907864,20.34545,0.125634
1558,32.5195374,7.85661991,124837.171875,0.6484092284956255,56944.20056064939,20.600527,0.181495
1558,32.5195374,7.85661991,124837.171875,0.6484092284956255,56948.09616420418,20.485071,0.178875
1558,32.5195374,7.85661991,124837.171875,0.6484092284956255,56950.090801774524,20.532268,0.2151
1558,32.5195374,7.85661991,124837.171875,0.6484092284956255,56952.17085953057,20.891601,0.182483
1558,32.5195374,7.85661991,124837.171875,0.6484092284956255,56956.07387359394,20.851415,0.187415
1558,32.5195374,7.85661991,124837.171875,0.6484092284956255,56958.15204803599,20.262653,0.133414
1558,32.5195374,7.85661991,124837.171875,0.6484092284956255,56971.06807478471,20.918793,0.192353
1558,32.5195374,7.85661991,124837.171875,0.6484092284956255,56971.15427061822,20.148534,0.172625
1558,32.5195374,7.85661991,124837.171875,0.6484092284956255,56973.07106462866,20.038913,0.139116
1558,32.5195374,7.85661991,124837.171875,0.6484092284956255,56973.15575609822,20.403656,0.204089
1558,32.5195374,7.85661991,124837.171875,0.6484092284956255,56975.10206440417,20.376787,0.128549
1558,32.5195374,7.85661991,124837.171875,0.6484092284956255,56975.185332527384,20.474914,0.157149
1558,32.5195374,7.85661991,124837.171875,0.6484092284956255,56977.07773677772,20.13707,0.186467
1558,32.5195374,7.85661991,124837.171875,0.6484092284956255,56979.0914186798,20.463435,0.132441
1558,32.5195374,7.85661991,124837.171875,0.6484092284956255,56979.17489541648,20.523537,0.136339
1558,32.5195374,7.85661991,124837.171875,0.6484092284956255,56983.079966295045,20.744793,0.186429
1558,32.5195374,7.85661991,124837.171875,0.6484092284956255,56983.16300358297,20.856237,0.197294
1558,32.5195374,7.85661991,124837.171875,0.6484092284956255,56985.07398582203,20.435831,0.144155
1558,32.5195374,7.85661991,124837.171875,0.6484092284956255,56987.18883378012,20.687763,0.183468
1558,32.5195374,7.85661991,124837.171875,0.6484092284956255,56987.194770828355,20.712824,0.170657
1558,32.5195374,7.85661991,124837.171875,0.6484092284956255,57312.266227301676,20.184458,0.204215
1558,32.5195374,7.85661991,124837.171875,0.6484092284956255,57312.2674308843,20.105703,0.176567
1568,32.8979654159519,-3.79158381194407,121022.53125,0.3720587815837915,55478.1516704862,19.990859,0.070414
1568,32.8979654159519,-3.79158381194407,121022.53125,0.3720587815837915,55478.27106865449,20.195367,0.094671
1568,32.8979654159519,-3.79158381194407,121022.53125,0.3720587815837915,55478.360944215674,20.767675,0.142102
1568,32.8979654159519,-3.79158381194407,121022.53125,0.3720587815837915,55825.1361575732,20.568773,0.107748
1568,32.8979654159519,-3.79158381194407,121022.53125,0.3720587815837915,55825.14236071892,20.62558,0.186429
1568,32.8979654159519,-3.79158381194407,121022.53125,0.3720587815837915,55826.132745856885,19.90843,0.126338
1568,32.8979654159519,-3.79158381194407,121022.53125,0.3720587815837915,55826.13509518141,19.968708,0.109628
1568,32.8979654159519,-3.79158381194407,121022.53125,0.3720587815837915,55830.12146569695,20.120268,0.104141
1568,32.8979654159519,-3.79158381194407,121022.53125,0.3720587815837915,55830.123803443275,20.273416,0.169055
1568,32.8979654159519,-3.79158381194407,121022.53125,0.3720587815837915,55830.12616433529,19.936731,0.169276
1568,32.8979654159519,-3.79158381194407,121022.53125,0.3720587815837915,56098.41704705963,19.701153,0.090489
1568,32.8979654159519,-3.79158381194407,121022.53125,0.3720587815837915,56098.41938511515,20.09587,0.140032
1568,32.8979654159519,-3.79158381194407,121022.53125,0.3720587815837915,56101.383222713135,19.773211,0.12775
1568,32.8979654159519,-3.79158381194407,121022.53125,0.3720587815837915,56101.38557233289,19.840616,0.095373
1568,32.8979654159519,-3.79158381194407,121022.53125,0.3720587815837915,56124.39893028978,20.026604,0.238067
1568,32.8979654159519,-3.79158381194407,121022.53125,0.3720587815837915,56124.40127982106,19.903664,0.105806
1568,32.8979654159519,-3.79158381194407,121022.53125,0.3720587815837915,56126.32470961381,20.062304,0.140045
1568,32.8979654159519,-3.79158381194407,121022.53125,0.3720587815837915,56126.32704756409,19.847288,0.120424
1568,32.8979654159519,-3.79158381194407,121022.53125,0.3720587815837915,56136.28856348246,19.9614,0.05227
1568,32.8979654159519,-3.79158381194407,121022.53125,0.3720587815837915,56158.38917665323,20.086611,0.262598
1568,32.8979654159519,-3.79158381194407,121022.53125,0.3720587815837915,56160.30324444827,20.701541,0.117867
1568,32.8979654159519,-3.79158381194407,121022.53125,0.3720587815837915,56160.305593846366,20.438502,0.094639
1568,32.8979654159519,-3.79158381194407,121022.53125,0.3720587815837915,56164.33882878488,20.388277,0.213718
1568,32.8979654159519,-3.79158381194407,121022.53125,0.3720587815837915,56182.15936172893,20.312429,0.167572
1568,32.8979654159519,-3.79158381194407,121022.53125,0.3720587815837915,56182.16172264237,20.076557,0.224662
1568,32.8979654159519,-3.79158381194407,121022.53125,0.3720587815837915,56186.1489979974,20.207509,0.280583
1568,32.8979654159519,-3.79158381194407,121022.53125,0.3720587815837915,56186.15133575769,20.294772,0.26616
1568,32.8979654159519,-3.79158381194407,121022.53125,0.3720587815837915,56192.13124316046,20.051297,0.10177
1568,32.8979654159519,-3.79158381194407,121022.53125,0.3720587815837915,56211.07666818565,19.870324,0.147881
1568,32.8979654159519,-3.79158381194407,121022.53125,0.3720587815837915,56211.079017494805,20.266267,0.221338
1568,32.8979654159519,-3.79158381194407,121022.53125,0.3720587815837915,56217.061898740474,20.196433,0.160516
1568,32.8979654159519,-3.79158381194407,121022.53125,0.3720587815837915,56217.06425962364,20.176825,0.276026
1568,32.8979654159519,-3.79158381194407,121022.53125,0.3720587815837915,56242.02352179587,20.331198,0.173033
1568,32.8979654159519,-3.79158381194407,121022.53125,0.3720587815837915,56242.025871136226,20.126668,0.191779
1568,32.8979654159519,-3.79158381194407,121022.53125,0.3720587815837915,56244.03169985162,20.558923,0.289942
1568,32.8979654159519,-3.79158381194407,121022.53125,0.3720587815837915,56244.03403762262,20.447308,0.105474
1568,32.8979654159519,-3.79158381194407,121022.53125,0.3720587815837915,56246.01967481198,20.443313,0.090688
1568,32.8979654159519,-3.79158381194407,121022.53125,0.3720587815837915,56246.02201258764,20.281791,0.229501
1568,32.8979654159519,-3.79158381194407,121022.53125,0.3720587815837915,56248.0243882942,20.033322,0.197985
1568,32.8979654159519,-3.79158381194407,121022.53125,0.3720587815837915,56250.025460184086,20.550866,0.240573
1568,32.8979654159519,-3.79158381194407,121022.53125,0.3720587815837915,56252.0261079818,20.186992,0.149897
1568,32.8979654159519,-3.79158381194407,121022.53125,0.3720587815837915,56262.03206456173,20.206964,0.120502
1568,32.8979654159519,-3.79158381194407,121022.53125,0.3720587815837915,56264.03128211945,20.007427,0.152858
1568,32.8979654159519,-3.79158381194407,121022.53125,0.3720587815837915,56264.03363151569,20.213205,0.116397
1568,32.8979654159519,-3.79158381194407,121022.53125,0.3720587815837915,56266.03397688735,20.631775,0.173768
1568,32.8979654159519,-3.79158381194407,121022.53125,0.3720587815837915,56268.03785748873,20.134498,0.244872
1568,32.8979654159519,-3.79158381194407,121022.53125,0.3720587815837915,56270.0368711371,20.205534,0.2132
1568,32.8979654159519,-3.79158381194407,121022.53125,0.3720587815837915,56272.036874106154,20.514894,0.151247
1568,32.8979654159519,-3.79158381194407,121022.53125,0.3720587815837915,56276.03916561743,20.312997,0.213792
1568,32.8979654159519,-3.79158381194407,121022.53125,0.3720587815837915,56280.08287954703,19.90532,0.127796
1568,32.8979654159519,-3.79158381194407,121022.53125,0.3720587815837915,56290.043555432,20.065981,0.148267
1568,32.8979654159519,-3.79158381194407,121022.53125,0.3720587815837915,56291.04325645231,20.16028,0.175233
1568,32.8979654159519,-3.79158381194407,121022.53125,0.3720587815837915,56292.04328312259,20.526946,0.091624
1568,32.8979654159519,-3.79158381194407,121022.53125,0.3720587815837915,56296.041796954814,20.580325,0.14098
1568,32.8979654159519,-3.79158381194407,121022.53125,0.3720587815837915,56296.044158036355,20.260457,0.111608
1568,32.8979654159519,-3.79158381194407,121022.53125,0.3720587815837915,56298.04419422429,20.517641,0.11993
1568,32.8979654159519,-3.79158381194407,121022.53125,0.3720587815837915,56300.04187573958,20.004635,0.155896
1568,32.8979654159519,-3.79158381194407,121022.53125,0.3720587815837915,56300.04422526248,19.992493,0.063425
1568,32.8979654159519,-3.79158381194407,121022.53125,0.3720587815837915,56302.04213310592,20.285513,0.176913
1568,32.8979654159519,-3.79158381194407,121022.53125,0.3720587815837915,56302.044482636265,20.527127,0.090137
1568,32.8979654159519,-3.79158381194407,121022.53125,0.3720587815837915,56304.04127421277,20.659918,0.099262
1568,32.8979654159519,-3.79158381194407,121022.53125,0.3720587815837915,56304.04363532504,20.336986,0.172605
1568,32.8979654159519,-3.79158381194407,121022.53125,0.3720587815837915,56306.05126667349,20.292957,0.18401
1568,32.8979654159519,-3.79158381194407,121022.53125,0.3720587815837915,56306.0536162192,20.151065,0.123036
1568,32.8979654159519,-3.79158381194407,121022.53125,0.3720587815837915,56308.04804790998,20.534367,0.126529
1568,32.8979654159519,-3.79158381194407,121022.53125,0.3720587815837915,56458.411263053305,20.629324,0.09729
1568,32.8979654159519,-3.79158381194407,121022.53125,0.3720587815837915,56460.400752418675,20.23034,0.199569
1568,32.8979654159519,-3.79158381194407,121022.53125,0.3720587815837915,56460.40587996133,20.125805,0.122977
1568,32.8979654159519,-3.79158381194407,121022.53125,0.3720587815837915,56485.33305721078,20.137652,0.160309
1568,32.8979654159519,-3.79158381194407,121022.53125,0.3720587815837915,56485.33817297593,19.820213,0.087421
1568,32.8979654159519,-3.79158381194407,121022.53125,0.3720587815837915,56487.32866545953,20.322415,0.195529
1568,32.8979654159519,-3.79158381194407,121022.53125,0.3720587815837915,56487.3338043564,20.209347,0.155862
1568,32.8979654159519,-3.79158381194407,121022.53125,0.3720587815837915,56488.324649950955,20.044715,0.144512
1568,32.8979654159519,-3.79158381194407,121022.53125,0.3720587815837915,56488.32977726497,20.073288,0.103055
1568,32.8979654159519,-3.79158381194407,121022.53125,0.3720587815837915,56489.321824904066,20.397877,0.208536
1568,32.8979654159519,-3.79158381194407,121022.53125,0.3720587815837915,56489.32694063522,20.690988,0.183046
1568,32.8979654159519,-3.79158381194407,121022.53125,0.3720587815837915,56490.31916022347,20.464942,0.247015
1568,32.8979654159519,-3.79158381194407,121022.53125,0.3720587815837915,56490.32428751979,20.620246,0.134916
1568,32.8979654159519,-3.79158381194407,121022.53125,0.3720587815837915,56491.31532489462,20.094531,0.109034
1568,32.8979654159519,-3.79158381194407,121022.53125,0.3720587815837915,56491.32047533104,19.892679,0.165508
1568,32.8979654159519,-3.79158381194407,121022.53125,0.3720587815837915,56505.277416071855,20.699816,0.205848
1568,32.8979654159519,-3.79158381194407,121022.53125,0.3720587815837915,56505.28254324105,20.497056,0.237696
1568,32.8979654159519,-3.79158381194407,121022.53125,0.3720587815837915,56506.27413464198,20.299674,0.14719
1568,32.8979654159519,-3.79158381194407,121022.53125,0.3720587815837915,56506.279261803254,20.108421,0.098343
1568,32.8979654159519,-3.79158381194407,121022.53125,0.3720587815837915,56508.27046039561,20.489725,0.228558
1568,32.8979654159519,-3.79158381194407,121022.53125,0.3720587815837915,56508.275599113666,20.566526,0.173474
1568,32.8979654159519,-3.79158381194407,121022.53125,0.3720587815837915,56509.28785632085,20.432942,0.103887
1568,32.8979654159519,-3.79158381194407,121022.53125,0.3720587815837915,56509.292971883435,20.385917,0.19671
1568,32.8979654159519,-3.79158381194407,121022.53125,0.3720587815837915,56510.26449977234,20.140512,0.141305
1568,32.8979654159519,-3.79158381194407,121022.53125,0.3720587815837915,56510.26961532654,20.167406,0.16444
1568,32.8979654159519,-3.79158381194407,121022.53125,0.3720587815837915,56511.26151131699,20.345247,0.073035
1568,32.8979654159519,-3.79158381194407,121022.53125,0.3720587815837915,56511.266638437286,20.676054,0.180099
1568,32.8979654159519,-3.79158381194407,121022.53125,0.3720587815837915,56514.251876965165,20.608989,0.224036
1568,32.8979654159519,-3.79158381194407,121022.53125,0.3720587815837915,56514.2569924877,20.548983,0.176659
1568,32.8979654159519,-3.79158381194407,121022.53125,0.3720587815837915,56515.251208640635,20.207055,0.070519
1568,32.8979654159519,-3.79158381194407,121022.53125,0.3720587815837915,56515.25633572927,20.446082,0.190793
1568,32.8979654159519,-3.79158381194407,121022.53125,0.3720587815837915,56516.24637232348,20.109488,0.143662
1568,32.8979654159519,-3.79158381194407,121022.53125,0.3720587815837915,56516.2514994042,20.06968,0.214007
1568,32.8979654159519,-3.79158381194407,121022.53125,0.3720587815837915,56517.24440475041,20.282471,0.198133
1568,32.8979654159519,-3.79158381194407,121022.53125,0.3720587815837915,56517.249520250596,20.284219,0.325312
1568,32.8979654159519,-3.79158381194407,121022.53125,0.3720587815837915,56518.24027144397,20.67097,0.158868
1568,32.8979654159519,-3.79158381194407,121022.53125,0.3720587815837915,56518.245386936236,20.358002,0.088219
1568,32.8979654159519,-3.79158381194407,121022.53125,0.3720587815837915,56519.238914309535,20.290369,0.190197
1568,32.8979654159519,-3.79158381194407,121022.53125,0.3720587815837915,56519.244041367434,20.237739,0.152179
1568,32.8979654159519,-3.79158381194407,121022.53125,0.3720587815837915,56520.240518523846,20.092421,0.213483
1568,32.8979654159519,-3.79158381194407,121022.53125,0.3720587815837915,56532.20883036684,20.158941,0.182416
1568,32.8979654159519,-3.79158381194407,121022.53125,0.3720587815837915,56532.213980481494,20.146413,0.170947
1568,32.8979654159519,-3.79158381194407,121022.53125,0.3720587815837915,56533.19916784018,20.394654,0.113677
1568,32.8979654159519,-3.79158381194407,121022.53125,0.3720587815837915,56533.20429480169,20.662505,0.190585
1568,32.8979654159519,-3.79158381194407,121022.53125,0.3720587815837915,56534.197466533165,20.222987,0.183669
1568,32.8979654159519,-3.79158381194407,121022.53125,0.3720587815837915,56534.20261663478,20.523609,0.133433
1568,32.8979654159519,-3.79158381194407,121022.53125,0.3720587815837915,56538.191598722246,20.071201,0.163318
1568,32.8979654159519,-3.79158381194407,121022.53125,0.3720587815837915,56540.18093887763,20.40716,0.176344
1568,32.8979654159519,-3.79158381194407,121022.53125,0.3720587815837915,56540.186065798625,20.396992,0.145096
1568,32.8979654159519,-3.79158381194407,121022.53125,0.3720587815837915,56541.18273646943,19.957883,0.063383
1568,32.8979654159519,-3.79158381194407,121022.53125,0.3720587815837915,56543.1722440836,20.332469,0.140801
1568,32.8979654159519,-3.79158381194407,121022.53125,0.3720587815837915,56543.17737098923,20.47949,0.1411
1568,32.8979654159519,-3.79158381194407,121022.53125,0.3720587815837915,56545.16503462102,20.376998,0.130253
1568,32.8979654159519,-3.79158381194407,121022.53125,0.3720587815837915,56545.17014994426,20.082003,0.232207
1568,32.8979654159519,-3.79158381194407,121022.53125,0.3720587815837915,56546.16785737034,20.837236,0.218882
1568,32.8979654159519,-3.79158381194407,121022.53125,0.3720587815837915,56547.1593144238,20.072131,0.12118
1568,32.8979654159519,-3.79158381194407,121022.53125,0.3720587815837915,56548.15681177564,19.982303,0.148227
1568,32.8979654159519,-3.79158381194407,121022.53125,0.3720587815837915,56548.161950231064,20.389798,0.103133
1568,32.8979654159519,-3.79158381194407,121022.53125,0.3720587815837915,56559.13021630235,20.616274,0.126523
1568,32.8979654159519,-3.79158381194407,121022.53125,0.3720587815837915,56560.12395561347,20.145664,0.153424
1568,32.8979654159519,-3.79158381194407,121022.53125,0.3720587815837915,56560.12907088036,20.061237,0.130273
1568,32.8979654159519,-3.79158381194407,121022.53125,0.3720587815837915,56561.12146721175,20.276661,0.196609
1568,32.8979654159519,-3.79158381194407,121022.53125,0.3720587815837915,56561.12658247631,20.366285,0.136598
1568,32.8979654159519,-3.79158381194407,121022.53125,0.3720587815837915,56562.117010918446,20.266925,0.225866
1568,32.8979654159519,-3.79158381194407,121022.53125,0.3720587815837915,56562.122126181144,20.412107,0.131026
1568,32.8979654159519,-3.79158381194407,121022.53125,0.3720587815837915,56563.11551685957,19.86642,0.077256
1568,32.8979654159519,-3.79158381194407,121022.53125,0.3720587815837915,56563.12063211948,20.058809,0.134505
1568,32.8979654159519,-3.79158381194407,121022.53125,0.3720587815837915,56564.112587329,20.530214,0.144432
1568,32.8979654159519,-3.79158381194407,121022.53125,0.3720587815837915,56564.117714159656,20.48278,0.163799
1568,32.8979654159519,-3.79158381194407,121022.53125,0.3720587815837915,56565.11005088873,20.537658,0.137221
1568,32.8979654159519,-3.79158381194407,121022.53125,0.3720587815837915,56565.11516614538,20.457816,0.175822
1568,32.8979654159519,-3.79158381194407,121022.53125,0.3720587815837915,56568.16620658059,20.504069,0.159402
1568,32.8979654159519,-3.79158381194407,121022.53125,0.3720587815837915,56569.10089711333,20.151292,0.15136
1568,32.8979654159519,-3.79158381194407,121022.53125,0.3720587815837915,56569.10602393653,20.182498,0.16444
1568,32.8979654159519,-3.79158381194407,121022.53125,0.3720587815837915,56570.09947018372,20.647276,0.193838
1568,32.8979654159519,-3.79158381194407,121022.53125,0.3720587815837915,56571.099362361245,20.604609,0.149424
1568,32.8979654159519,-3.79158381194407,121022.53125,0.3720587815837915,56571.10448918259,20.330858,0.097432
1568,32.8979654159519,-3.79158381194407,121022.53125,0.3720587815837915,56572.088618811686,20.183679,0.236066
1568,32.8979654159519,-3.79158381194407,121022.53125,0.3720587815837915,56572.09374563163,20.31252,0.157148
1568,32.8979654159519,-3.79158381194407,121022.53125,0.3720587815837915,56573.08518922143,20.20794,0.153198
1568,32.8979654159519,-3.79158381194407,121022.53125,0.3720587815837915,56573.09031604044,20.123173,0.146332
1568,32.8979654159519,-3.79158381194407,121022.53125,0.3720587815837915,56575.07983418694,20.194504,0.218378
1568,32.8979654159519,-3.79158381194407,121022.53125,0.3720587815837915,56575.08497257857,20.545056,0.251228
1568,32.8979654159519,-3.79158381194407,121022.53125,0.3720587815837915,56576.07757318439,20.114957,0.137817
1568,32.8979654159519,-3.79158381194407,121022.53125,0.3720587815837915,56576.08268842939,20.33542,0.140204
1568,32.8979654159519,-3.79158381194407,121022.53125,0.3720587815837915,56578.07155818399,20.146299,0.085059
1568,32.8979654159519,-3.79158381194407,121022.53125,0.3720587815837915,56578.07669657469,19.995943,0.280036
1568,32.8979654159519,-3.79158381194407,121022.53125,0.3720587815837915,56579.06908884086,20.182203,0.03354
1568,32.8979654159519,-3.79158381194407,121022.53125,0.3720587815837915,56579.07421565894,20.088653,0.262895
1568,32.8979654159519,-3.79158381194407,121022.53125,0.3720587815837915,56590.041796716396,20.305666,0.157468
1568,32.8979654159519,-3.79158381194407,121022.53125,0.3720587815837915,56590.04835859593,20.32532,0.251113
1568,32.8979654159519,-3.79158381194407,121022.53125,0.3720587815837915,56591.05049780663,19.893314,0.101627
1568,32.8979654159519,-3.79158381194407,121022.53125,0.3720587815837915,56591.05562463822,20.225983,0.125421
1568,32.8979654159519,-3.79158381194407,121022.53125,0.3720587815837915,56592.06327300146,20.10513,0.12166
1568,32.8979654159519,-3.79158381194407,121022.53125,0.3720587815837915,56592.06841140846,20.168927,0.179838
1568,32.8979654159519,-3.79158381194407,121022.53125,0.3720587815837915,56593.040646855254,20.333604,0.120318
1568,32.8979654159519,-3.79158381194407,121022.53125,0.3720587815837915,56593.04578526458,20.698817,0.1833
1568,32.8979654159519,-3.79158381194407,121022.53125,0.3720587815837915,56594.02650416223,20.001662,0.105767
1568,32.8979654159519,-3.79158381194407,121022.53125,0.3720587815837915,56594.03163100127,20.264883,0.125415
1568,32.8979654159519,-3.79158381194407,121022.53125,0.3720587815837915,56595.04204670945,19.96721,0.157295
1568,32.8979654159519,-3.79158381194407,121022.53125,0.3720587815837915,56601.01716512628,20.1783,0.137526
1568,32.8979654159519,-3.79158381194407,121022.53125,0.3720587815837915,56601.02230355935,20.10513,0.131667
1568,32.8979654159519,-3.79158381194407,121022.53125,0.3720587815837915,56602.035396929365,20.424522,0.29209
1568,32.8979654159519,-3.79158381194407,121022.53125,0.3720587815837915,56602.04052379308,20.37028,0.144512
1568,32.8979654159519,-3.79158381194407,121022.53125,0.3720587815837915,56603.01867881697,20.210663,0.192416
1568,32.8979654159519,-3.79158381194407,121022.53125,0.3720587815837915,56603.023805683944,20.206056,0.142161
1568,32.8979654159519,-3.79158381194407,121022.53125,0.3720587815837915,56604.030107128434,20.110532,0.213825
1568,32.8979654159519,-3.79158381194407,121022.53125,0.3720587815837915,56604.03523400007,20.103246,0.154017
1568,32.8979654159519,-3.79158381194407,121022.53125,0.3720587815837915,56605.01973253209,20.703288,0.181733
1568,32.8979654159519,-3.79158381194407,121022.53125,0.3720587815837915,56605.02485940745,20.311499,0.174411
1568,32.8979654159519,-3.79158381194407,121022.53125,0.3720587815837915,56616.03160717711,20.307595,0.132137
1568,32.8979654159519,-3.79158381194407,121022.53125,0.3720587815837915,56616.03672253061,20.29829,0.153704
1568,32.8979654159519,-3.79158381194407,121022.53125,0.3720587815837915,56617.02632405795,20.063825,0.181773
1568,32.8979654159519,-3.79158381194407,121022.53125,0.3720587815837915,56617.0314625632,20.17131,0.112236
1568,32.8979654159519,-3.79158381194407,121022.53125,0.3720587815837915,56618.0328582502,20.431285,0.133208
1568,32.8979654159519,-3.79158381194407,121022.53125,0.3720587815837915,56618.037996761035,20.366535,0.205271
1568,32.8979654159519,-3.79158381194407,121022.53125,0.3720587815837915,56620.03421782795,19.950302,0.149138
1568,32.8979654159519,-3.79158381194407,121022.53125,0.3720587815837915,56620.03934477689,20.105947,0.119897
1568,32.8979654159519,-3.79158381194407,121022.53125,0.3720587815837915,56621.034309065435,20.485935,0.162391
1568,32.8979654159519,-3.79158381194407,121022.53125,0.3720587815837915,56622.032977941446,20.221012,0.106288
1568,32.8979654159519,-3.79158381194407,121022.53125,0.3720587815837915,56622.03811647557,20.456794,0.18391
1568,32.8979654159519,-3.79158381194407,121022.53125,0.3720587815837915,56623.03022447042,19.993787,0.112177
1568,32.8979654159519,-3.79158381194407,121022.53125,0.3720587815837915,56623.03535143752,20.236786,0.226028
1568,32.8979654159519,-3.79158381194407,121022.53125,0.3720587815837915,56624.08110286947,20.010422,0.103764
1568,32.8979654159519,-3.79158381194407,121022.53125,0.3720587815837915,56624.08621826954,20.008516,0.216112
1568,32.8979654159519,-3.79158381194407,121022.53125,0.3720587815837915,56625.03195442632,20.416987,0.131059
1568,32.8979654159519,-3.79158381194407,121022.53125,0.3720587815837915,56625.03706983244,20.405412,0.132507
1568,32.8979654159519,-3.79158381194407,121022.53125,0.3720587815837915,56626.032051616814,20.09932,0.202631
1568,32.8979654159519,-3.79158381194407,121022.53125,0.3720587815837915,56626.037178602535,19.993492,0.10264
1568,32.8979654159519,-3.79158381194407,121022.53125,0.3720587815837915,56631.03443152923,20.472,0.116016
1568,32.8979654159519,-3.79158381194407,121022.53125,0.3720587815837915,56631.03954697447,20.63552,0.133817
1568,32.8979654159519,-3.79158381194407,121022.53125,0.3720587815837915,56632.035034121014,20.293569,0.176498
1568,32.8979654159519,-3.79158381194407,121022.53125,0.3720587815837915,56632.04016114632,20.386756,0.126536
1568,32.8979654159519,-3.79158381194407,121022.53125,0.3720587815837915,56635.036468101665,20.165795,0.208852
1568,32.8979654159519,-3.79158381194407,121022.53125,0.3720587815837915,56635.04158357438,20.224031,0.076637
1568,32.8979654159519,-3.79158381194407,121022.53125,0.3720587815837915,56636.03661321895,19.965962,0.196052
1568,32.8979654159519,-3.79158381194407,121022.53125,0.3720587815837915,56636.04172869865,20.174124,0.116633
1568,32.8979654159519,-3.79158381194407,121022.53125,0.3720587815837915,56645.04080763133,19.968436,0.130312
1568,32.8979654159519,-3.79158381194407,121022.53125,0.3720587815837915,56645.04593475256,20.134316,0.14183
1568,32.8979654159519,-3.79158381194407,121022.53125,0.3720587815837915,56647.04063076712,20.44876,0.187837
1568,32.8979654159519,-3.79158381194407,121022.53125,0.3720587815837915,56647.0457694768,20.461016,0.121496
1568,32.8979654159519,-3.79158381194407,121022.53125,0.3720587815837915,56648.04210127471,20.302579,0.085199
1568,32.8979654159519,-3.79158381194407,121022.53125,0.3720587815837915,56648.04723999277,20.261319,0.086357
1568,32.8979654159519,-3.79158381194407,121022.53125,0.3720587815837915,56649.041744673625,20.034684,0.076031
1568,32.8979654159519,-3.79158381194407,121022.53125,0.3720587815837915,56649.046894973144,20.093124,0.101523
1568,32.8979654159519,-3.79158381194407,121022.53125,0.3720587815837915,56650.0426048534,20.629982,0.128747
1568,32.8979654159519,-3.79158381194407,121022.53125,0.3720587815837915,56650.04773201328,20.429515,0.099695
1568,32.8979654159519,-3.79158381194407,121022.53125,0.3720587815837915,56651.04245966952,20.266312,0.116062
1568,32.8979654159519,-3.79158381194407,121022.53125,0.3720587815837915,56651.04758683732,20.328044,0.23115
1568,32.8979654159519,-3.79158381194407,121022.53125,0.3720587815837915,56652.04856587201,20.063053,0.155422
1568,32.8979654159519,-3.79158381194407,121022.53125,0.3720587815837915,56653.04322719062,20.225824,0.128833
1568,32.8979654159519,-3.79158381194407,121022.53125,0.3720587815837915,56653.0483775218,20.295249,0.157995
1568,32.8979654159519,-3.79158381194407,121022.53125,0.3720587815837915,56654.04275105707,20.360793,0.105116
1568,32.8979654159519,-3.79158381194407,121022.53125,0.3720587815837915,56654.04786667507,20.347925,0.129328
1568,32.8979654159519,-3.79158381194407,121022.53125,0.3720587815837915,56655.04411673406,20.064755,0.107957
1568,32.8979654159519,-3.79158381194407,121022.53125,0.3720587815837915,56655.04924393399,19.969435,0.115387
1568,32.8979654159519,-3.79158381194407,121022.53125,0.3720587815837915,56656.04409513576,20.113505,0.098013
1568,32.8979654159519,-3.79158381194407,121022.53125,0.3720587815837915,56656.04923391808,20.22503,0.092298
1568,32.8979654159519,-3.79158381194407,121022.53125,0.3720587815837915,56657.04400568036,20.39184,0.123596
1568,32.8979654159519,-3.79158381194407,121022.53125,0.3720587815837915,56657.049121322576,20.366807,0.11051
1568,32.8979654159519,-3.79158381194407,121022.53125,0.3720587815837915,56660.049360201694,20.371324,0.084119
1568,32.8979654159519,-3.79158381194407,121022.53125,0.3720587815837915,56660.05447586859,20.469004,0.135975
1568,32.8979654159519,-3.79158381194407,121022.53125,0.3720587815837915,56661.04452024354,20.151678,0.102542
1568,32.8979654159519,-3.79158381194407,121022.53125,0.3720587815837915,56661.04963591881,20.26023,0.116955
1568,32.8979654159519,-3.79158381194407,121022.53125,0.3720587815837915,56662.04456607392,20.163162,0.103218
1568,32.8979654159519,-3.79158381194407,121022.53125,0.3720587815837915,56662.04972805269,20.103246,0.102607
1568,32.8979654159519,-3.79158381194407,121022.53125,0.3720587815837915,56663.044717670884,20.311885,0.101562
1568,32.8979654159519,-3.79158381194407,121022.53125,0.3720587815837915,56663.049868084025,20.482485,0.274352
1568,32.8979654159519,-3.79158381194407,121022.53125,0.3720587815837915,56664.04453522479,20.296316,0.100577
1568,32.8979654159519,-3.79158381194407,121022.53125,0.3720587815837915,56664.049650923815,20.177687,0.146771
1568,32.8979654159519,-3.79158381194407,121022.53125,0.3720587815837915,56665.0445858608,19.916486,0.176464
1568,32.8979654159519,-3.79158381194407,121022.53125,0.3720587815837915,56677.042228083126,20.120222,0.131925
1568,32.8979654159519,-3.79158381194407,121022.53125,0.3720587815837915,56677.0473554628,20.248201,0.143111
1568,32.8979654159519,-3.79158381194407,121022.53125,0.3720587815837915,56678.05548253842,20.083933,0.101011
1568,32.8979654159519,-3.79158381194407,121022.53125,0.3720587815837915,56678.060609926935,19.994241,0.129572
1568,32.8979654159519,-3.79158381194407,121022.53125,0.3720587815837915,56679.04262708686,20.555201,0.157308
1568,32.8979654159519,-3.79158381194407,121022.53125,0.3720587815837915,56679.04774290882,20.311499,0.161136
1568,32.8979654159519,-3.79158381194407,121022.53125,0.3720587815837915,56680.04220393859,20.182521,0.092253
1568,32.8979654159519,-3.79158381194407,121022.53125,0.3720587815837915,56680.047342917416,20.3755,0.079269
1568,32.8979654159519,-3.79158381194407,121022.53125,0.3720587815837915,56681.06316007627,19.933054,0.088506
1568,32.8979654159519,-3.79158381194407,121022.53125,0.3720587815837915,56682.04662863957,20.166203,0.174043
1568,32.8979654159519,-3.79158381194407,121022.53125,0.3720587815837915,56685.04930156376,20.5205,0.272064
1568,32.8979654159519,-3.79158381194407,121022.53125,0.3720587815837915,56685.05441743368,20.230658,0.124294
1568,32.8979654159519,-3.79158381194407,121022.53125,0.3720587815837915,56688.04123562062,19.980623,0.117454
1568,32.8979654159519,-3.79158381194407,121022.53125,0.3720587815837915,56693.036599412095,20.16879,0.15475
1568,32.8979654159519,-3.79158381194407,121022.53125,0.3720587815837915,56698.02316794265,20.146549,0.139322
1568,32.8979654159519,-3.79158381194407,121022.53125,0.3720587815837915,56825.40107637271,19.982938,0.110706
1568,32.8979654159519,-3.79158381194407,121022.53125,0.3720587815837915,56825.40620391723,20.125647,0.219831
1568,32.8979654159519,-3.79158381194407,121022.53125,0.3720587815837915,56826.398550914135,20.394223,0.174063
1568,32.8979654159519,-3.79158381194407,121022.53125,0.3720587815837915,56826.4036784512,20.454911,0.193952
1568,32.8979654159519,-3.79158381194407,121022.53125,0.3720587815837915,56827.394808672834,20.641035,0.157188
1568,32.8979654159519,-3.79158381194407,121022.53125,0.3720587815837915,56827.39993620291,20.575604,0.143708
1568,32.8979654159519,-3.79158381194407,121022.53125,0.3720587815837915,56833.37922235625,20.635066,0.332885
1568,32.8979654159519,-3.79158381194407,121022.53125,0.3720587815837915,56833.38455817988,20.682931,0.146977
1568,32.8979654159519,-3.79158381194407,121022.53125,0.3720587815837915,56834.376661737915,20.354779,0.129612
1568,32.8979654159519,-3.79158381194407,121022.53125,0.3720587815837915,56834.381777639035,20.043376,0.138652
1568,32.8979654159519,-3.79158381194407,121022.53125,0.3720587815837915,56835.37369445898,20.640604,0.050369
1568,32.8979654159519,-3.79158381194407,121022.53125,0.3720587815837915,56835.37883350067,20.449237,0.093757
1568,32.8979654159519,-3.79158381194407,121022.53125,0.3720587815837915,56836.371663141996,20.466871,0.190639
1568,32.8979654159519,-3.79158381194407,121022.53125,0.3720587815837915,56836.37679060083,20.486866,0.100453
1568,32.8979654159519,-3.79158381194407,121022.53125,0.3720587815837915,56837.36838021455,20.23438,0.147449
1568,32.8979654159519,-3.79158381194407,121022.53125,0.3720587815837915,56837.37350766547,20.092375,0.165334
1568,32.8979654159519,-3.79158381194407,121022.53125,0.3720587815837915,56838.36743372632,20.195526,0.190579
1568,32.8979654159519,-3.79158381194407,121022.53125,0.3720587815837915,56838.37256116932,20.119247,0.130015
1568,32.8979654159519,-3.79158381194407,121022.53125,0.3720587815837915,56847.3467127732,20.314245,0.141617
1568,32.8979654159519,-3.79158381194407,121022.53125,0.3720587815837915,56856.31563826697,19.841683,0.137148
1568,32.8979654159519,-3.79158381194407,121022.53125,0.3720587815837915,56858.3173499275,20.699998,0.220369
1568,32.8979654159519,-3.79158381194407,121022.53125,0.3720587815837915,56859.308579480276,20.130912,0.152445
1568,32.8979654159519,-3.79158381194407,121022.53125,0.3720587815837915,56859.31371831894,20.272236,0.143994
1568,32.8979654159519,-3.79158381194407,121022.53125,0.3720587815837915,56862.30005890317,20.294364,0.156342
1568,32.8979654159519,-3.79158381194407,121022.53125,0.3720587815837915,56862.30518614175,20.231997,0.144552
1568,32.8979654159519,-3.79158381194407,121022.53125,0.3720587815837915,56863.29623545986,20.201358,0.150163
1568,32.8979654159519,-3.79158381194407,121022.53125,0.3720587815837915,56863.301362689584,20.256848,0.161496
1568,32.8979654159519,-3.79158381194407,121022.53125,0.3720587815837915,56864.295604748186,20.750926,0.224298
1568,32.8979654159519,-3.79158381194407,121022.53125,0.3720587815837915,56864.30073197,20.62365,0.126173
1568,32.8979654159519,-3.79158381194407,121022.53125,0.3720587815837915,56866.28990557464,20.192507,0.157895
1568,32.8979654159519,-3.79158381194407,121022.53125,0.3720587815837915,56866.29503277922,20.107218,0.160369
1568,32.8979654159519,-3.79158381194407,121022.53125,0.3720587815837915,56874.26765712304,20.237512,0.113637
1568,32.8979654159519,-3.79158381194407,121022.53125,0.3720587815837915,56886.233292065095,20.49642,0.171742
1568,32.8979654159519,-3.79158381194407,121022.53125,0.3720587815837915,56887.23154899571,19.941882,0.076725
1568,32.8979654159519,-3.79158381194407,121022.53125,0.3720587815837915,56887.236676033586,20.137516,0.183032
1568,32.8979654159519,-3.79158381194407,121022.53125,0.3720587815837915,56888.22907538293,20.212229,0.103276
1568,32.8979654159519,-3.79158381194407,121022.53125,0.3720587815837915,56888.2342139869,20.198612,0.129817
1568,32.8979654159519,-3.79158381194407,121022.53125,0.3720587815837915,56889.22506110789,20.634226,0.120956
1568,32.8979654159519,-3.79158381194407,121022.53125,0.3720587815837915,56889.23017655779,20.590266,0.119621
1568,32.8979654159519,-3.79158381194407,121022.53125,0.3720587815837915,56890.22303608246,20.278159,0.16193
1568,32.8979654159519,-3.79158381194407,121022.53125,0.3720587815837915,56890.22816309892,20.187174,0.15447
1568,32.8979654159519,-3.79158381194407,121022.53125,0.3720587815837915,56891.219030645676,20.084795,0.118544
1568,32.8979654159519,-3.79158381194407,121022.53125,0.3720587815837915,56891.224146082066,20.070928,0.102062
1568,32.8979654159519,-3.79158381194407,121022.53125,0.3720587815837915,56894.21727193426,20.341502,0.366962
1568,32.8979654159519,-3.79158381194407,121022.53125,0.3720587815837915,56895.208446744364,20.648593,0.170031
1568,32.8979654159519,-3.79158381194407,121022.53125,0.3720587815837915,56895.21359687345,20.596598,0.139295
1568,32.8979654159519,-3.79158381194407,121022.53125,0.3720587815837915,56915.15194107359,20.038678,0.19665
1568,32.8979654159519,-3.79158381194407,121022.53125,0.3720587815837915,56916.14889218006,20.330608,0.170051
1568,32.8979654159519,-3.79158381194407,121022.53125,0.3720587815837915,56916.15400747722,20.094599,0.030318
1568,32.8979654159519,-3.79158381194407,121022.53125,0.3720587815837915,56919.14191672765,20.010672,0.115525
1568,32.8979654159519,-3.79158381194407,121022.53125,0.3720587815837915,56919.147066733334,20.217358,0.201738
1568,32.8979654159519,-3.79158381194407,121022.53125,0.3720587815837915,56920.13701324025,20.544353,0.182825
1568,32.8979654159519,-3.79158381194407,121022.53125,0.3720587815837915,56920.14214009652,20.6372,0.204868
1568,32.8979654159519,-3.79158381194407,121022.53125,0.3720587815837915,56921.135731459595,20.520319,0.202873
1568,32.8979654159519,-3.79158381194407,121022.53125,0.3720587815837915,56921.1408583126,20.274868,0.198771
1568,32.8979654159519,-3.79158381194407,121022.53125,0.3720587815837915,56923.13357110182,20.752083,0.131853
1568,32.8979654159519,-3.79158381194407,121022.53125,0.3720587815837915,56924.126061246265,20.533595,0.116161
1568,32.8979654159519,-3.79158381194407,121022.53125,0.3720587815837915,56924.13118808996,20.393497,0.184479
1568,32.8979654159519,-3.79158381194407,121022.53125,0.3720587815837915,56925.125170615036,20.225529,0.1262
1568,32.8979654159519,-3.79158381194407,121022.53125,0.3720587815837915,56925.13030902902,20.199883,0.173167
1568,32.8979654159519,-3.79158381194407,121022.53125,0.3720587815837915,56926.125402051955,20.29416,0.250055
1568,32.8979654159519,-3.79158381194407,121022.53125,0.3720587815837915,56927.11709213443,20.491881,0.137864
1568,32.8979654159519,-3.79158381194407,121022.53125,0.3720587815837915,56927.12221897021,20.429991,0.151906
1568,32.8979654159519,-3.79158381194407,121022.53125,0.3720587815837915,56928.11610746849,20.023404,0.108316
1568,32.8979654159519,-3.79158381194407,121022.53125,0.3720587815837915,56928.12123430241,20.097686,0.146246
1568,32.8979654159519,-3.79158381194407,121022.53125,0.3720587815837915,56929.11707820883,20.274596,0.155902
1568,32.8979654159519,-3.79158381194407,121022.53125,0.3720587815837915,56930.11416002596,20.760776,0.091002
1568,32.8979654159519,-3.79158381194407,121022.53125,0.3720587815837915,56942.080417163204,20.812884,0.138984
1568,32.8979654159519,-3.79158381194407,121022.53125,0.3720587815837915,56943.076547411736,20.24246,0.126628
1568,32.8979654159519,-3.79158381194407,121022.53125,0.3720587815837915,56944.07165925158,20.140716,0.180273
1568,32.8979654159519,-3.79158381194407,121022.53125,0.3720587815837915,56944.076809214894,20.059172,0.120397
1568,32.8979654159519,-3.79158381194407,121022.53125,0.3720587815837915,56948.058808089234,20.686063,0.190317
1568,32.8979654159519,-3.79158381194407,121022.53125,0.3720587815837915,56948.063923336565,20.435574,0.11187
1568,32.8979654159519,-3.79158381194407,121022.53125,0.3720587815837915,56949.05704515334,20.643191,0.213503
1568,32.8979654159519,-3.79158381194407,121022.53125,0.3720587815837915,56949.0621835473,20.390229,0.188044
1568,32.8979654159519,-3.79158381194407,121022.53125,0.3720587815837915,56950.053569617216,20.165,0.119884
1568,32.8979654159519,-3.79158381194407,121022.53125,0.3720587815837915,56950.058708012104,20.234198,0.105832
1568,32.8979654159519,-3.79158381194407,121022.53125,0.3720587815837915,56951.04886757536,20.569704,0.164059
1568,32.8979654159519,-3.79158381194407,121022.53125,0.3720587815837915,56951.053994398564,20.512398,0.109942
1568,32.8979654159519,-3.79158381194407,121022.53125,0.3720587815837915,56952.04719790863,20.547803,0.164647
1568,32.8979654159519,-3.79158381194407,121022.53125,0.3720587815837915,56952.05231316015,20.266812,0.17787
1568,32.8979654159519,-3.79158381194407,121022.53125,0.3720587815837915,56953.085756178014,20.180229,0.117867
1568,32.8979654159519,-3.79158381194407,121022.53125,0.3720587815837915,56953.09087143093,20.245864,0.157455
1568,32.8979654159519,-3.79158381194407,121022.53125,0.3720587815837915,56954.04213509662,20.581233,0.112047
1568,32.8979654159519,-3.79158381194407,121022.53125,0.3720587815837915,56954.04727349756,20.239827,0.253136
1568,32.8979654159519,-3.79158381194407,121022.53125,0.3720587815837915,56955.039158634376,20.507201,0.171548
1568,32.8979654159519,-3.79158381194407,121022.53125,0.3720587815837915,56955.04429703718,20.520182,0.123978
1568,32.8979654159519,-3.79158381194407,121022.53125,0.3720587815837915,56956.03702737298,20.198658,0.250608
1568,32.8979654159519,-3.79158381194407,121022.53125,0.3720587815837915,56956.042165777646,20.19405,0.2115
1568,32.8979654159519,-3.79158381194407,121022.53125,0.3720587815837915,56958.034490456805,20.522316,0.16663
1568,32.8979654159519,-3.79158381194407,121022.53125,0.3720587815837915,56959.02663184609,20.581936,0.169757
1568,32.8979654159519,-3.79158381194407,121022.53125,0.3720587815837915,56959.031747111585,20.273189,0.206285
1568,32.8979654159519,-3.79158381194407,121022.53125,0.3720587815837915,56960.23634620989,20.417826,0.217463
1568,32.8979654159519,-3.79158381194407,121022.53125,0.3720587815837915,56960.24147305079,20.35807,0.183863
1568,32.8979654159519,-3.79158381194407,121022.53125,0.3720587815837915,56979.02460460784,20.07844,0.138321
1568,32.8979654159519,-3.79158381194407,121022.53125,0.3720587815837915,56979.0297199497,20.012737,0.067888
1568,32.8979654159519,-3.79158381194407,121022.53125,0.3720587815837915,56980.02537195245,20.659055,0.168487
1568,32.8979654159519,-3.79158381194407,121022.53125,0.3720587815837915,56980.03048729943,20.493311,0.125514
1568,32.8979654159519,-3.79158381194407,121022.53125,0.3720587815837915,56982.02653939463,20.158487,0.107259
1568,32.8979654159519,-3.79158381194407,121022.53125,0.3720587815837915,56982.03167789895,19.931148,0.173013
1568,32.8979654159519,-3.79158381194407,121022.53125,0.3720587815837915,56983.026083116885,20.843931,0.341712
1568,32.8979654159519,-3.79158381194407,121022.53125,0.3720587815837915,56983.03121005325,20.612802,0.082637
1568,32.8979654159519,-3.79158381194407,121022.53125,0.3720587815837915,56985.028414348606,20.139196,0.108955
1568,32.8979654159519,-3.79158381194407,121022.53125,0.3720587815837915,56985.0335297226,20.065935,0.154663
1568,32.8979654159519,-3.79158381194407,121022.53125,0.3720587815837915,56987.08063090127,20.5882,0.125349
1568,32.8979654159519,-3.79158381194407,121022.53125,0.3720587815837915,56987.085769433994,20.473657,0.183494
1568,32.8979654159519,-3.79158381194407,121022.53125,0.3720587815837915,56988.030230014585,20.168495,0.185431
1568,32.8979654159519,-3.79158381194407,121022.53125,0.3720587815837915,56988.0353454072,20.154606,0.119404
1568,32.8979654159519,-3.79158381194407,121022.53125,0.3720587815837915,56989.05165408878,20.284877,0.126714
1568,32.8979654159519,-3.79158381194407,121022.53125,0.3720587815837915,57000.041365223005,20.463126,0.125791
1568,32.8979654159519,-3.79158381194407,121022.53125,0.3720587815837915,57001.03716989374,19.969593,0.141816
1568,32.8979654159519,-3.79158381194407,121022.53125,0.3720587815837915,57001.04229694558,20.022655,0.071479
1568,32.8979654159519,-3.79158381194407,121022.53125,0.3720587815837915,57002.16313149687,19.913286,0.129903
1568,32.8979654159519,-3.79158381194407,121022.53125,0.3720587815837915,57002.168270130176,20.220468,0.164547
1568,32.8979654159519,-3.79158381194407,121022.53125,0.3720587815837915,57003.0381579455,20.361792,0.123049
1568,32.8979654159519,-3.79158381194407,121022.53125,0.3720587815837915,57003.04328501178,20.493515,0.164313
1568,32.8979654159519,-3.79158381194407,121022.53125,0.3720587815837915,57004.038399484474,20.283107,0.064498
1568,32.8979654159519,-3.79158381194407,121022.53125,0.3720587815837915,57004.04354970483,20.17982,0.161577
1568,32.8979654159519,-3.79158381194407,121022.53125,0.3720587815837915,57005.03892022744,20.326523,0.198267
1568,32.8979654159519,-3.79158381194407,121022.53125,0.3720587815837915,57005.044047308154,20.255804,0.136055
1568,32.8979654159519,-3.79158381194407,121022.53125,0.3720587815837915,57006.083676580805,20.424522,0.130927
1568,32.8979654159519,-3.79158381194407,121022.53125,0.3720587815837915,57006.08879209543,20.516597,0.178325
1568,32.8979654159519,-3.79158381194407,121022.53125,0.3720587815837915,57007.03950313898,20.20887,0.112001
1568,32.8979654159519,-3.79158381194407,121022.53125,0.3720587815837915,57007.044630234595,20.09494,0.067048
1568,32.8979654159519,-3.79158381194407,121022.53125,0.3720587815837915,57009.04194373125,20.439932,0.126384
1568,32.8979654159519,-3.79158381194407,121022.53125,0.3720587815837915,57009.04705926869,20.416646,0.138705
1568,32.8979654159519,-3.79158381194407,121022.53125,0.3720587815837915,57010.040689515416,20.532869,0.138487
1568,32.8979654159519,-3.79158381194407,121022.53125,0.3720587815837915,57010.045816634316,20.330608,0.104394
1568,32.8979654159519,-3.79158381194407,121022.53125,0.3720587815837915,57011.04364961013,20.170447,0.158728
1568,32.8979654159519,-3.79158381194407,121022.53125,0.3720587815837915,57011.04876516294,20.004204,0.174464
1568,32.8979654159519,-3.79158381194407,121022.53125,0.3720587815837915,57013.041252903175,20.398989,0.141186
1568,32.8979654159519,-3.79158381194407,121022.53125,0.3720587815837915,57013.04636847135,20.314812,0.127578
1568,32.8979654159519,-3.79158381194407,121022.53125,0.3720587815837915,57015.042646915186,20.358319,0.166289
1568,32.8979654159519,-3.79158381194407,121022.53125,0.3720587815837915,57015.04778564675,20.65059,0.089286
1568,32.8979654159519,-3.79158381194407,121022.53125,0.3720587815837915,57017.043329546694,19.968867,0.152798
1568,32.8979654159519,-3.79158381194407,121022.53125,0.3720587815837915,57017.04845672101,20.142396,0.16492
1568,32.8979654159519,-3.79158381194407,121022.53125,0.3720587815837915,57019.04325454682,20.52479,0.204632
1568,32.8979654159519,-3.79158381194407,121022.53125,0.3720587815837915,57019.04837016296,20.613642,0.120134
1568,32.8979654159519,-3.79158381194407,121022.53125,0.3720587815837915,57021.07506014872,20.129664,0.03354
1568,32.8979654159519,-3.79158381194407,121022.53125,0.3720587815837915,57027.04469590122,19.668426,0.2684
1568,32.8979654159519,-3.79158381194407,121022.53125,0.3720587815837915,57031.049743066076,20.704877,0.109994
1568,32.8979654159519,-3.79158381194407,121022.53125,0.3720587815837915,57031.05485878,20.553522,0.272557
1568,32.8979654159519,-3.79158381194407,121022.53125,0.3720587815837915,57033.04694646038,20.173761,0.136254
1568,32.8979654159519,-3.79158381194407,121022.53125,0.3720587815837915,57033.052073764615,20.063371,0.120226
1568,32.8979654159519,-3.79158381194407,121022.53125,0.3720587815837915,57035.04389006132,20.641171,0.131925
1568,32.8979654159519,-3.79158381194407,121022.53125,0.3720587815837915,57035.049017381854,20.526946,0.20904
1568,32.8979654159519,-3.79158381194407,121022.53125,0.3720587815837915,57037.04394192668,20.114004,0.127532
1568,32.8979654159519,-3.79158381194407,121022.53125,0.3720587815837915,57037.04905768996,20.315493,0.118031
1568,32.8979654159519,-3.79158381194407,121022.53125,0.3720587815837915,57039.043294169474,20.267424,0.132858
1568,32.8979654159519,-3.79158381194407,121022.53125,0.3720587815837915,57039.04842152307,20.303737,0.141405
1568,32.8979654159519,-3.79158381194407,121022.53125,0.3720587815837915,57041.04330093693,20.481373,0.188225
1568,32.8979654159519,-3.79158381194407,121022.53125,0.3720587815837915,57041.04842830682,20.384192,0.176224
1568,32.8979654159519,-3.79158381194407,121022.53125,0.3720587815837915,57043.04267746024,20.197228,0.137439
1568,32.8979654159519,-3.79158381194407,121022.53125,0.3720587815837915,57043.047804846894,20.119791,0.14497
1568,32.8979654159519,-3.79158381194407,121022.53125,0.3720587815837915,57045.041956108995,20.444516,0.087408
1568,32.8979654159519,-3.79158381194407,121022.53125,0.3720587815837915,57045.04708351148,20.640876,0.21121
1568,32.8979654159519,-3.79158381194407,121022.53125,0.3720587815837915,57047.04614851065,20.709802,0.155123
1568,32.8979654159519,-3.79158381194407,121022.53125,0.3720587815837915,57053.03626219137,20.061101,0.147064
1568,32.8979654159519,-3.79158381194407,121022.53125,0.3720587815837915,57053.04140123073,20.025015,0.04614
1568,32.8979654159519,-3.79158381194407,121022.53125,0.3720587815837915,57065.02221678011,20.225415,0.260277
1568,32.8979654159519,-3.79158381194407,121022.53125,0.3720587815837915,57065.02736748336,20.100319,0.153604
1568,32.8979654159519,-3.79158381194407,121022.53125,0.3720587815837915,57067.021166879684,20.126804,0.078315
1568,32.8979654159519,-3.79158381194407,121022.53125,0.3720587815837915,57067.02629444748,20.357253,0.199261
1568,32.8979654159519,-3.79158381194407,121022.53125,0.3720587815837915,57273.17243492557,20.554293,0.168708
1568,32.8979654159519,-3.79158381194407,121022.53125,0.3720587815837915,57273.17757340707,20.612938,0.27847
1568,32.8979654159519,-3.79158381194407,121022.53125,0.3720587815837915,57275.211426295806,20.034525,0.14165
1568,32.8979654159519,-3.79158381194407,121022.53125,0.3720587815837915,57277.16223824443,20.123173,0.207286
1568,32.8979654159519,-3.79158381194407,121022.53125,0.3720587815837915,57277.16737670684,20.120222,0.207051
1568,32.8979654159519,-3.79158381194407,121022.53125,0.3720587815837915,57283.143034700304,20.373797,0.162824
1568,32.8979654159519,-3.79158381194407,121022.53125,0.3720587815837915,57283.14816156495,20.492222,0.178854
1568,32.8979654159519,-3.79158381194407,121022.53125,0.3720587815837915,57299.103445856366,20.240803,0.156095
1568,32.8979654159519,-3.79158381194407,121022.53125,0.3720587815837915,57303.08675448084,20.221307,0.132355
1568,32.8979654159519,-3.79158381194407,121022.53125,0.3720587815837915,57303.09188130032,20.239486,0.176357
1568,32.8979654159519,-3.79158381194407,121022.53125,0.3720587815837915,57307.07627559267,20.287941,0.159889
1568,32.8979654159519,-3.79158381194407,121022.53125,0.3720587815837915,57311.065900618676,20.219923,0.160596
1568,32.8979654159519,-3.79158381194407,121022.53125,0.3720587815837915,57311.07102743769,20.569726,0.37731
1568,32.8979654159519,-3.79158381194407,121022.53125,0.3720587815837915,57313.059018188156,20.34822,0.186751
1568,32.8979654159519,-3.79158381194407,121022.53125,0.3720587815837915,57325.03059061989,20.340435,0.185062
1568,32.8979654159519,-3.79158381194407,121022.53125,0.3720587815837915,57327.06408396503,20.467824,0.124459
1568,32.8979654159519,-3.79158381194407,121022.53125,0.3720587815837915,57327.06919923751,20.422002,0.143257
1568,32.8979654159519,-3.79158381194407,121022.53125,0.3720587815837915,57328.11252999259,20.148365,0.16975
1568,32.8979654159519,-3.79158381194407,121022.53125,0.3720587815837915,57330.264476956334,19.900985,0.272267
1568,32.8979654159519,-3.79158381194407,121022.53125,0.3720587815837915,57330.26960381167,19.81817,0.098175
1568,32.8979654159519,-3.79158381194407,121022.53125,0.3720587815837915,57332.018232905306,20.722602,0.163705
1568,32.8979654159519,-3.79158381194407,121022.53125,0.3720587815837915,57332.023348193616,20.4464,0.143894
1568,32.8979654159519,-3.79158381194407,121022.53125,0.3720587815837915,57333.018168008886,20.326069,0.182007
1568,32.8979654159519,-3.79158381194407,121022.53125,0.3720587815837915,57333.02331802016,20.330132,0.194784
1568,32.8979654159519,-3.79158381194407,121022.53125,0.3720587815837915,57334.01941159461,20.165522,0.172404
1568,32.8979654159519,-3.79158381194407,121022.53125,0.3720587815837915,57334.02453846345,19.898307,0.096799
1568,32.8979654159519,-3.79158381194407,121022.53125,0.3720587815837915,57339.04849824635,20.620791,0.21361
1568,32.8979654159519,-3.79158381194407,121022.53125,0.3720587815837915,57339.053613563534,20.721944,0.203497
1568,32.8979654159519,-3.79158381194407,121022.53125,0.3720587815837915,57341.17126420373,20.214499,0.091868
1568,32.8979654159519,-3.79158381194407,121022.53125,0.3720587815837915,57341.17639110377,20.169766,0.141883
1568,32.8979654159519,-3.79158381194407,121022.53125,0.3720587815837915,57345.02492928598,20.384487,0.288571
1568,32.8979654159519,-3.79158381194407,121022.53125,0.3720587815837915,57345.03006777819,20.283493,0.226364
1568,32.8979654159519,-3.79158381194407,121022.53125,0.3720587815837915,57360.02264620084,20.277229,0.246354
1568,32.8979654159519,-3.79158381194407,121022.53125,0.3720587815837915,57360.02780792955,20.142895,0.195026
1568,32.8979654159519,-3.79158381194407,121022.53125,0.3720587815837915,57361.034091010224,20.399375,0.25994
1568,32.8979654159519,-3.79158381194407,121022.53125,0.3720587815837915,57361.03922959836,20.64941,0.186644
1568,32.8979654159519,-3.79158381194407,121022.53125,0.3720587815837915,57362.02391803684,20.449396,0.168133
1568,32.8979654159519,-3.79158381194407,121022.53125,0.3720587815837915,57362.029033485334,20.313927,0.145409
1568,32.8979654159519,-3.79158381194407,121022.53125,0.3720587815837915,57363.03567802161,20.044511,0.211513
1568,32.8979654159519,-3.79158381194407,121022.53125,0.3720587815837915,57363.04080505017,20.193687,0.11293
1568,32.8979654159519,-3.79158381194407,121022.53125,0.3720587815837915,57364.02519523306,20.303487,0.227717
1568,32.8979654159519,-3.79158381194407,121022.53125,0.3720587815837915,57364.030322268605,20.592807,0.205015
1568,32.8979654159519,-3.79158381194407,121022.53125,0.3720587815837915,57365.036703359336,20.584115,0.23771
1568,32.8979654159519,-3.79158381194407,121022.53125,0.3720587815837915,57365.04181882879,20.297677,0.21031
1568,32.8979654159519,-3.79158381194407,121022.53125,0.3720587815837915,57367.03738703346,20.515507,0.189707
1568,32.8979654159519,-3.79158381194407,121022.53125,0.3720587815837915,57367.04252566397,20.205829,0.167779
1568,32.8979654159519,-3.79158381194407,121022.53125,0.3720587815837915,57373.03981952043,20.049118,0.207635
1568,32.8979654159519,-3.79158381194407,121022.53125,0.3720587815837915,57373.04493504809,20.013736,0.153131
1568,32.8979654159519,-3.79158381194407,121022.53125,0.3720587815837915,57383.04753445787,19.930489,0.182336
1568,32.8979654159519,-3.79158381194407,121022.53125,0.3720587815837915,57384.03306480823,20.491246,0.205694
1568,32.8979654159519,-3.79158381194407,121022.53125,0.3720587815837915,57384.038215143606,20.410496,0.196777
1568,32.8979654159519,-3.79158381194407,121022.53125,0.3720587815837915,57385.04356138129,20.106378,0.094375
1568,32.8979654159519,-3.79158381194407,121022.53125,0.3720587815837915,57385.048700151034,20.15649,0.127308
1568,32.8979654159519,-3.79158381194407,121022.53125,0.3720587815837915,57386.03284474369,20.366126,0.169871
1568,32.8979654159519,-3.79158381194407,121022.53125,0.3720587815837915,57386.03797194781,20.144234,0.07023
1713,37.71931361,-33.29097102,129427.78125,0.6072330973818423,56211.36103599984,20.500035,0.167505
1713,37.71931361,-33.29097102,129427.78125,0.6072330973818423,56221.30890070228,20.356162,0.240906
1713,37.71931361,-33.29097102,129427.78125,0.6072330973818423,56263.09104003152,20.456112,0.17361
1713,37.71931361,-33.29097102,129427.78125,0.6072330973818423,56267.088219763245,20.765729,0.180508
1713,37.71931361,-33.29097102,129427.78125,0.6072330973818423,56267.17137685744,20.735312,0.185441
1713,37.71931361,-33.29097102,129427.78125,0.6072330973818423,56277.06841064524,20.298899,0.141221
1713,37.71931361,-33.29097102,129427.78125,0.6072330973818423,56277.15159181785,19.911051,0.170751
1713,37.71931361,-33.29097102,129427.78125,0.6072330973818423,56508.35720770853,20.581355,0.145132
1713,37.71931361,-33.29097102,129427.78125,0.6072330973818423,56510.43339485722,20.338833,0.125632
1713,37.71931361,-33.29097102,129427.78125,0.6072330973818423,56516.38603826193,20.04601,0.124663
1713,37.71931361,-33.29097102,129427.78125,0.6072330973818423,56516.41161586251,20.068782,0.150537
1713,37.71931361,-33.29097102,129427.78125,0.6072330973818423,56518.42674683081,20.817866,0.18248
1713,37.71931361,-33.29097102,129427.78125,0.6072330973818423,56558.26336809574,19.929933,0.151989
1713,37.71931361,-33.29097102,129427.78125,0.6072330973818423,56560.26409545215,20.547949,0.194327
1713,37.71931361,-33.29097102,129427.78125,0.6072330973818423,56564.38339858735,20.326011,0.176606
1713,37.71931361,-33.29097102,129427.78125,0.6072330973818423,56568.27037884714,20.846331,0.174594
1713,37.71931361,-33.29097102,129427.78125,0.6072330973818423,56570.28281654883,20.510169,0.140245
1713,37.71931361,-33.29097102,129427.78125,0.6072330973818423,56570.336724748835,20.701689,0.175581
1713,37.71931361,-33.29097102,129427.78125,0.6072330973818423,56576.26741530374,20.41284,0.174109
1713,37.71931361,-33.29097102,129427.78125,0.6072330973818423,56578.30898468429,19.970417,0.132442
1713,37.71931361,-33.29097102,129427.78125,0.6072330973818423,56618.11666882457,20.527114,0.162786
1713,37.71931361,-33.29097102,129427.78125,0.6072330973818423,56620.19627409242,20.106478,0.168686
1713,37.71931361,-33.29097102,129427.78125,0.6072330973818423,56622.11101778038,20.309851,0.103445
1713,37.71931361,-33.29097102,129427.78125,0.6072330973818423,56622.19537764508,20.370452,0.124419
1713,37.71931361,-33.29097102,129427.78125,0.6072330973818423,56624.11880531069,20.810154,0.195316
1713,37.71931361,-33.29097102,129427.78125,0.6072330973818423,56626.10314872768,20.687165,0.15493
1713,37.71931361,-33.29097102,129427.78125,0.6072330973818423,56626.188573705964,20.86583,0.180508
1713,37.71931361,-33.29097102,129427.78125,0.6072330973818423,56630.08549316926,20.335477,0.127959
1713,37.71931361,-33.29097102,129427.78125,0.6072330973818423,56636.08520416822,20.689519,0.19927
1713,37.71931361,-33.29097102,129427.78125,0.6072330973818423,56636.16850049142,20.404459,0.17361
1713,37.71931361,-33.29097102,129427.78125,0.6072330973818423,56836.41093821358,19.994457,0.108784
1713,37.71931361,-33.29097102,129427.78125,0.6072330973818423,56836.42958422704,20.153824,0.109201
1713,37.71931361,-33.29097102,129427.78125,0.6072330973818423,56838.408848686144,20.629836,0.140245
1713,37.71931361,-33.29097102,129427.78125,0.6072330973818423,56844.35626625875,20.109149,0.132543
1713,37.71931361,-33.29097102,129427.78125,0.6072330973818423,56844.402597276494,20.170885,0.111125
1713,37.71931361,-33.29097102,129427.78125,0.6072330973818423,56846.34887960786,20.586246,0.17361
1713,37.71931361,-33.29097102,129427.78125,0.6072330973818423,56846.398891059216,20.801389,0.15984
1713,37.71931361,-33.29097102,129427.78125,0.6072330973818423,56856.3742219219,20.137546,0.14807
1713,37.71931361,-33.29097102,129427.78125,0.6072330973818423,56943.22414722899,19.831652,0.111525
1713,37.71931361,-33.29097102,129427.78125,0.6072330973818423,56943.30443094205,20.548433,0.204213
1713,37.71931361,-33.29097102,129427.78125,0.6072330973818423,56949.33140816679,20.148431,0.113052
1713,37.71931361,-33.29097102,129427.78125,0.6072330973818423,56951.25733005116,20.162338,0.206837
1713,37.71931361,-33.29097102,129427.78125,0.6072330973818423,56951.33093616925,20.566413,0.161804
1713,37.71931361,-33.29097102,129427.78125,0.6072330973818423,56955.25180771109,20.590086,0.143176
1713,37.71931361,-33.29097102,129427.78125,0.6072330973818423,56955.3433525837,20.396896,0.139512
1713,37.71931361,-33.29097102,129427.78125,0.6072330973818423,56959.2382724802,20.575077,0.16082
1713,37.71931361,-33.29097102,129427.78125,0.6072330973818423,56963.27299516136,19.891802,0.102375
1713,37.71931361,-33.29097102,129427.78125,0.6072330973818423,57364.069467018824,19.773905,0.117879
1727,38.10641485,-34.25618116,159683.453125,0.2059498255029882,56267.08827818185,20.969465,0.188943
1727,38.10641485,-34.25618116,159683.453125,0.2059498255029882,56267.17143534357,20.633574,0.157128
1727,38.10641485,-34.25618116,159683.453125,0.2059498255029882,56273.16436084919,20.59661,0.258333
1727,38.10641485,-34.25618116,159683.453125,0.2059498255029882,56277.15165750822,20.713648,0.16664
1727,38.10641485,-34.25618116,159683.453125,0.2059498255029882,56508.35713733453,20.550303,0.087902
1727,38.10641485,-34.25618116,159683.453125,0.2059498255029882,56508.39895302709,20.756082,0.262865
1727,38.10641485,-34.25618116,159683.453125,0.2059498255029882,56510.43332530465,20.720451,0.175097
1727,38.10641485,-34.25618116,159683.453125,0.2059498255029882,56510.4368552682,20.248072,0.240922
1727,38.10641485,-34.25618116,159683.453125,0.2059498255029882,56516.411549189594,20.440032,0.11633
1727,38.10641485,-34.25618116,159683.453125,0.2059498255029882,56560.264069433324,20.531137,0.089512
1727,38.10641485,-34.25618116,159683.453125,0.2059498255029882,56572.2553504766,20.83001,0.309073
1727,38.10641485,-34.25618116,159683.453125,0.2059498255029882,56576.26740951557,20.61233,0.329033
1727,38.10641485,-34.25618116,159683.453125,0.2059498255029882,56576.326028143056,20.543855,0.261698
1727,38.10641485,-34.25618116,159683.453125,0.2059498255029882,56622.11106701475,20.935076,0.262595
1727,38.10641485,-34.25618116,159683.453125,0.2059498255029882,56622.19542696187,20.883263,0.185682
1727,38.10641485,-34.25618116,159683.453125,0.2059498255029882,56624.11885647755,20.41346,0.225355
1727,38.10641485,-34.25618116,159683.453125,0.2059498255029882,56626.188626800664,20.238551,0.142499
1727,38.10641485,-34.25618116,159683.453125,0.2059498255029882,56628.08951852471,20.637091,0.173092
1727,38.10641485,-34.25618116,159683.453125,0.2059498255029882,56630.08554970613,20.459358,0.267729
1727,38.10641485,-34.25618116,159683.453125,0.2059498255029882,56836.42951543117,20.526288,0.033539
1727,38.10641485,-34.25618116,159683.453125,0.2059498255029882,56838.40877903998,21.013125,0.053514
1727,38.10641485,-34.25618116,159683.453125,0.2059498255029882,56838.429184271954,20.631673,0.048956
1727,38.10641485,-34.25618116,159683.453125,0.2059498255029882,56840.42387147434,20.898787,0.033539
1727,38.10641485,-34.25618116,159683.453125,0.2059498255029882,56844.402525563724,20.862782,0.033539
1727,38.10641485,-34.25618116,159683.453125,0.2059498255029882,56846.39881883003,21.08057,0.129961
1727,38.10641485,-34.25618116,159683.453125,0.2059498255029882,56943.30442746868,20.267078,0.12617
1727,38.10641485,-34.25618116,159683.453125,0.2059498255029882,56949.25813041674,20.436515,0.13258
1727,38.10641485,-34.25618116,159683.453125,0.2059498255029882,56949.33141252445,20.646487,0.315521
1727,38.10641485,-34.25618116,159683.453125,0.2059498255029882,56951.33094311878,20.879781,0.030162
1727,38.10641485,-34.25618116,159683.453125,0.2059498255029882,56953.28283949476,20.725637,0.258045
1727,38.10641485,-34.25618116,159683.453125,0.2059498255029882,56955.343364703,20.685014,0.140794
1727,38.10641485,-34.25618116,159683.453125,0.2059498255029882,56959.23828955926,20.990549,0.030851
1727,38.10641485,-34.25618116,159683.453125,0.2059498255029882,57360.15330764186,20.3555,0.323565
1727,38.10641485,-34.25618116,159683.453125,0.2059498255029882,57362.068233483005,20.984865,0.166657
1727,38.10641485,-34.25618116,159683.453125,0.2059498255029882,57362.152501651086,20.821076,0.276918
1727,38.10641485,-34.25618116,159683.453125,0.2059498255029882,57364.0695264088,20.352516,0.033539
1741,38.56313613,-32.3928874,128293.78125,0.3367829670369434,56219.24932833249,20.129607,0.137317
1741,38.56313613,-32.3928874,128293.78125,0.3367829670369434,56267.17022399511,20.728756,0.264863
1741,38.56313613,-32.3928874,128293.78125,0.3367829670369434,56271.17000640184,20.751424,0.22699
1741,38.56313613,-32.3928874,128293.78125,0.3367829670369434,56273.07825163333,20.166534,0.137317
1741,38.56313613,-32.3928874,128293.78125,0.3367829670369434,56273.163122039754,20.363066,0.217524
1741,38.56313613,-32.3928874,128293.78125,0.3367829670369434,56277.15042003663,20.836262,0.216091
1741,38.56313613,-32.3928874,128293.78125,0.3367829670369434,56508.35611708416,20.490879,0.175581
1741,38.56313613,-32.3928874,128293.78125,0.3367829670369434,56508.431727982126,20.184053,0.191959
1741,38.56313613,-32.3928874,128293.78125,0.3367829670369434,56516.412873019464,20.632249,0.19677
1741,38.56313613,-32.3928874,128293.78125,0.3367829670369434,56518.42566833226,20.540297,0.182482
1741,38.56313613,-32.3928874,128293.78125,0.3367829670369434,56522.30537426565,20.003424,0.179523
1741,38.56313613,-32.3928874,128293.78125,0.3367829670369434,56570.28175047878,20.764571,0.190378
1741,38.56313613,-32.3928874,128293.78125,0.3367829670369434,56570.340345808305,20.493164,0.157876
1741,38.56313613,-32.3928874,128293.78125,0.3367829670369434,56576.266333370935,20.372679,0.155912
1741,38.56313613,-32.3928874,128293.78125,0.3367829670369434,56618.115472681355,20.537098,0.201247
1741,38.56313613,-32.3928874,128293.78125,0.3367829670369434,56618.198431678116,20.207604,0.183467
1741,38.56313613,-32.3928874,128293.78125,0.3367829670369434,56622.109883965924,20.647438,0.202237
1741,38.56313613,-32.3928874,128293.78125,0.3367829670369434,56624.11765628215,20.700162,0.200259
1741,38.56313613,-32.3928874,128293.78125,0.3367829670369434,56626.10198449064,20.652419,0.228617
1741,38.56313613,-32.3928874,128293.78125,0.3367829670369434,56626.18743245909,20.418396,0.209913
1741,38.56313613,-32.3928874,128293.78125,0.3367829670369434,56628.17242456181,20.56292,0.188403
1741,38.56313613,-32.3928874,128293.78125,0.3367829670369434,56630.08433311852,20.426515,0.134391
1741,38.56313613,-32.3928874,128293.78125,0.3367829670369434,56632.09186731791,20.138717,0.191532
1741,38.56313613,-32.3928874,128293.78125,0.3367829670369434,56632.17524413578,20.502228,0.183378
1741,38.56313613,-32.3928874,128293.78125,0.3367829670369434,56636.084032821935,20.212967,0.190512
1741,38.56313613,-32.3928874,128293.78125,0.3367829670369434,56636.167340560816,20.228018,0.167704
1741,38.56313613,-32.3928874,128293.78125,0.3367829670369434,56638.16265465086,20.188623,0.186428
1741,38.56313613,-32.3928874,128293.78125,0.3367829670369434,56844.355116578285,20.623383,0.185442
1741,38.56313613,-32.3928874,128293.78125,0.3367829670369434,56949.25703705428,20.433675,0.17361
1741,38.56313613,-32.3928874,128293.78125,0.3367829670369434,56951.2562388191,20.393184,0.174383
1741,38.56313613,-32.3928874,128293.78125,0.3367829670369434,56951.33219423238,20.42321,0.205267
1741,38.56313613,-32.3928874,128293.78125,0.3367829670369434,56955.25072346628,20.546467,0.172626
1741,38.56313613,-32.3928874,128293.78125,0.3367829670369434,56955.34460603492,20.238529,0.118849
1741,38.56313613,-32.3928874,128293.78125,0.3367829670369434,56963.27188890986,20.508123,0.178538
1741,38.56313613,-32.3928874,128293.78125,0.3367829670369434,57360.152092274744,20.211245,0.141222
1741,38.56313613,-32.3928874,128293.78125,0.3367829670369434,57362.15128085669,20.712075,0.259529
1753,38.90020219,-33.70251662,126390.921875,0.3787039322375464,55507.02858344419,20.775154,0.123465
1753,38.90020219,-33.70251662,126390.921875,0.3787039322375464,55507.256243759766,20.353149,0.15694
1753,38.90020219,-33.70251662,126390.921875,0.3787039322375464,56211.361111655366,20.840441,0.03354
1753,38.90020219,-33.70251662,126390.921875,0.3787039322375464,56223.31775046326,20.150206,0.031543
1753,38.90020219,-33.70251662,126390.921875,0.3787039322375464,56267.08830320323,20.438311,0.141279
1753,38.90020219,-33.70251662,126390.921875,0.3787039322375464,56269.08577564638,19.912884,0.063036
1753,38.90020219,-33.70251662,126390.921875,0.3787039322375464,56269.169800897595,20.42827,0.164232
1753,38.90020219,-33.70251662,126390.921875,0.3787039322375464,56271.088425857946,20.626369,0.134685
1753,38.90020219,-33.70251662,126390.921875,0.3787039322375464,56271.171259196475,20.802225,0.143316
1753,38.90020219,-33.70251662,126390.921875,0.3787039322375464,56273.16437718365,20.197935,0.03354
1753,38.90020219,-33.70251662,126390.921875,0.3787039322375464,56277.06848693779,20.260088,0.03354
1753,38.90020219,-33.70251662,126390.921875,0.3787039322375464,56508.357188910246,20.258825,0.158337
1753,38.90020219,-33.70251662,126390.921875,0.3787039322375464,56508.399004652165,20.315013,0.21187
1753,38.90020219,-33.70251662,126390.921875,0.3787039322375464,56510.43337930646,20.545748,0.260925
1753,38.90020219,-33.70251662,126390.921875,0.3787039322375464,56516.38603212079,20.053323,0.121477
1753,38.90020219,-33.70251662,126390.921875,0.3787039322375464,56516.41160976188,20.202093,0.337106
1753,38.90020219,-33.70251662,126390.921875,0.3787039322375464,56518.426743935794,20.68769,0.189411
1753,38.90020219,-33.70251662,126390.921875,0.3787039322375464,56560.26415401604,19.803673,0.142616
1753,38.90020219,-33.70251662,126390.921875,0.3787039322375464,56560.33227429446,19.886229,0.03354
1753,38.90020219,-33.70251662,126390.921875,0.3787039322375464,56568.27044648258,20.263078,0.246032
1753,38.90020219,-33.70251662,126390.921875,0.3787039322375464,56570.28288625786,20.77944,0.03354
1753,38.90020219,-33.70251662,126390.921875,0.3787039322375464,56578.234888663515,19.978458,0.201272
1753,38.90020219,-33.70251662,126390.921875,0.3787039322375464,56622.11110599572,20.47608,0.180643
1753,38.90020219,-33.70251662,126390.921875,0.3787039322375464,56626.188660338055,20.087573,0.216298
1753,38.90020219,-33.70251662,126390.921875,0.3787039322375464,56628.0895494665,20.202557,0.103278
1753,38.90020219,-33.70251662,126390.921875,0.3787039322375464,56630.08557788702,20.61193,0.152611
1753,38.90020219,-33.70251662,126390.921875,0.3787039322375464,56838.42918717535,20.441302,0.08444
1753,38.90020219,-33.70251662,126390.921875,0.3787039322375464,56844.4025373389,20.267316,0.158171
1753,38.90020219,-33.70251662,126390.921875,0.3787039322375464,56949.25820754096,20.169937,0.100977
1753,38.90020219,-33.70251662,126390.921875,0.3787039322375464,56949.33148960397,20.522226,0.331066
1753,38.90020219,-33.70251662,126390.921875,0.3787039322375464,56955.251892749686,20.057832,0.125589
1753,38.90020219,-33.70251662,126390.921875,0.3787039322375464,56955.34343767073,20.313526,0.178666
1753,38.90020219,-33.70251662,126390.921875,0.3787039322375464,56963.27308361279,20.229132,0.3101
1753,38.90020219,-33.70251662,126390.921875,0.3787039322375464,57303.25632457435,20.067874,0.134825
1753,38.90020219,-33.70251662,126390.921875,0.3787039322375464,57303.2575050476,20.135895,0.12923
1753,38.90020219,-33.70251662,126390.921875,0.3787039322375464,57360.068929689936,20.04149,0.144309
1754,38.94839152,-34.02913103,127991.914062,0.6515498214471676,56211.3371465262,20.240993,0.245508
1754,38.94839152,-34.02913103,127991.914062,0.6515498214471676,56267.0883180988,20.646764,0.213084
1754,38.94839152,-34.02913103,127991.914062,0.6515498214471676,56277.06850516237,20.244377,0.094478
1754,38.94839152,-34.02913103,127991.914062,0.6515498214471676,56277.151686291676,20.257991,0.122506
1754,38.94839152,-34.02913103,127991.914062,0.6515498214471676,56510.43688439857,20.225247,0.127543
1754,38.94839152,-34.02913103,127991.914062,0.6515498214471676,56518.4314183658,20.240079,0.094229
1754,38.94839152,-34.02913103,127991.914062,0.6515498214471676,56570.28287523426,20.494253,0.140322
1754,38.94839152,-34.02913103,127991.914062,0.6515498214471676,56570.3367835097,20.223387,0.15021
1754,38.94839152,-34.02913103,127991.914062,0.6515498214471676,56618.11676758574,20.413083,0.138454
1754,38.94839152,-34.02913103,127991.914062,0.6515498214471676,56622.111117024906,20.690604,0.178819
1754,38.94839152,-34.02913103,127991.914062,0.6515498214471676,56622.19547689473,20.644968,0.114885
1754,38.94839152,-34.02913103,127991.914062,0.6515498214471676,56624.20240820618,20.567871,0.181342
1754,38.94839152,-34.02913103,127991.914062,0.6515498214471676,56626.10324798245,20.574974,0.183884
1754,38.94839152,-34.02913103,127991.914062,0.6515498214471676,56630.085591965355,20.651157,0.120759
1754,38.94839152,-34.02913103,127991.914062,0.6515498214471676,56632.09315266693,20.467041,0.115342
1754,38.94839152,-34.02913103,127991.914062,0.6515498214471676,56632.17650647368,20.380018,0.101046
1754,38.94839152,-34.02913103,127991.914062,0.6515498214471676,56636.0853013997,20.380034,0.135846
1754,38.94839152,-34.02913103,127991.914062,0.6515498214471676,56636.16859769402,20.240176,0.228051
1754,38.94839152,-34.02913103,127991.914062,0.6515498214471676,56836.429495305754,20.310233,0.188335
1754,38.94839152,-34.02913103,127991.914062,0.6515498214471676,56838.4087613672,20.650147,0.17291
1754,38.94839152,-34.02913103,127991.914062,0.6515498214471676,56838.42916662479,20.709974,0.183436
1754,38.94839152,-34.02913103,127991.914062,0.6515498214471676,56840.423856319394,20.630424,0.142692
1754,38.94839152,-34.02913103,127991.914062,0.6515498214471676,56844.35618436849,20.637992,0.146552
1754,38.94839152,-34.02913103,127991.914062,0.6515498214471676,56846.34879973624,20.68079,0.189676
1754,38.94839152,-34.02913103,127991.914062,0.6515498214471676,56846.39881123928,20.370013,0.212109
1754,38.94839152,-34.02913103,127991.914062,0.6515498214471676,56949.258202211,20.753414,0.140009
1754,38.94839152,-34.02913103,127991.914062,0.6515498214471676,56949.33148430567,20.43643,0.155541
1754,38.94839152,-34.02913103,127991.914062,0.6515498214471676,56951.2574082925,20.55299,0.147956
1754,38.94839152,-34.02913103,127991.914062,0.6515498214471676,56951.33101448929,20.324392,0.110046
1754,38.94839152,-34.02913103,127991.914062,0.6515498214471676,56955.251890023705,20.612737,0.172048
1754,38.94839152,-34.02913103,127991.914062,0.6515498214471676,56955.34343498526,20.442844,0.195071
1754,38.94839152,-34.02913103,127991.914062,0.6515498214471676,56959.238358452916,20.825107,0.165003
1754,38.94839152,-34.02913103,127991.914062,0.6515498214471676,57305.36256845202,20.206919,0.065955
1754,38.94839152,-34.02913103,127991.914062,0.6515498214471676,57362.067105283495,20.096388,0.12201
1754,38.94839152,-34.02913103,127991.914062,0.6515498214471676,57362.06827422697,20.271444,0.125564
1754,38.94839152,-34.02913103,127991.914062,0.6515498214471676,57362.15254230704,20.406011,0.156715
1758,38.98702123,-31.94054226,128242.046875,0.1481003498191707,56205.23208838701,20.099801,0.252786
1758,38.98702123,-31.94054226,128242.046875,0.1481003498191707,56215.257572662085,20.459805,0.17558
1758,38.98702123,-31.94054226,128242.046875,0.1481003498191707,56221.2404628736,19.941975,0.157876
1758,38.98702123,-31.94054226,128242.046875,0.1481003498191707,56508.35732482746,20.812829,0.182481
1758,38.98702123,-31.94054226,128242.046875,0.1481003498191707,56510.433516082354,20.776791,0.187415
1758,38.98702123,-31.94054226,128242.046875,0.1481003498191707,56510.437046051025,20.864069,0.271658
1758,38.98702123,-31.94054226,128242.046875,0.1481003498191707,56516.4117479804,20.033802,0.215541
1758,38.98702123,-31.94054226,128242.046875,0.1481003498191707,56518.42688229447,20.597805,0.15493
1758,38.98702123,-31.94054226,128242.046875,0.1481003498191707,56518.431581164245,20.691706,0.261724
1758,38.98702123,-31.94054226,128242.046875,0.1481003498191707,56568.27053552866,20.705621,0.185442
1758,38.98702123,-31.94054226,128242.046875,0.1481003498191707,56570.28297147667,20.579801,0.172624
1758,38.98702123,-31.94054226,128242.046875,0.1481003498191707,56572.25551446155,20.5058,0.193339
1758,38.98702123,-31.94054226,128242.046875,0.1481003498191707,56578.23495776113,20.700316,0.207181
1758,38.98702123,-31.94054226,128242.046875,0.1481003498191707,56618.11673318548,20.519062,0.174593
1758,38.98702123,-31.94054226,128242.046875,0.1481003498191707,56622.11107147718,20.667064,0.151009
1758,38.98702123,-31.94054226,128242.046875,0.1481003498191707,56622.19543111371,20.324813,0.146111
1758,38.98702123,-31.94054226,128242.046875,0.1481003498191707,56624.11885354761,20.51232,0.170655
1758,38.98702123,-31.94054226,128242.046875,0.1481003498191707,56624.20235690568,20.439059,0.160819
1758,38.98702123,-31.94054226,128242.046875,0.1481003498191707,56626.18861625437,19.972766,0.143176
1758,38.98702123,-31.94054226,128242.046875,0.1481003498191707,56628.089500996284,20.223072,0.162788
1758,38.98702123,-31.94054226,128242.046875,0.1481003498191707,56632.09308033064,20.026067,0.134389
1758,38.98702123,-31.94054226,128242.046875,0.1481003498191707,56632.176433921326,20.815066,0.181493
1758,38.98702123,-31.94054226,128242.046875,0.1481003498191707,56636.0852189078,20.171061,0.19927
1758,38.98702123,-31.94054226,128242.046875,0.1481003498191707,56636.16851499444,20.617068,0.287569
1758,38.98702123,-31.94054226,128242.046875,0.1481003498191707,56836.4109614077,20.814533,0.168687
1758,38.98702123,-31.94054226,128242.046875,0.1481003498191707,56836.42960747471,20.319063,0.126606
1758,38.98702123,-31.94054226,128242.046875,0.1481003498191707,56838.42928285431,20.487722,0.162671
1758,38.98702123,-31.94054226,128242.046875,0.1481003498191707,56840.423976460006,20.457019,0.272823
1758,38.98702123,-31.94054226,128242.046875,0.1481003498191707,56844.35631178925,20.692803,0.164753
1758,38.98702123,-31.94054226,128242.046875,0.1481003498191707,56846.34893062059,20.913073,0.220054
1758,38.98702123,-31.94054226,128242.046875,0.1481003498191707,56951.2574647828,20.317241,0.243135
1758,38.98702123,-31.94054226,128242.046875,0.1481003498191707,56951.331070780754,20.518943,0.249821
1758,38.98702123,-31.94054226,128242.046875,0.1481003498191707,56953.28296136763,20.377802,0.165735
1758,38.98702123,-31.94054226,128242.046875,0.1481003498191707,56953.35957647348,20.735805,0.207181
1758,38.98702123,-31.94054226,128242.046875,0.1481003498191707,56955.25193560263,20.420478,0.151987
1758,38.98702123,-31.94054226,128242.046875,0.1481003498191707,56955.343480311334,20.776984,0.242859
1758,38.98702123,-31.94054226,128242.046875,0.1481003498191707,56959.238392922096,20.392694,0.224532
1758,38.98702123,-31.94054226,128242.046875,0.1481003498191707,56963.273107467685,20.2648,0.186427
1762,39.10064577,-33.9631583,120275.054688,0.4055964851597438,55484.34846885037,20.114237,0.102646
1762,39.10064577,-33.9631583,120275.054688,0.4055964851597438,55507.02859816002,20.307396,0.112598
1762,39.10064577,-33.9631583,120275.054688,0.4055964851597438,55507.25625854358,20.439238,0.13348
1762,39.10064577,-33.9631583,120275.054688,0.4055964851597438,56205.2343561803,20.08936,0.080367
1762,39.10064577,-33.9631583,120275.054688,0.4055964851597438,56211.33716059523,20.272992,0.24551
1762,39.10064577,-33.9631583,120275.054688,0.4055964851597438,56211.36111726938,20.31122,0.199583
1762,39.10064577,-33.9631583,120275.054688,0.4055964851597438,56221.30899308622,20.157974,0.139403
1762,39.10064577,-33.9631583,120275.054688,0.4055964851597438,56265.09211754473,20.208992,0.222564
1762,39.10064577,-33.9631583,120275.054688,0.4055964851597438,56267.088324508164,20.434589,0.169374
1762,39.10064577,-33.9631583,120275.054688,0.4055964851597438,56267.171481564175,19.851255,0.099271
1762,39.10064577,-33.9631583,120275.054688,0.4055964851597438,56271.171281007584,20.376501,0.181231
1762,39.10064577,-33.9631583,120275.054688,0.4055964851597438,56273.079517117236,20.476536,0.041062
1762,39.10064577,-33.9631583,120275.054688,0.4055964851597438,56277.06850929139,20.248378,0.153559
1762,39.10064577,-33.9631583,120275.054688,0.4055964851597438,56510.43336154567,20.410992,0.268729
1762,39.10064577,-33.9631583,120275.054688,0.4055964851597438,56510.43689151434,20.524992,0.147884
1762,39.10064577,-33.9631583,120275.054688,0.4055964851597438,56516.41159353545,20.531922,0.214753
1762,39.10064577,-33.9631583,120275.054688,0.4055964851597438,56570.28288941225,20.337431,0.131911
1762,39.10064577,-33.9631583,120275.054688,0.4055964851597438,56570.33679768769,20.588466,0.184015
1762,39.10064577,-33.9631583,120275.054688,0.4055964851597438,56618.11677690316,19.983465,0.143783
1762,39.10064577,-33.9631583,120275.054688,0.4055964851597438,56622.11112557538,20.269992,0.175268
1762,39.10064577,-33.9631583,120275.054688,0.4055964851597438,56622.19548542844,20.268378,0.09806
1762,39.10064577,-33.9631583,120275.054688,0.4055964851597438,56630.08559886599,20.548378,0.120928
1762,39.10064577,-33.9631583,120275.054688,0.4055964851597438,56838.40875948127,20.578554,0.156836
1762,39.10064577,-33.9631583,120275.054688,0.4055964851597438,56838.42916474398,20.661782,0.173479
1762,39.10064577,-33.9631583,120275.054688,0.4055964851597438,56844.35618396662,20.224395,0.13985
1762,39.10064577,-33.9631583,120275.054688,0.4055964851597438,56846.3487998331,20.122185,0.142229
1762,39.10064577,-33.9631583,120275.054688,0.4055964851597438,56846.398811348714,20.524027,0.283102
1762,39.10064577,-33.9631583,120275.054688,0.4055964851597438,56949.3314980194,20.443431,0.214742
1762,39.10064577,-33.9631583,120275.054688,0.4055964851597438,56951.33102806751,20.858765,0.118539
1762,39.10064577,-33.9631583,120275.054688,0.4055964851597438,56953.359539118595,20.432571,0.181252
1762,39.10064577,-33.9631583,120275.054688,0.4055964851597438,56955.25190328853,20.527747,0.156862
1762,39.10064577,-33.9631583,120275.054688,0.4055964851597438,56955.34344824217,20.523852,0.198598
1762,39.10064577,-33.9631583,120275.054688,0.4055964851597438,56963.27309684316,19.923079,0.101168
1762,39.10064577,-33.9631583,120275.054688,0.4055964851597438,57346.05475725839,19.857921,0.129782
1762,39.10064577,-33.9631583,120275.054688,0.4055964851597438,57362.152548871,20.779431,0.224032
1762,39.10064577,-33.9631583,120275.054688,0.4055964851597438,57364.06957118213,20.061886,0.153686
1768,39.29253666,-34.88133675,143196.0,0.5419561355805299,55507.03116840497,20.870577,0.135861
1768,39.29253666,-34.88133675,143196.0,0.5419561355805299,55507.170454460196,21.125971,0.136245
1768,39.29253666,-34.88133675,143196.0,0.5419561355805299,56183.251699029934,20.440803,0.19373
1768,39.29253666,-34.88133675,143196.0,0.5419561355805299,56215.220199815,20.360109,0.246154
1768,39.29253666,-34.88133675,143196.0,0.5419561355805299,56265.095760533586,20.684652,0.18946
1768,39.29253666,-34.88133675,143196.0,0.5419561355805299,56267.17508029286,20.151968,0.157213
1768,39.29253666,-34.88133675,143196.0,0.5419561355805299,56271.09203848848,20.591734,0.167932
1768,39.29253666,-34.88133675,143196.0,0.5419561355805299,56273.16802661028,20.251613,0.142824
1768,39.29253666,-34.88133675,143196.0,0.5419561355805299,56277.072116864845,20.28973,0.158665
1768,39.29253666,-34.88133675,143196.0,0.5419561355805299,56277.155332764145,20.691005,0.197399
1768,39.29253666,-34.88133675,143196.0,0.5419561355805299,56508.350816044025,20.035781,0.151936
1768,39.29253666,-34.88133675,143196.0,0.5419561355805299,56514.320404838305,20.096132,0.161055
1768,39.29253666,-34.88133675,143196.0,0.5419561355805299,56514.429902881384,20.462253,0.199481
1768,39.29253666,-34.88133675,143196.0,0.5419561355805299,56520.40061303694,20.961763,0.165133
1768,39.29253666,-34.88133675,143196.0,0.5419561355805299,56520.42208198272,20.91087,0.180849
1768,39.29253666,-34.88133675,143196.0,0.5419561355805299,56564.26455987571,20.478402,0.193261
1768,39.29253666,-34.88133675,143196.0,0.5419561355805299,56576.227351411246,20.588576,0.178256
1768,39.29253666,-34.88133675,143196.0,0.5419561355805299,56578.29401662992,20.546302,0.20898
1768,39.29253666,-34.88133675,143196.0,0.5419561355805299,56943.196667636745,20.782084,0.19297
1768,39.29253666,-34.88133675,143196.0,0.5419561355805299,56949.20719004655,20.656671,0.163399
1768,39.29253666,-34.88133675,143196.0,0.5419561355805299,56951.21091201529,20.643877,0.163331
1768,39.29253666,-34.88133675,143196.0,0.5419561355805299,56951.298082221765,20.655975,0.184092
1768,39.29253666,-34.88133675,143196.0,0.5419561355805299,56953.17452228721,20.924432,0.182129
1768,39.29253666,-34.88133675,143196.0,0.5419561355805299,56953.25788493501,20.783958,0.17325
1768,39.29253666,-34.88133675,143196.0,0.5419561355805299,56955.22928566206,20.811171,0.197777
1768,39.29253666,-34.88133675,143196.0,0.5419561355805299,56959.21573547367,20.90284,0.173942
1768,39.29253666,-34.88133675,143196.0,0.5419561355805299,56959.29289503209,20.306165,0.183435
1768,39.29253666,-34.88133675,143196.0,0.5419561355805299,56961.213089247234,20.958623,0.162165
1768,39.29253666,-34.88133675,143196.0,0.5419561355805299,57307.226230017375,20.219457,0.156988
1768,39.29253666,-34.88133675,143196.0,0.5419561355805299,57313.18276145542,19.999074,0.242925
1768,39.29253666,-34.88133675,143196.0,0.5419561355805299,57313.18394193193,19.956514,0.158157
1768,39.29253666,-34.88133675,143196.0,0.5419561355805299,57362.07432074146,20.593715,0.181566
1768,39.29253666,-34.88133675,143196.0,0.5419561355805299,57362.1585310176,20.687918,0.182862
1768,39.29253666,-34.88133675,143196.0,0.5419561355805299,57364.07680514082,20.12479,0.166292
1768,39.29253666,-34.88133675,143196.0,0.5419561355805299,57364.160298021976,20.150255,0.215586
1770,39.35002496,-34.89795666,141696.53125,0.3698453214597527,55484.14492923254,20.407591,0.155189
1770,39.35002496,-34.89795666,141696.53125,0.3698453214597527,55507.031172731426,20.725747,0.136549
1770,39.35002496,-34.89795666,141696.53125,0.3698453214597527,55507.17045878759,20.639773,0.11449
1770,39.35002496,-34.89795666,141696.53125,0.3698453214597527,56183.25170123018,20.621965,0.203892
1770,39.35002496,-34.89795666,141696.53125,0.3698453214597527,56213.22244489938,20.439208,0.208045
1770,39.35002496,-34.89795666,141696.53125,0.3698453214597527,56215.30088112084,20.780188,0.16684
1770,39.35002496,-34.89795666,141696.53125,0.3698453214597527,56265.09576454805,20.759787,0.165598
1770,39.35002496,-34.89795666,141696.53125,0.3698453214597527,56273.16803035606,20.680811,0.171343
1770,39.35002496,-34.89795666,141696.53125,0.3698453214597527,56277.15533635067,20.597651,0.202199
1770,39.35002496,-34.89795666,141696.53125,0.3698453214597527,56508.35081527755,20.727187,0.189036
1770,39.35002496,-34.89795666,141696.53125,0.3698453214597527,56514.32040452538,20.842338,0.177137
1770,39.35002496,-34.89795666,141696.53125,0.3698453214597527,56514.42990257731,20.85835,0.20006
1770,39.35002496,-34.89795666,141696.53125,0.3698453214597527,56518.307024177164,20.497868,0.191175
1770,39.35002496,-34.89795666,141696.53125,0.3698453214597527,56518.37291256245,20.846523,0.178394
1770,39.35002496,-34.89795666,141696.53125,0.3698453214597527,56520.400613189675,20.859519,0.163861
1770,39.35002496,-34.89795666,141696.53125,0.3698453214597527,56520.42208213732,20.948,0.169708
1770,39.35002496,-34.89795666,141696.53125,0.3698453214597527,56570.23157293582,20.762617,0.191999
1770,39.35002496,-34.89795666,141696.53125,0.3698453214597527,56570.34633358335,20.63447,0.193139
1770,39.35002496,-34.89795666,141696.53125,0.3698453214597527,56576.22735510953,20.863501,0.187115
1770,39.35002496,-34.89795666,141696.53125,0.3698453214597527,56576.35809853021,20.431719,0.182392
1770,39.35002496,-34.89795666,141696.53125,0.3698453214597527,56618.12034171494,20.408878,0.163506
1770,39.35002496,-34.89795666,141696.53125,0.3698453214597527,56622.11469475133,20.576386,0.204155
1770,39.35002496,-34.89795666,141696.53125,0.3698453214597527,56624.12250721548,20.553579,0.187517
1770,39.35002496,-34.89795666,141696.53125,0.3698453214597527,56626.10684064869,20.835204,0.169303
1770,39.35002496,-34.89795666,141696.53125,0.3698453214597527,56630.08923404245,20.854351,0.160649
1770,39.35002496,-34.89795666,141696.53125,0.3698453214597527,56632.09686566144,20.724781,0.184168
1770,39.35002496,-34.89795666,141696.53125,0.3698453214597527,56949.20719401818,20.703669,0.166416
1770,39.35002496,-34.89795666,141696.53125,0.3698453214597527,56951.21091604605,20.844795,0.165589
1770,39.35002496,-34.89795666,141696.53125,0.3698453214597527,56953.17452637106,20.314958,0.145119
1770,39.35002496,-34.89795666,141696.53125,0.3698453214597527,56955.30143795768,20.641874,0.186895
1770,39.35002496,-34.89795666,141696.53125,0.3698453214597527,56961.21309349779,20.929836,0.17035
1770,39.35002496,-34.89795666,141696.53125,0.3698453214597527,56963.19091360364,20.281257,0.19346
1770,39.35002496,-34.89795666,141696.53125,0.3698453214597527,56963.27427666215,20.651024,0.208077
1770,39.35002496,-34.89795666,141696.53125,0.3698453214597527,57311.21500348719,20.437446,0.180971
1773,39.37648367,-34.91236657,139493.5625,0.589334625287071,56215.30088267755,20.597008,0.199244
1773,39.37648367,-34.91236657,139493.5625,0.589334625287071,56223.358198444825,20.304821,0.247879
1773,39.37648367,-34.91236657,139493.5625,0.589334625287071,56267.17508632224,20.215501,0.171155
1773,39.37648367,-34.91236657,139493.5625,0.589334625287071,56269.08948473446,20.677711,0.202744
1773,39.37648367,-34.91236657,139493.5625,0.589334625287071,56273.16803238634,20.931196,0.168414
1773,39.37648367,-34.91236657,139493.5625,0.589334625287071,56508.35081438953,20.896861,0.186968
1773,39.37648367,-34.91236657,139493.5625,0.589334625287071,56510.36932259239,20.72107,0.191433
1773,39.37648367,-34.91236657,139493.5625,0.589334625287071,56518.372912022285,20.69386,0.190416
1773,39.37648367,-34.91236657,139493.5625,0.589334625287071,56520.40061272262,20.592868,0.174554
1773,39.37648367,-34.91236657,139493.5625,0.589334625287071,56520.422081670724,20.491854,0.180855
1773,39.37648367,-34.91236657,139493.5625,0.589334625287071,56562.348363871686,20.346417,0.203422
1773,39.37648367,-34.91236657,139493.5625,0.589334625287071,56564.26456411183,20.813286,0.182534
1773,39.37648367,-34.91236657,139493.5625,0.589334625287071,56568.23483614158,20.444129,0.203985
1773,39.37648367,-34.91236657,139493.5625,0.589334625287071,56570.346334863454,20.75018,0.195167
1773,39.37648367,-34.91236657,139493.5625,0.589334625287071,56572.36498128949,20.210276,0.167396
1773,39.37648367,-34.91236657,139493.5625,0.589334625287071,56576.227356554475,21.091042,0.234048
1773,39.37648367,-34.91236657,139493.5625,0.589334625287071,56578.20857630018,20.160538,0.189289
1773,39.37648367,-34.91236657,139493.5625,0.589334625287071,56622.11469685519,20.810911,0.191051
1773,39.37648367,-34.91236657,139493.5625,0.589334625287071,56624.122509319335,20.633966,0.190811
1773,39.37648367,-34.91236657,139493.5625,0.589334625287071,56624.20605927054,20.329747,0.176347
1773,39.37648367,-34.91236657,139493.5625,0.589334625287071,56626.10684274975,20.675991,0.186151
1773,39.37648367,-34.91236657,139493.5625,0.589334625287071,56626.192267792765,20.803583,0.167962
1773,39.37648367,-34.91236657,139493.5625,0.589334625287071,56628.09317072574,20.70388,0.174561
1773,39.37648367,-34.91236657,139493.5625,0.589334625287071,56628.178711674176,20.670586,0.182092
1773,39.37648367,-34.91236657,139493.5625,0.589334625287071,56636.08889186941,20.438497,0.191542
1773,39.37648367,-34.91236657,139493.5625,0.589334625287071,56943.19667289173,20.734076,0.193044
1773,39.37648367,-34.91236657,139493.5625,0.589334625287071,56951.298087940086,20.303035,0.148888
1773,39.37648367,-34.91236657,139493.5625,0.589334625287071,56953.1745280968,20.923551,0.17534
1773,39.37648367,-34.91236657,139493.5625,0.589334625287071,56953.257890748326,20.693996,0.178093
1773,39.37648367,-34.91236657,139493.5625,0.589334625287071,56959.215741532855,20.866937,0.17437
1773,39.37648367,-34.91236657,139493.5625,0.589334625287071,56963.19091551192,20.548016,0.224752
1773,39.37648367,-34.91236657,139493.5625,0.589334625287071,56963.27427857183,20.591941,0.209899
1773,39.37648367,-34.91236657,139493.5625,0.589334625287071,57339.12930457713,20.1996,0.188085
1773,39.37648367,-34.91236657,139493.5625,0.589334625287071,57362.074326802045,20.468896,0.188261
1773,39.37648367,-34.91236657,139493.5625,0.589334625287071,57362.15853707492,20.794829,0.180127
1773,39.37648367,-34.91236657,139493.5625,0.589334625287071,57364.07563060662,20.828983,0.191206
1779,39.46422475717648,-35.338800241181715,139701.625,0.558408653887189,55507.258841280825,20.936272,0.124162
1779,39.46422475717648,-35.338800241181715,139701.625,0.558408653887189,56183.25167845702,20.280916,0.167964
1779,39.46422475717648,-35.338800241181715,139701.625,0.558408653887189,56183.335145361256,20.471084,0.155583
1779,39.46422475717648,-35.338800241181715,139701.625,0.558408653887189,56211.29404928442,20.728129,0.18939
1779,39.46422475717648,-35.338800241181715,139701.625,0.558408653887189,56221.20989676798,20.236079,0.141221
1779,39.46422475717648,-35.338800241181715,139701.625,0.558408653887189,56221.292646038346,20.259211,0.169669
1779,39.46422475717648,-35.338800241181715,139701.625,0.558408653887189,56267.17510765372,20.872182,0.18939
1779,39.46422475717648,-35.338800241181715,139701.625,0.558408653887189,56273.16805631155,20.139181,0.11857
1779,39.46422475717648,-35.338800241181715,139701.625,0.558408653887189,56277.072147923056,19.980915,0.176212
1779,39.46422475717648,-35.338800241181715,139701.625,0.558408653887189,56277.15536384983,20.588426,0.147091
1779,39.46422475717648,-35.338800241181715,139701.625,0.558408653887189,56508.350781461224,20.448119,0.139269
1779,39.46422475717648,-35.338800241181715,139701.625,0.558408653887189,56514.42986942781,20.28394,0.157819
1779,39.46422475717648,-35.338800241181715,139701.625,0.558408653887189,56518.30699165305,20.073496,0.15871
1779,39.46422475717648,-35.338800241181715,139701.625,0.558408653887189,56518.37288004998,20.279354,0.128715
1779,39.46422475717648,-35.338800241181715,139701.625,0.558408653887189,56520.4005810665,20.979479,0.193341
1779,39.46422475717648,-35.338800241181715,139701.625,0.558408653887189,56520.42205001833,21.002645,0.194328
1779,39.46422475717648,-35.338800241181715,139701.625,0.558408653887189,56564.264548106585,20.746978,0.16672
1779,39.46422475717648,-35.338800241181715,139701.625,0.558408653887189,56564.33446234418,20.776914,0.208171
1779,39.46422475717648,-35.338800241181715,139701.625,0.558408653887189,56570.23156134179,20.098073,0.173782
1779,39.46422475717648,-35.338800241181715,139701.625,0.558408653887189,56572.22663406236,21.01296,0.201248
1779,39.46422475717648,-35.338800241181715,139701.625,0.558408653887189,56576.35809047241,20.367449,0.134391
1779,39.46422475717648,-35.338800241181715,139701.625,0.558408653887189,56622.1991426358,20.216407,0.142611
1779,39.46422475717648,-35.338800241181715,139701.625,0.558408653887189,56624.122526687104,20.847773,0.173611
1779,39.46422475717648,-35.338800241181715,139701.625,0.558408653887189,56626.19228618452,20.690549,0.168688
1779,39.46422475717648,-35.338800241181715,139701.625,0.558408653887189,56628.17873102659,20.670944,0.164326
1779,39.46422475717648,-35.338800241181715,139701.625,0.558408653887189,56632.180138660595,20.812344,0.198282
1779,39.46422475717648,-35.338800241181715,139701.625,0.558408653887189,56636.17229221063,20.38492,0.143177
1779,39.46422475717648,-35.338800241181715,139701.625,0.558408653887189,56943.28054752899,20.08161,0.120783
1779,39.46422475717648,-35.338800241181715,139701.625,0.558408653887189,56951.210913706105,20.749464,0.15199
1779,39.46422475717648,-35.338800241181715,139701.625,0.558408653887189,56953.17452521343,21.009197,0.18051
1779,39.46422475717648,-35.338800241181715,139701.625,0.558408653887189,56953.257887913845,20.878465,0.16672
1779,39.46422475717648,-35.338800241181715,139701.625,0.558408653887189,56955.22928987816,21.081837,0.208171
1779,39.46422475717648,-35.338800241181715,139701.625,0.558408653887189,56955.30143808294,20.933181,0.18051
1779,39.46422475717648,-35.338800241181715,139701.625,0.558408653887189,56959.215742173605,21.0687,0.196305
1779,39.46422475717648,-35.338800241181715,139701.625,0.558408653887189,56961.21309718024,20.435116,0.157438
1779,39.46422475717648,-35.338800241181715,139701.625,0.558408653887189,57311.214997999836,20.341326,0.181011
1779,39.46422475717648,-35.338800241181715,139701.625,0.558408653887189,57362.07434773678,20.012145,0.135377
1779,39.46422475717648,-35.338800241181715,139701.625,0.558408653887189,57362.15855804831,20.504951,0.131589
1779,39.46422475717648,-35.338800241181715,139701.625,0.558408653887189,57364.160325881094,20.696277,0.216091
1782,39.56491664,-34.96063222,138070.6875,0.5278079571446838,55484.144943539985,20.813902,0.165118
1782,39.56491664,-34.96063222,138070.6875,0.5278079571446838,56183.25170937972,20.61737,0.210513
1782,39.56491664,-34.96063222,138070.6875,0.5278079571446838,56185.27343120752,20.604842,0.171313
1782,39.56491664,-34.96063222,138070.6875,0.5278079571446838,56185.36239535594,20.57719,0.226507
1782,39.56491664,-34.96063222,138070.6875,0.5278079571446838,56187.327255828306,19.710405,0.161448
1782,39.56491664,-34.96063222,138070.6875,0.5278079571446838,56195.30579815665,20.47021,0.217912
1782,39.56491664,-34.96063222,138070.6875,0.5278079571446838,56213.22245900938,19.975968,0.179188
1782,39.56491664,-34.96063222,138070.6875,0.5278079571446838,56215.30089551443,20.115464,0.168556
1782,39.56491664,-34.96063222,138070.6875,0.5278079571446838,56221.209913895,20.661031,0.240406
1782,39.56491664,-34.96063222,138070.6875,0.5278079571446838,56223.22840556968,19.913202,0.187649
1782,39.56491664,-34.96063222,138070.6875,0.5278079571446838,56267.091941938736,20.300501,0.150054
1782,39.56491664,-34.96063222,138070.6875,0.5278079571446838,56267.17509906227,20.56726,0.184394
1782,39.56491664,-34.96063222,138070.6875,0.5278079571446838,56269.17342999764,20.223107,0.184866
1782,39.56491664,-34.96063222,138070.6875,0.5278079571446838,56277.072133927606,20.052956,0.147922
1782,39.56491664,-34.96063222,138070.6875,0.5278079571446838,56277.15534981061,20.608232,0.207777
1782,39.56491664,-34.96063222,138070.6875,0.5278079571446838,56508.26611599699,20.1704,0.160427
1782,39.56491664,-34.96063222,138070.6875,0.5278079571446838,56508.35081232479,20.754158,0.189155
1782,39.56491664,-34.96063222,138070.6875,0.5278079571446838,56510.3693210301,20.091514,0.159454
1782,39.56491664,-34.96063222,138070.6875,0.5278079571446838,56518.30702406075,20.348491,0.177152
1782,39.56491664,-34.96063222,138070.6875,0.5278079571446838,56518.37291246466,20.521259,0.186562
1782,39.56491664,-34.96063222,138070.6875,0.5278079571446838,56520.400613672566,20.239485,0.137913
1782,39.56491664,-34.96063222,138070.6875,0.5278079571446838,56520.42208262626,20.39523,0.164958
1782,39.56491664,-34.96063222,138070.6875,0.5278079571446838,56562.243080364075,20.862741,0.147411
1782,39.56491664,-34.96063222,138070.6875,0.5278079571446838,56564.2645747019,20.766998,0.190747
1782,39.56491664,-34.96063222,138070.6875,0.5278079571446838,56564.33448891528,20.428225,0.199107
1782,39.56491664,-34.96063222,138070.6875,0.5278079571446838,56572.22665766161,20.552319,0.200779
1782,39.56491664,-34.96063222,138070.6875,0.5278079571446838,56576.35811233008,20.297958,0.170049
1782,39.56491664,-34.96063222,138070.6875,0.5278079571446838,56620.199999795295,20.85165,0.213457
1782,39.56491664,-34.96063222,138070.6875,0.5278079571446838,56626.10685610119,20.704288,0.180275
1782,39.56491664,-34.96063222,138070.6875,0.5278079571446838,56628.09318390163,20.259252,0.151255
1782,39.56491664,-34.96063222,138070.6875,0.5278079571446838,56628.178724842146,20.554254,0.169145
1782,39.56491664,-34.96063222,138070.6875,0.5278079571446838,56630.08924911497,20.767772,0.162425
1782,39.56491664,-34.96063222,138070.6875,0.5278079571446838,56636.088904185686,20.528038,0.201897
1782,39.56491664,-34.96063222,138070.6875,0.5278079571446838,56638.084580908064,19.997669,0.213443
1782,39.56491664,-34.96063222,138070.6875,0.5278079571446838,56638.16759965196,20.063328,0.206776
1782,39.56491664,-34.96063222,138070.6875,0.5278079571446838,56943.19668543385,20.391619,0.183595
1782,39.56491664,-34.96063222,138070.6875,0.5278079571446838,56943.280568648595,20.507166,0.214087
1782,39.56491664,-34.96063222,138070.6875,0.5278079571446838,56949.20720883319,20.917714,0.159859
1782,39.56491664,-34.96063222,138070.6875,0.5278079571446838,56951.21093108505,20.776799,0.168668
1782,39.56491664,-34.96063222,138070.6875,0.5278079571446838,56953.17454161169,20.149122,0.134224
1782,39.56491664,-34.96063222,138070.6875,0.5278079571446838,56953.25790426973,20.822119,0.17175
1782,39.56491664,-34.96063222,138070.6875,0.5278079571446838,56955.30145339668,20.11784,0.151519
1782,39.56491664,-34.96063222,138070.6875,0.5278079571446838,56961.21310937358,20.477874,0.17983
1782,39.56491664,-34.96063222,138070.6875,0.5278079571446838,56963.190929587465,20.068615,0.190667
1782,39.56491664,-34.96063222,138070.6875,0.5278079571446838,56963.27429265017,20.484764,0.192117
1782,39.56491664,-34.96063222,138070.6875,0.5278079571446838,57342.15900030825,19.919594,0.219274
1782,39.56491664,-34.96063222,138070.6875,0.5278079571446838,57360.15940297302,20.551417,0.208044
1784,39.57521847,-34.96447018,132580.4375,0.5933663687473109,55484.14494419703,20.674613,0.165832
1784,39.57521847,-34.96447018,132580.4375,0.5933663687473109,56179.38394411374,20.405797,0.177959
1784,39.57521847,-34.96447018,132580.4375,0.5933663687473109,56185.362395716365,20.170297,0.178317
1784,39.57521847,-34.96447018,132580.4375,0.5933663687473109,56207.32909874385,19.745808,0.150679
1784,39.57521847,-34.96447018,132580.4375,0.5933663687473109,56211.294071686454,20.447512,0.182564
1784,39.57521847,-34.96447018,132580.4375,0.5933663687473109,56213.22245965572,20.117308,0.174979
1784,39.57521847,-34.96447018,132580.4375,0.5933663687473109,56213.32034656592,20.19667,0.189865
1784,39.57521847,-34.96447018,132580.4375,0.5933663687473109,56219.21707082586,20.318344,0.232804
1784,39.57521847,-34.96447018,132580.4375,0.5933663687473109,56223.35821272805,20.450961,0.260663
1784,39.57521847,-34.96447018,132580.4375,0.5933663687473109,56263.09480741946,20.120226,0.165954
1784,39.57521847,-34.96447018,132580.4375,0.5933663687473109,56267.175099805,20.655977,0.194849
1784,39.57521847,-34.96447018,132580.4375,0.5933663687473109,56269.089497993235,20.297896,0.19584
1784,39.57521847,-34.96447018,132580.4375,0.5933663687473109,56273.083220843226,20.493251,0.193227
1784,39.57521847,-34.96447018,132580.4375,0.5933663687473109,56273.16804511985,20.05835,0.135158
1784,39.57521847,-34.96447018,132580.4375,0.5933663687473109,56506.39278335683,20.230471,0.148519
1784,39.57521847,-34.96447018,132580.4375,0.5933663687473109,56508.26611578651,20.613709,0.179125
1784,39.57521847,-34.96447018,132580.4375,0.5933663687473109,56510.369320848025,20.882657,0.191465
1784,39.57521847,-34.96447018,132580.4375,0.5933663687473109,56514.429901224095,20.480849,0.207854
1784,39.57521847,-34.96447018,132580.4375,0.5933663687473109,56518.307023987174,20.519867,0.197847
1784,39.57521847,-34.96447018,132580.4375,0.5933663687473109,56518.37291239202,20.278486,0.1652
1784,39.57521847,-34.96447018,132580.4375,0.5933663687473109,56520.40061362786,20.979771,0.16284
1784,39.57521847,-34.96447018,132580.4375,0.5933663687473109,56520.42208258202,20.707109,0.187182
1784,39.57521847,-34.96447018,132580.4375,0.5933663687473109,56562.24308085861,20.46816,0.206748
1784,39.57521847,-34.96447018,132580.4375,0.5933663687473109,56564.26457521785,20.667516,0.193135
1784,39.57521847,-34.96447018,132580.4375,0.5933663687473109,56564.33448943216,20.584705,0.190002
1784,39.57521847,-34.96447018,132580.4375,0.5933663687473109,56572.22665825486,19.913508,0.137847
1784,39.57521847,-34.96447018,132580.4375,0.5933663687473109,56572.364993712865,20.451779,0.200537
1784,39.57521847,-34.96447018,132580.4375,0.5933663687473109,56576.22736951802,20.942212,0.174572
1784,39.57521847,-34.96447018,132580.4375,0.5933663687473109,56576.35811295919,20.071746,0.158663
1784,39.57521847,-34.96447018,132580.4375,0.5933663687473109,56578.20858951798,19.985663,0.196959
1784,39.57521847,-34.96447018,132580.4375,0.5933663687473109,56610.204722973984,19.531021,0.10669
1784,39.57521847,-34.96447018,132580.4375,0.5933663687473109,56618.12035849132,20.521901,0.168285
1784,39.57521847,-34.96447018,132580.4375,0.5933663687473109,56622.1147112879,20.18597,0.161657
1784,39.57521847,-34.96447018,132580.4375,0.5933663687473109,56624.1225236021,20.600158,0.190797
1784,39.57521847,-34.96447018,132580.4375,0.5933663687473109,56626.106856867205,20.752273,0.177142
1784,39.57521847,-34.96447018,132580.4375,0.5933663687473109,56626.19228190277,20.361872,0.167176
1784,39.57521847,-34.96447018,132580.4375,0.5933663687473109,56628.09318466112,20.719002,0.169797
1784,39.57521847,-34.96447018,132580.4375,0.5933663687473109,56628.17872560164,20.843506,0.163157
1784,39.57521847,-34.96447018,132580.4375,0.5933663687473109,56630.089249867015,20.525217,0.157459
1784,39.57521847,-34.96447018,132580.4375,0.5933663687473109,56632.0968812597,20.604446,0.179151
1784,39.57521847,-34.96447018,132580.4375,0.5933663687473109,56632.180130953435,20.142354,0.168626
1784,39.57521847,-34.96447018,132580.4375,0.5933663687473109,56636.1722822641,20.543013,0.218814
1784,39.57521847,-34.96447018,132580.4375,0.5933663687473109,56638.08458162239,19.696311,0.156632
1784,39.57521847,-34.96447018,132580.4375,0.5933663687473109,56943.196686076,20.252091,0.181108
1784,39.57521847,-34.96447018,132580.4375,0.5933663687473109,56943.28056929167,20.68288,0.201689
1784,39.57521847,-34.96447018,132580.4375,0.5933663687473109,56949.20720951911,20.855024,0.168633
1784,39.57521847,-34.96447018,132580.4375,0.5933663687473109,56953.174542322755,19.994705,0.136299
1784,39.57521847,-34.96447018,132580.4375,0.5933663687473109,56953.25790498126,20.492654,0.173506
1784,39.57521847,-34.96447018,132580.4375,0.5933663687473109,56957.34428751469,20.041239,0.160593
1784,39.57521847,-34.96447018,132580.4375,0.5933663687473109,56959.2157561793,20.637208,0.168396
1784,39.57521847,-34.96447018,132580.4375,0.5933663687473109,56961.21311012423,20.733902,0.178515
1784,39.57521847,-34.96447018,132580.4375,0.5933663687473109,56963.27429340873,19.942423,0.174539
1784,39.57521847,-34.96447018,132580.4375,0.5933663687473109,57346.06075492501,20.106011,0.163502
1784,39.57521847,-34.96447018,132580.4375,0.5933663687473109,57362.074340382125,20.286621,0.176977
1784,39.57521847,-34.96447018,132580.4375,0.5933663687473109,57362.15855064569,20.495815,0.181867
1785,39.60775242,-34.94331054,135451.625,0.421172946152764,56508.35081408266,19.948832,0.160439
1785,39.60775242,-34.94331054,135451.625,0.421172946152764,56514.32040538266,20.773497,0.200194
1785,39.60775242,-34.94331054,135451.625,0.421172946152764,56518.30702640116,20.88495,0.200344
1785,39.60775242,-34.94331054,135451.625,0.421172946152764,56518.37291480834,20.910342,0.176545
1785,39.60775242,-34.94331054,135451.625,0.421172946152764,56520.400616127066,20.480946,0.166977
1785,39.60775242,-34.94331054,135451.625,0.421172946152764,56520.42208508169,21.024882,0.163612
1785,39.60775242,-34.94331054,135451.625,0.421172946152764,56562.24308421835,19.959994,0.192756
1785,39.60775242,-34.94331054,135451.625,0.421172946152764,56562.348377991,20.496438,0.201047
1785,39.60775242,-34.94331054,135451.625,0.421172946152764,56564.26457857434,20.845665,0.173753
1785,39.60775242,-34.94331054,135451.625,0.421172946152764,56568.2348512616,20.492786,0.200414
1785,39.60775242,-34.94331054,135451.625,0.421172946152764,56570.346350302454,20.254785,0.154596
1785,39.60775242,-34.94331054,135451.625,0.421172946152764,56572.36499701394,20.45098,0.198386
1785,39.60775242,-34.94331054,135451.625,0.421172946152764,56576.2273727688,20.788876,0.179319
1785,39.60775242,-34.94331054,135451.625,0.421172946152764,56576.35811620811,20.511873,0.200087
1785,39.60775242,-34.94331054,135451.625,0.421172946152764,56578.29403835349,20.363828,0.202567
1785,39.60775242,-34.94331054,135451.625,0.421172946152764,56622.11471292609,20.368816,0.181203
1785,39.60775242,-34.94331054,135451.625,0.421172946152764,56622.199142300524,20.721714,0.211652
1785,39.60775242,-34.94331054,135451.625,0.421172946152764,56624.12252513645,20.766796,0.193209
1785,39.60775242,-34.94331054,135451.625,0.421172946152764,56624.206075076945,20.155436,0.170495
1785,39.60775242,-34.94331054,135451.625,0.421172946152764,56626.10685829725,20.895076,0.178977
1785,39.60775242,-34.94331054,135451.625,0.421172946152764,56628.093185984995,20.618149,0.17575
1785,39.60775242,-34.94331054,135451.625,0.421172946152764,56628.17872692086,20.856376,0.171583
1785,39.60775242,-34.94331054,135451.625,0.421172946152764,56632.18013205379,19.791319,0.1368
1785,39.60775242,-34.94331054,135451.625,0.421172946152764,56638.08458239073,19.925566,0.205684
1785,39.60775242,-34.94331054,135451.625,0.421172946152764,56949.20721262414,20.945617,0.166234
1785,39.60775242,-34.94331054,135451.625,0.421172946152764,56951.210934842005,20.763935,0.166964
1785,39.60775242,-34.94331054,135451.625,0.421172946152764,56953.17454533093,20.57527,0.1707
1785,39.60775242,-34.94331054,135451.625,0.421172946152764,56955.22930890322,19.998111,0.128793
1785,39.60775242,-34.94331054,135451.625,0.421172946152764,56955.30145706935,20.344289,0.159815
1785,39.60775242,-34.94331054,135451.625,0.421172946152764,56961.21311289165,20.571768,0.182162
1785,39.60775242,-34.94331054,135451.625,0.421172946152764,56963.190933045,20.060002,0.196275
1785,39.60775242,-34.94331054,135451.625,0.421172946152764,56963.274296105374,20.311443,0.17234
1785,39.60775242,-34.94331054,135451.625,0.421172946152764,57311.21502173692,20.557256,0.177306
1785,39.60775242,-34.94331054,135451.625,0.421172946152764,57346.06075688917,20.105385,0.151282
1785,39.60775242,-34.94331054,135451.625,0.421172946152764,57362.074341516476,20.025104,0.171182
1785,39.60775242,-34.94331054,135451.625,0.421172946152764,57362.15855177585,20.548748,0.179533
1788,39.64821717,-34.98319097,131158.609375,0.218366569617023,56195.30580247613,20.2855,0.206281
1788,39.64821717,-34.98319097,131158.609375,0.218366569617023,56223.22841153201,20.556596,0.187079
1788,39.64821717,-34.98319097,131158.609375,0.218366569617023,56265.095785373356,20.432249,0.173467
1788,39.64821717,-34.98319097,131158.609375,0.218366569617023,56265.17942841817,20.295716,0.20371
1788,39.64821717,-34.98319097,131158.609375,0.218366569617023,56269.08950285427,20.108898,0.175328
1788,39.64821717,-34.98319097,131158.609375,0.218366569617023,56269.17343558837,20.748188,0.163992
1788,39.64821717,-34.98319097,131158.609375,0.218366569617023,56273.168049786706,20.823317,0.176212
1788,39.64821717,-34.98319097,131158.609375,0.218366569617023,56283.06086626835,20.443785,0.227522
1788,39.64821717,-34.98319097,131158.609375,0.218366569617023,56510.369320225436,20.702713,0.185993
1788,39.64821717,-34.98319097,131158.609375,0.218366569617023,56516.26774507947,20.371767,0.18041
1788,39.64821717,-34.98319097,131158.609375,0.218366569617023,56558.2298719082,19.944772,0.086246
1788,39.64821717,-34.98319097,131158.609375,0.218366569617023,56564.33449352812,19.806828,0.174308
1788,39.64821717,-34.98319097,131158.609375,0.218366569617023,56568.23485226231,20.449789,0.203983
1788,39.64821717,-34.98319097,131158.609375,0.218366569617023,56570.346351443324,20.970338,0.18039
1788,39.64821717,-34.98319097,131158.609375,0.218366569617023,56572.22666282114,20.044726,0.141731
1788,39.64821717,-34.98319097,131158.609375,0.218366569617023,56572.36499828659,20.766812,0.201119
1788,39.64821717,-34.98319097,131158.609375,0.218366569617023,56576.22737428872,20.698608,0.18468
1788,39.64821717,-34.98319097,131158.609375,0.218366569617023,56578.294040003326,20.347067,0.20545
1788,39.64821717,-34.98319097,131158.609375,0.218366569617023,56618.12036387902,20.49888,0.167785
1788,39.64821717,-34.98319097,131158.609375,0.218366569617023,56620.20000591874,20.621653,0.214
1788,39.64821717,-34.98319097,131158.609375,0.218366569617023,56624.122528842185,20.802143,0.183854
1788,39.64821717,-34.98319097,131158.609375,0.218366569617023,56624.20607878454,20.411709,0.193346
1788,39.64821717,-34.98319097,131158.609375,0.218366569617023,56626.10686204629,20.796809,0.179175
1788,39.64821717,-34.98319097,131158.609375,0.218366569617023,56628.093189772684,20.054635,0.153128
1788,39.64821717,-34.98319097,131158.609375,0.218366569617023,56628.178730709944,20.565926,0.174706
1788,39.64821717,-34.98319097,131158.609375,0.218366569617023,56632.09688621713,20.705244,0.183773
1788,39.64821717,-34.98319097,131158.609375,0.218366569617023,56949.2072146181,20.7771,0.168039
1788,39.64821717,-34.98319097,131158.609375,0.218366569617023,56951.210936953314,20.889278,0.157503
1788,39.64821717,-34.98319097,131158.609375,0.218366569617023,56951.29810717469,20.299911,0.149833
1788,39.64821717,-34.98319097,131158.609375,0.218366569617023,56953.174547553994,20.935856,0.175492
1788,39.64821717,-34.98319097,131158.609375,0.218366569617023,56955.22931124084,20.147411,0.118036
1788,39.64821717,-34.98319097,131158.609375,0.218366569617023,56955.30145941116,20.833117,0.185984
1788,39.64821717,-34.98319097,131158.609375,0.218366569617023,56959.215761563275,20.483022,0.166479
1788,39.64821717,-34.98319097,131158.609375,0.218366569617023,57305.328060177155,20.555294,0.232367
1788,39.64821717,-34.98319097,131158.609375,0.218366569617023,57362.15855562175,20.45581,0.173638
1788,39.64821717,-34.98319097,131158.609375,0.218366569617023,57364.07564885402,20.561822,0.229045
1790,39.66297512,-34.95128122,133540.8125,0.3820027247884503,56273.08322485397,20.248778,0.162274
1790,39.66297512,-34.95128122,133540.8125,0.3820027247884503,56273.16804912221,20.63058,0.170971
1790,39.66297512,-34.95128122,133540.8125,0.3820027247884503,56277.15535408305,20.595111,0.202901
1790,39.66297512,-34.95128122,133540.8125,0.3820027247884503,56508.350813952275,20.345061,0.167153
1790,39.66297512,-34.95128122,133540.8125,0.3820027247884503,56510.36932293,20.52298,0.183268
1790,39.66297512,-34.95128122,133540.8125,0.3820027247884503,56514.42990379082,20.172901,0.177679
1790,39.66297512,-34.95128122,133540.8125,0.3820027247884503,56518.30702700419,20.287189,0.161291
1790,39.66297512,-34.95128122,133540.8125,0.3820027247884503,56518.372915416956,20.487139,0.187144
1790,39.66297512,-34.95128122,133540.8125,0.3820027247884503,56520.422085839324,20.547024,0.186834
1790,39.66297512,-34.95128122,133540.8125,0.3820027247884503,56560.31409781519,20.215647,0.182867
1790,39.66297512,-34.95128122,133540.8125,0.3820027247884503,56564.264581991825,20.751232,0.193003
1790,39.66297512,-34.95128122,133540.8125,0.3820027247884503,56570.34635395836,20.54594,0.192197
1790,39.66297512,-34.95128122,133540.8125,0.3820027247884503,56572.22666527843,20.782877,0.20092
1790,39.66297512,-34.95128122,133540.8125,0.3820027247884503,56576.2273766147,20.91065,0.18309
1790,39.66297512,-34.95128122,133540.8125,0.3820027247884503,56576.35812005773,20.094097,0.168062
1790,39.66297512,-34.95128122,133540.8125,0.3820027247884503,56578.20859663794,20.431141,0.2278
1790,39.66297512,-34.95128122,133540.8125,0.3820027247884503,56578.29404225666,20.357648,0.210128
1790,39.66297512,-34.95128122,133540.8125,0.3820027247884503,56622.19914615527,20.475234,0.201476
1790,39.66297512,-34.95128122,133540.8125,0.3820027247884503,56624.122528934386,20.518196,0.185641
1790,39.66297512,-34.95128122,133540.8125,0.3820027247884503,56624.206078872085,20.613055,0.215759
1790,39.66297512,-34.95128122,133540.8125,0.3820027247884503,56626.106862032786,20.524234,0.175006
1790,39.66297512,-34.95128122,133540.8125,0.3820027247884503,56628.093189653475,20.609912,0.175056
1790,39.66297512,-34.95128122,133540.8125,0.3820027247884503,56628.17873058608,20.547597,0.169144
1790,39.66297512,-34.95128122,133540.8125,0.3820027247884503,56632.09688588511,20.098169,0.141889
1790,39.66297512,-34.95128122,133540.8125,0.3820027247884503,56632.18013557093,20.493146,0.197431
1790,39.66297512,-34.95128122,133540.8125,0.3820027247884503,56949.20721665723,20.340943,0.13217
1790,39.66297512,-34.95128122,133540.8125,0.3820027247884503,56951.29810913,20.883866,0.183146
1790,39.66297512,-34.95128122,133540.8125,0.3820027247884503,56953.174549431074,20.743924,0.179515
1790,39.66297512,-34.95128122,133540.8125,0.3820027247884503,56953.25791208865,20.732994,0.182128
1790,39.66297512,-34.95128122,133540.8125,0.3820027247884503,56955.3014611979,20.377418,0.165149
1790,39.66297512,-34.95128122,133540.8125,0.3820027247884503,56959.21576317679,20.262464,0.137537
1790,39.66297512,-34.95128122,133540.8125,0.3820027247884503,57346.060760905035,20.310335,0.152577
1790,39.66297512,-34.95128122,133540.8125,0.3820027247884503,57360.159408580046,20.642409,0.21612
1790,39.66297512,-34.95128122,133540.8125,0.3820027247884503,57362.074345058296,20.452909,0.190773
1790,39.66297512,-34.95128122,133540.8125,0.3820027247884503,57362.158555313945,20.46805,0.179581
1790,39.66297512,-34.95128122,133540.8125,0.3820027247884503,57364.075648444705,20.379292,0.242821
1794,39.68947241,-34.99002211,142026.546875,0.6585315488597185,55484.14495205181,20.956496,0.163438
1794,39.68947241,-34.99002211,142026.546875,0.6585315488597185,56221.292672039475,20.538243,0.192489
1794,39.68947241,-34.99002211,142026.546875,0.6585315488597185,56223.228414580226,20.299667,0.179768
1794,39.68947241,-34.99002211,142026.546875,0.6585315488597185,56225.28162796935,20.227669,0.206851
1794,39.68947241,-34.99002211,142026.546875,0.6585315488597185,56267.17510740319,20.639135,0.188516
1794,39.68947241,-34.99002211,142026.546875,0.6585315488597185,56269.17343818396,20.805089,0.162759
1794,39.68947241,-34.99002211,142026.546875,0.6585315488597185,56508.3508111299,20.719092,0.191227
1794,39.68947241,-34.99002211,142026.546875,0.6585315488597185,56510.36932016816,20.242123,0.147617
1794,39.68947241,-34.99002211,142026.546875,0.6585315488597185,56514.320403059945,20.085132,0.159704
1794,39.68947241,-34.99002211,142026.546875,0.6585315488597185,56514.42990116123,20.636062,0.207474
1794,39.68947241,-34.99002211,142026.546875,0.6585315488597185,56516.2677453463,20.644902,0.191722
1794,39.68947241,-34.99002211,142026.546875,0.6585315488597185,56518.30702451337,20.260001,0.156873
1794,39.68947241,-34.99002211,142026.546875,0.6585315488597185,56518.37291292846,20.30093,0.169748
1794,39.68947241,-34.99002211,142026.546875,0.6585315488597185,56520.400614472106,20.490908,0.162774
1794,39.68947241,-34.99002211,142026.546875,0.6585315488597185,56520.42208342906,20.684416,0.184854
1794,39.68947241,-34.99002211,142026.546875,0.6585315488597185,56562.34838103736,20.535139,0.199373
1794,39.68947241,-34.99002211,142026.546875,0.6585315488597185,56570.34635413252,20.421618,0.185593
1794,39.68947241,-34.99002211,142026.546875,0.6585315488597185,56572.22666556109,20.696193,0.196917
1794,39.68947241,-34.99002211,142026.546875,0.6585315488597185,56572.365001030266,20.531305,0.206838
1794,39.68947241,-34.99002211,142026.546875,0.6585315488597185,56576.227377126925,20.247281,0.152237
1794,39.68947241,-34.99002211,142026.546875,0.6585315488597185,56576.35812057741,20.577833,0.193806
1794,39.68947241,-34.99002211,142026.546875,0.6585315488597185,56578.294042886235,20.700362,0.212419
1794,39.68947241,-34.99002211,142026.546875,0.6585315488597185,56618.12036685366,20.633886,0.170975
1794,39.68947241,-34.99002211,142026.546875,0.6585315488597185,56624.12253170321,20.913802,0.181429
1794,39.68947241,-34.99002211,142026.546875,0.6585315488597185,56626.106864863075,20.816515,0.180875
1794,39.68947241,-34.99002211,142026.546875,0.6585315488597185,56626.192289893515,20.763323,0.171773
1794,39.68947241,-34.99002211,142026.546875,0.6585315488597185,56628.1787334769,20.95219,0.16506
1794,39.68947241,-34.99002211,142026.546875,0.6585315488597185,56636.17228958337,20.630143,0.215707
1794,39.68947241,-34.99002211,142026.546875,0.6585315488597185,56638.08458878752,20.57339,0.248443
1794,39.68947241,-34.99002211,142026.546875,0.6585315488597185,56638.16760752443,20.151425,0.218655
1794,39.68947241,-34.99002211,142026.546875,0.6585315488597185,56949.20721760439,20.774977,0.166101
1794,39.68947241,-34.99002211,142026.546875,0.6585315488597185,56953.17455059569,20.960665,0.173185
1794,39.68947241,-34.99002211,142026.546875,0.6585315488597185,57360.15941151185,20.777047,0.207034
1794,39.68947241,-34.99002211,142026.546875,0.6585315488597185,57362.1585582979,20.761299,0.179337
1795,39.70562141,-34.94665204,132331.765625,0.9236959030754088,56518.30702832574,20.891117,0.198393
1795,39.70562141,-34.94665204,132331.765625,0.9236959030754088,56518.37291674176,20.595834,0.19423
1795,39.70562141,-34.94665204,132331.765625,0.9236959030754088,56520.40061832033,20.204394,0.140846
1795,39.70562141,-34.94665204,132331.765625,0.9236959030754088,56520.42208727775,20.176127,0.136905
1795,39.70562141,-34.94665204,132331.765625,0.9236959030754088,56560.23059961526,20.166291,0.189853
1795,39.70562141,-34.94665204,132331.765625,0.9236959030754088,56560.31410092162,20.205816,0.185406
1795,39.70562141,-34.94665204,132331.765625,0.9236959030754088,56562.24309070129,20.546353,0.218645
1795,39.70562141,-34.94665204,132331.765625,0.9236959030754088,56564.26458519045,20.858644,0.173385
1795,39.70562141,-34.94665204,132331.765625,0.9236959030754088,56568.23485811427,20.33679,0.194132
1795,39.70562141,-34.94665204,132331.765625,0.9236959030754088,56570.346357267816,19.881385,0.143916
1795,39.70562141,-34.94665204,132331.765625,0.9236959030754088,56572.226668614894,20.309946,0.168238
1795,39.70562141,-34.94665204,132331.765625,0.9236959030754088,56572.365004077554,20.484872,0.201697
1795,39.70562141,-34.94665204,132331.765625,0.9236959030754088,56576.2273799954,20.913313,0.189982
1795,39.70562141,-34.94665204,132331.765625,0.9236959030754088,56576.35812343983,20.522514,0.190601
1795,39.70562141,-34.94665204,132331.765625,0.9236959030754088,56578.29404565366,20.828474,0.179908
1795,39.70562141,-34.94665204,132331.765625,0.9236959030754088,56622.19914886914,20.224547,0.16247
1795,39.70562141,-34.94665204,132331.765625,0.9236959030754088,56624.12253157701,20.345605,0.171097
1795,39.70562141,-34.94665204,132331.765625,0.9236959030754088,56624.20608151192,20.788188,0.211356
1795,39.70562141,-34.94665204,132331.765625,0.9236959030754088,56626.106864599045,20.943342,0.175605
1795,39.70562141,-34.94665204,132331.765625,0.9236959030754088,56626.19228962343,20.84446,0.160058
1795,39.70562141,-34.94665204,132331.765625,0.9236959030754088,56628.093192140106,20.47135,0.162225
1795,39.70562141,-34.94665204,132331.765625,0.9236959030754088,56628.17873306945,20.933146,0.161032
1795,39.70562141,-34.94665204,132331.765625,0.9236959030754088,56636.08891128749,20.350032,0.18739
1795,39.70562141,-34.94665204,132331.765625,0.9236959030754088,56636.172288628295,20.616067,0.201954
1795,39.70562141,-34.94665204,132331.765625,0.9236959030754088,56949.20722007658,20.424113,0.144298
1795,39.70562141,-34.94665204,132331.765625,0.9236959030754088,56951.21094233077,20.767795,0.165586
1795,39.70562141,-34.94665204,132331.765625,0.9236959030754088,56953.17455284577,20.853475,0.18529
1795,39.70562141,-34.94665204,132331.765625,0.9236959030754088,56955.22931643622,20.870784,0.197938
1795,39.70562141,-34.94665204,132331.765625,0.9236959030754088,56955.30146460282,20.735903,0.192144
1795,39.70562141,-34.94665204,132331.765625,0.9236959030754088,56959.215766551904,20.352856,0.147023
1795,39.70562141,-34.94665204,132331.765625,0.9236959030754088,56959.292926114984,20.748323,0.219452
1795,39.70562141,-34.94665204,132331.765625,0.9236959030754088,56961.21312042186,20.471491,0.174837
1795,39.70562141,-34.94665204,132331.765625,0.9236959030754088,57360.15941100288,20.230877,0.182159
1795,39.70562141,-34.94665204,132331.765625,0.9236959030754088,57362.07434739964,20.412554,0.188395
1795,39.70562141,-34.94665204,132331.765625,0.9236959030754088,57362.158557651564,20.604869,0.185144
1795,39.70562141,-34.94665204,132331.765625,0.9236959030754088,57364.07565069804,20.328136,0.234911
1796,39.705622655802614,-34.94665797976974,138618.78125,0.6323539302627835,55484.144954737276,20.655641,0.138388
1796,39.705622655802614,-34.94665797976974,138618.78125,0.6323539302627835,55484.260757144075,20.850926,0.110066
1796,39.705622655802614,-34.94665797976974,138618.78125,0.6323539302627835,55507.03119961871,20.754019,0.098099
1796,39.705622655802614,-34.94665797976974,138618.78125,0.6323539302627835,55507.17048567021,20.81762,0.091271
1796,39.705622655802614,-34.94665797976974,138618.78125,0.6323539302627835,55507.258860274684,21.01839,0.121366
1796,39.705622655802614,-34.94665797976974,138618.78125,0.6323539302627835,56183.33518524701,20.21479,0.151866
1796,39.705622655802614,-34.94665797976974,138618.78125,0.6323539302627835,56185.27344041411,20.074018,0.174572
1796,39.705622655802614,-34.94665797976974,138618.78125,0.6323539302627835,56195.30580835743,20.586573,0.184453
1796,39.705622655802614,-34.94665797976974,138618.78125,0.6323539302627835,56211.294082171284,20.530734,0.170655
1796,39.705622655802614,-34.94665797976974,138618.78125,0.6323539302627835,56211.341856708284,20.658528,0.225999
1796,39.705622655802614,-34.94665797976974,138618.78125,0.6323539302627835,56221.29267436778,20.295402,0.151008
1796,39.705622655802614,-34.94665797976974,138618.78125,0.6323539302627835,56223.22841679817,20.395232,0.169672
1796,39.705622655802614,-34.94665797976974,138618.78125,0.6323539302627835,56265.1794305644,20.436282,0.165737
1796,39.705622655802614,-34.94665797976974,138618.78125,0.6323539302627835,56273.16805115156,20.182308,0.149286
1796,39.705622655802614,-34.94665797976974,138618.78125,0.6323539302627835,56277.155355917756,20.453832,0.150338
1796,39.705622655802614,-34.94665797976974,138618.78125,0.6323539302627835,56508.26611835603,20.487891,0.176565
1796,39.705622655802614,-34.94665797976974,138618.78125,0.6323539302627835,56508.35081470013,20.390481,0.155746
1796,39.705622655802614,-34.94665797976974,138618.78125,0.6323539302627835,56510.29403703101,19.934841,0.146751
1796,39.705622655802614,-34.94665797976974,138618.78125,0.6323539302627835,56510.36932379659,20.477225,0.138742
1796,39.705622655802614,-34.94665797976974,138618.78125,0.6323539302627835,56514.32040678896,20.79835,0.174594
1796,39.705622655802614,-34.94665797976974,138618.78125,0.6323539302627835,56518.307028325275,20.852826,0.186427
1796,39.705622655802614,-34.94665797976974,138618.78125,0.6323539302627835,56518.3729167413,20.646195,0.155913
1796,39.705622655802614,-34.94665797976974,138618.78125,0.6323539302627835,56520.400618319865,20.062079,0.156813
1796,39.705622655802614,-34.94665797976974,138618.78125,0.6323539302627835,56520.422087277286,20.082694,0.149393
1796,39.705622655802614,-34.94665797976974,138618.78125,0.6323539302627835,56560.23059961526,20.168595,0.144156
1796,39.705622655802614,-34.94665797976974,138618.78125,0.6323539302627835,56560.314100921154,20.418804,0.168687
1796,39.705622655802614,-34.94665797976974,138618.78125,0.6323539302627835,56562.243090700824,20.558842,0.171641
1796,39.705622655802614,-34.94665797976974,138618.78125,0.6323539302627835,56564.26458518999,20.57363,0.149048
1796,39.705622655802614,-34.94665797976974,138618.78125,0.6323539302627835,56568.23485811427,21.058275,0.270668
1796,39.705622655802614,-34.94665797976974,138618.78125,0.6323539302627835,56570.346357267816,20.011026,0.160012
1796,39.705622655802614,-34.94665797976974,138618.78125,0.6323539302627835,56572.22666861443,20.269768,0.155461
1796,39.705622655802614,-34.94665797976974,138618.78125,0.6323539302627835,56572.365004077554,20.286888,0.153953
1796,39.705622655802614,-34.94665797976974,138618.78125,0.6323539302627835,56576.2273799954,20.95158,0.188401
1796,39.705622655802614,-34.94665797976974,138618.78125,0.6323539302627835,56576.35812343983,20.662633,0.177552
1796,39.705622655802614,-34.94665797976974,138618.78125,0.6323539302627835,56578.29404565366,20.56119,0.176565
1796,39.705622655802614,-34.94665797976974,138618.78125,0.6323539302627835,56622.19914886914,20.104778,0.176293
1796,39.705622655802614,-34.94665797976974,138618.78125,0.6323539302627835,56624.12253157748,20.252344,0.132225
1796,39.705622655802614,-34.94665797976974,138618.78125,0.6323539302627835,56624.20608151192,20.604248,0.174594
1796,39.705622655802614,-34.94665797976974,138618.78125,0.6323539302627835,56626.106864599045,20.687836,0.151197
1796,39.705622655802614,-34.94665797976974,138618.78125,0.6323539302627835,56626.1922896239,20.586017,0.160821
1796,39.705622655802614,-34.94665797976974,138618.78125,0.6323539302627835,56628.09319214057,20.546491,0.152969
1796,39.705622655802614,-34.94665797976974,138618.78125,0.6323539302627835,56628.178733069915,20.815845,0.180508
1796,39.705622655802614,-34.94665797976974,138618.78125,0.6323539302627835,56630.08925708383,20.743317,0.164752
1796,39.705622655802614,-34.94665797976974,138618.78125,0.6323539302627835,56636.08891128795,20.263674,0.135365
1796,39.705622655802614,-34.94665797976974,138618.78125,0.6323539302627835,56636.17228862876,20.524944,0.168687
1796,39.705622655802614,-34.94665797976974,138618.78125,0.6323539302627835,56949.20722007658,20.417334,0.144914
1796,39.705622655802614,-34.94665797976974,138618.78125,0.6323539302627835,56951.21094233077,20.567177,0.133415
1796,39.705622655802614,-34.94665797976974,138618.78125,0.6323539302627835,56953.17455284577,20.759468,0.15493
1796,39.705622655802614,-34.94665797976974,138618.78125,0.6323539302627835,56955.22931643622,20.952871,0.186427
1796,39.705622655802614,-34.94665797976974,138618.78125,0.6323539302627835,56955.30146460282,20.681007,0.15984
1796,39.705622655802614,-34.94665797976974,138618.78125,0.6323539302627835,56957.344297945965,20.322112,0.198283
1796,39.705622655802614,-34.94665797976974,138618.78125,0.6323539302627835,56959.215766551904,20.32109,0.127218
1796,39.705622655802614,-34.94665797976974,138618.78125,0.6323539302627835,56959.292926114984,20.356243,0.162038
1796,39.705622655802614,-34.94665797976974,138618.78125,0.6323539302627835,56961.21312042186,20.542099,0.139268
1796,39.705622655802614,-34.94665797976974,138618.78125,0.6323539302627835,57360.15941100335,20.271256,0.140766
1796,39.705622655802614,-34.94665797976974,138618.78125,0.6323539302627835,57362.07434739964,20.206544,0.169834
1796,39.705622655802614,-34.94665797976974,138618.78125,0.6323539302627835,57362.15855765203,20.51236,0.161857
1797,39.71694845,-34.97828368,135926.40625,0.4881710891288163,56508.3508123029,20.450727,0.180082
1797,39.71694845,-34.97828368,135926.40625,0.4881710891288163,56510.36932142032,20.827936,0.190633
1797,39.71694845,-34.97828368,135926.40625,0.4881710891288163,56514.320404462516,20.939893,0.195185
1797,39.71694845,-34.97828368,135926.40625,0.4881710891288163,56518.307026060764,20.738676,0.207035
1797,39.71694845,-34.97828368,135926.40625,0.4881710891288163,56518.37291447818,20.893348,0.182116
1797,39.71694845,-34.97828368,135926.40625,0.4881710891288163,56520.40061609261,20.142383,0.140971
1797,39.71694845,-34.97828368,135926.40625,0.4881710891288163,56520.42208505049,20.345506,0.160755
1797,39.71694845,-34.97828368,135926.40625,0.4881710891288163,56570.34635666013,20.403088,0.176095
1797,39.71694845,-34.97828368,135926.40625,0.4881710891288163,56572.22666808637,20.430124,0.18614
1797,39.71694845,-34.97828368,135926.40625,0.4881710891288163,56572.36500355508,20.676547,0.203831
1797,39.71694845,-34.97828368,135926.40625,0.4881710891288163,56576.227379638236,20.868632,0.189729
1797,39.71694845,-34.97828368,135926.40625,0.4881710891288163,56578.294045385905,20.639171,0.217405
1797,39.71694845,-34.97828368,135926.40625,0.4881710891288163,56618.12036852632,20.461311,0.166507
1797,39.71694845,-34.97828368,135926.40625,0.4881710891288163,56622.11472102301,20.522478,0.196129
1797,39.71694845,-34.97828368,135926.40625,0.4881710891288163,56622.19915039465,20.905234,0.189904
1797,39.71694845,-34.97828368,135926.40625,0.4881710891288163,56624.122533168644,20.583344,0.186933
1797,39.71694845,-34.97828368,135926.40625,0.4881710891288163,56624.20608310588,20.738053,0.201956
1797,39.71694845,-34.97828368,135926.40625,0.4881710891288163,56626.10686625587,20.943648,0.174809
1797,39.71694845,-34.97828368,135926.40625,0.4881710891288163,56628.09319386119,20.590645,0.170528
1797,39.71694845,-34.97828368,135926.40625,0.4881710891288163,56632.09689004626,20.71479,0.178155
1797,39.71694845,-34.97828368,135926.40625,0.4881710891288163,56632.180139730684,20.350222,0.178085
1797,39.71694845,-34.97828368,135926.40625,0.4881710891288163,56636.088913244195,20.302941,0.18925
1797,39.71694845,-34.97828368,135926.40625,0.4881710891288163,56638.084589714184,20.24019,0.216371
1797,39.71694845,-34.97828368,135926.40625,0.4881710891288163,56949.20722005423,20.413106,0.144873
1797,39.71694845,-34.97828368,135926.40625,0.4881710891288163,56951.2109423955,20.685943,0.164271
1797,39.71694845,-34.97828368,135926.40625,0.4881710891288163,56951.29811261734,20.39573,0.159868
1797,39.71694845,-34.97828368,135926.40625,0.4881710891288163,56953.17455299571,20.86933,0.180428
1797,39.71694845,-34.97828368,135926.40625,0.4881710891288163,56953.257915657014,20.44301,0.163756
1797,39.71694845,-34.97828368,135926.40625,0.4881710891288163,56955.30146484543,20.685943,0.183674
1797,39.71694845,-34.97828368,135926.40625,0.4881710891288163,56959.21576696355,20.7153,0.170049
1797,39.71694845,-34.97828368,135926.40625,0.4881710891288163,56961.213120918255,20.289282,0.152372
1797,39.71694845,-34.97828368,135926.40625,0.4881710891288163,56963.190941136796,20.162533,0.199461
1797,39.71694845,-34.97828368,135926.40625,0.4881710891288163,56963.2743041995,20.434973,0.191062
1797,39.71694845,-34.97828368,135926.40625,0.4881710891288163,57360.159412772395,20.565212,0.2065
1797,39.71694845,-34.97828368,135926.40625,0.4881710891288163,57362.074349226896,20.508819,0.187687
1797,39.71694845,-34.97828368,135926.40625,0.4881710891288163,57362.15855948161,20.716922,0.181903
1798,39.75160372,-34.92692896,132978.046875,0.6008740353323775,56510.36932589719,20.952927,0.180554
1798,39.75160372,-34.92692896,132978.046875,0.6008740353323775,56514.320409141015,20.153968,0.155122
1798,39.75160372,-34.92692896,132978.046875,0.6008740353323775,56514.429907251615,20.349648,0.19568
1798,39.75160372,-34.92692896,132978.046875,0.6008740353323775,56518.37291934015,20.690897,0.188221
1798,39.75160372,-34.92692896,132978.046875,0.6008740353323775,56520.40062103653,20.333023,0.149733
1798,39.75160372,-34.92692896,132978.046875,0.6008740353323775,56520.42208999535,20.387497,0.166469
1798,39.75160372,-34.92692896,132978.046875,0.6008740353323775,56562.348388679326,20.456997,0.199945
1798,39.75160372,-34.92692896,132978.046875,0.6008740353323775,56564.26458940562,20.435992,0.184362
1798,39.75160372,-34.92692896,132978.046875,0.6008740353323775,56570.34636150347,20.416352,0.180117
1798,39.75160372,-34.92692896,132978.046875,0.6008740353323775,56576.227384204045,19.954717,0.154232
1798,39.75160372,-34.92692896,132978.046875,0.6008740353323775,56576.358127647545,20.582403,0.196478
1798,39.75160372,-34.92692896,132978.046875,0.6008740353323775,56618.12036994612,20.544891,0.166487
1798,39.75160372,-34.92692896,132978.046875,0.6008740353323775,56622.11472207308,20.78819,0.194106
1798,39.75160372,-34.92692896,132978.046875,0.6008740353323775,56622.199151437264,20.672975,0.214814
1798,39.75160372,-34.92692896,132978.046875,0.6008740353323775,56624.12253403105,20.797841,0.187266
1798,39.75160372,-34.92692896,132978.046875,0.6008740353323775,56626.10686693201,20.060482,0.1279
1798,39.75160372,-34.92692896,132978.046875,0.6008740353323775,56626.19229195127,20.461865,0.159624
1798,39.75160372,-34.92692896,132978.046875,0.6008740353323775,56628.0931943492,20.413791,0.156799
1798,39.75160372,-34.92692896,132978.046875,0.6008740353323775,56628.178735273425,20.568574,0.177301
1798,39.75160372,-34.92692896,132978.046875,0.6008740353323775,56632.09689015476,20.06348,0.138652
1798,39.75160372,-34.92692896,132978.046875,0.6008740353323775,56632.18013983173,20.621128,0.202395
1798,39.75160372,-34.92692896,132978.046875,0.6008740353323775,56638.08458925504,20.151189,0.21425
1798,39.75160372,-34.92692896,132978.046875,0.6008740353323775,56949.20722418139,20.704575,0.164298
1798,39.75160372,-34.92692896,132978.046875,0.6008740353323775,56951.21094639599,20.173659,0.130329
1798,39.75160372,-34.92692896,132978.046875,0.6008740353323775,56951.29811661225,20.729555,0.191556
1798,39.75160372,-34.92692896,132978.046875,0.6008740353323775,56953.174556867685,20.641257,0.178979
1798,39.75160372,-34.92692896,132978.046875,0.6008740353323775,56953.257919522934,20.758763,0.172928
1798,39.75160372,-34.92692896,132978.046875,0.6008740353323775,56955.229320407845,20.396711,0.144709
1798,39.75160372,-34.92692896,132978.046875,0.6008740353323775,56955.301468572114,20.750037,0.193307
1798,39.75160372,-34.92692896,132978.046875,0.6008740353323775,56959.21577041084,20.57516,0.163824
1798,39.75160372,-34.92692896,132978.046875,0.6008740353323775,56963.190944283735,20.19554,0.183014
1798,39.75160372,-34.92692896,132978.046875,0.6008740353323775,56963.27430733992,20.352444,0.178883
1798,39.75160372,-34.92692896,132978.046875,0.6008740353323775,57311.21503326902,20.618231,0.177579
1798,39.75160372,-34.92692896,132978.046875,0.6008740353323775,57344.13273469126,20.15348,0.185265
1798,39.75160372,-34.92692896,132978.046875,0.6008740353323775,57360.159413113724,20.337588,0.191056
1798,39.75160372,-34.92692896,132978.046875,0.6008740353323775,57362.15855963342,20.082447,0.14141
1801,39.81475337,-34.96147873,141663.703125,0.5801796807038619,56267.17628255719,20.430929,0.168496
1801,39.81475337,-34.96147873,141663.703125,0.5801796807038619,56576.22855652822,20.859951,0.197487
1801,39.81475337,-34.96147873,141663.703125,0.5801796807038619,56576.35696217511,20.365109,0.186682
1801,39.81475337,-34.96147873,141663.703125,0.5801796807038619,56576.358131077606,20.140225,0.16269
1801,39.81475337,-34.96147873,141663.703125,0.5801796807038619,56578.29523387132,20.428173,0.188772
1801,39.81475337,-34.96147873,141663.703125,0.5801796807038619,56618.120374960825,20.192395,0.138306
1801,39.81475337,-34.96147873,141663.703125,0.5801796807038619,56618.1215438894,19.795534,0.181577
1801,39.81475337,-34.96147873,141663.703125,0.5801796807038619,56622.199156472925,20.206981,0.160337
1801,39.81475337,-34.96147873,141663.703125,0.5801796807038619,56622.2003369797,20.073254,0.167885
1801,39.81475337,-34.96147873,141663.703125,0.5801796807038619,56624.123731149826,20.536294,0.187934
1801,39.81475337,-34.96147873,141663.703125,0.5801796807038619,56628.178740294185,20.751345,0.174769
1801,39.81475337,-34.96147873,141663.703125,0.5801796807038619,56632.0968951378,20.317748,0.15764
1801,39.81475337,-34.96147873,141663.703125,0.5801796807038619,56632.098087229766,20.436547,0.177965
1801,39.81475337,-34.96147873,141663.703125,0.5801796807038619,56632.18014481338,20.636148,0.212657
1801,39.81475337,-34.96147873,141663.703125,0.5801796807038619,56632.181313757785,20.394553,0.173564
1801,39.81475337,-34.96147873,141663.703125,0.5801796807038619,56636.09008684335,20.575497,0.228995
1801,39.81475337,-34.96147873,141663.703125,0.5801796807038619,56636.17229522811,20.440023,0.20975
1801,39.81475337,-34.96147873,141663.703125,0.5801796807038619,56943.281756435055,20.474544,0.234337
1801,39.81475337,-34.96147873,141663.703125,0.5801796807038619,56949.207228070125,20.948101,0.157556
1801,39.81475337,-34.96147873,141663.703125,0.5801796807038619,56951.21095039463,20.523778,0.166254
1801,39.81475337,-34.96147873,141663.703125,0.5801796807038619,56951.21211929945,20.421691,0.167546
1801,39.81475337,-34.96147873,141663.703125,0.5801796807038619,56951.294613900594,20.943166,0.172223
1801,39.81475337,-34.96147873,141663.703125,0.5801796807038619,56951.29812061554,20.754479,0.183761
1801,39.81475337,-34.96147873,141663.703125,0.5801796807038619,56953.25909253396,20.804937,0.176059
1801,39.81475337,-34.96147873,141663.703125,0.5801796807038619,56955.229324610904,20.362444,0.146813
1801,39.81475337,-34.96147873,141663.703125,0.5801796807038619,56955.23049351806,20.172658,0.136656
1801,39.81475337,-34.96147873,141663.703125,0.5801796807038619,56955.30147277936,20.511316,0.18044
1801,39.81475337,-34.96147873,141663.703125,0.5801796807038619,56955.30266483221,20.256161,0.161903
1801,39.81475337,-34.96147873,141663.703125,0.5801796807038619,56959.2157747969,20.934144,0.169383
1801,39.81475337,-34.96147873,141663.703125,0.5801796807038619,56959.21694370592,20.804577,0.175661
1801,39.81475337,-34.96147873,141663.703125,0.5801796807038619,56959.292934360914,19.932017,0.161892
1801,39.81475337,-34.96147873,141663.703125,0.5801796807038619,56959.29410326993,20.091298,0.174091
1801,39.81475337,-34.96147873,141663.703125,0.5801796807038619,56961.21312868642,20.831247,0.173376
1801,39.81475337,-34.96147873,141663.703125,0.5801796807038619,56961.21430916991,20.682861,0.202539
1801,39.81475337,-34.96147873,141663.703125,0.5801796807038619,56963.274311889894,20.705371,0.206573
1801,39.81475337,-34.96147873,141663.703125,0.5801796807038619,57360.159418123774,20.325762,0.189141
1803,39.82381492,-34.92351143,138088.265625,0.5861828520902601,55484.144964527804,20.865997,0.159686
1803,39.82381492,-34.92351143,138088.265625,0.5861828520902601,55484.14752222644,20.772263,0.16945
1803,39.82381492,-34.92351143,138088.265625,0.5861828520902601,55507.03120865999,20.752773,0.133562
1803,39.82381492,-34.92351143,138088.265625,0.5861828520902601,56183.251726634335,20.46593,0.198128
1803,39.82381492,-34.92351143,138088.265625,0.5861828520902601,56211.29409194039,20.323513,0.178796
1803,39.82381492,-34.92351143,138088.265625,0.5861828520902601,56211.29526084289,20.38987,0.153788
1803,39.82381492,-34.92351143,138088.265625,0.5861828520902601,56211.34069757536,20.571909,0.180776
1803,39.82381492,-34.92351143,138088.265625,0.5861828520902601,56211.34186647786,20.389657,0.177266
1803,39.82381492,-34.92351143,138088.265625,0.5861828520902601,56215.300916513894,20.232729,0.184586
1803,39.82381492,-34.92351143,138088.265625,0.5861828520902601,56215.3020969904,20.177741,0.188256
1803,39.82381492,-34.92351143,138088.265625,0.5861828520902601,56221.20993487351,20.22418,0.192982
1803,39.82381492,-34.92351143,138088.265625,0.5861828520902601,56221.21111535141,20.218859,0.190423
1803,39.82381492,-34.92351143,138088.265625,0.5861828520902601,56225.28163970169,19.875874,0.195484
1803,39.82381492,-34.92351143,138088.265625,0.5861828520902601,56225.28280860884,20.119355,0.17556
1803,39.82381492,-34.92351143,138088.265625,0.5861828520902601,56265.17943683546,20.263332,0.199149
1803,39.82381492,-34.92351143,138088.265625,0.5861828520902601,56265.180605778005,20.083558,0.180093
1803,39.82381492,-34.92351143,138088.265625,0.5861828520902601,56267.09312455356,20.787202,0.178633
1803,39.82381492,-34.92351143,138088.265625,0.5861828520902601,56267.17511270987,20.531069,0.179895
1803,39.82381492,-34.92351143,138088.265625,0.5861828520902601,56271.092069175094,20.538314,0.164701
1803,39.82381492,-34.92351143,138088.265625,0.5861828520902601,56271.093238124624,20.169021,0.165277
1803,39.82381492,-34.92351143,138088.265625,0.5861828520902601,56273.16805632319,20.901195,0.16389
1803,39.82381492,-34.92351143,138088.265625,0.5861828520902601,56277.15536050312,20.962637,0.180954
1803,39.82381492,-34.92351143,138088.265625,0.5861828520902601,56508.35081757605,20.74602,0.189148
1803,39.82381492,-34.92351143,138088.265625,0.5861828520902601,56510.29404022684,20.672546,0.191918
1803,39.82381492,-34.92351143,138088.265625,0.5861828520902601,56510.295220742,20.543806,0.18142
1803,39.82381492,-34.92351143,138088.265625,0.5861828520902601,56510.368146489374,20.630445,0.187959
1803,39.82381492,-34.92351143,138088.265625,0.5861828520902601,56510.369327005,20.66045,0.183394
1803,39.82381492,-34.92351143,138088.265625,0.5861828520902601,56514.32041063532,20.488754,0.184794
1803,39.82381492,-34.92351143,138088.265625,0.5861828520902601,56514.32157957181,20.149873,0.150293
1803,39.82381492,-34.92351143,138088.265625,0.5861828520902601,56514.37920468161,20.388695,0.164917
1803,39.82381492,-34.92351143,138088.265625,0.5861828520902601,56514.42990875617,20.657244,0.212107
1803,39.82381492,-34.92351143,138088.265625,0.5861828520902601,56516.268922206946,20.520405,0.192014
1803,39.82381492,-34.92351143,138088.265625,0.5861828520902601,56518.37175229099,19.789855,0.129345
1803,39.82381492,-34.92351143,138088.265625,0.5861828520902601,56518.37292122282,20.115807,0.164391
1803,39.82381492,-34.92351143,138088.265625,0.5861828520902601,56520.40062311059,20.949451,0.168188
1803,39.82381492,-34.92351143,138088.265625,0.5861828520902601,56520.401803614106,20.817485,0.18777
1803,39.82381492,-34.92351143,138088.265625,0.5861828520902601,56520.42092314176,20.705906,0.181701
1803,39.82381492,-34.92351143,138088.265625,0.5861828520902601,56552.36637434689,19.859589,0.135767
1803,39.82381492,-34.92351143,138088.265625,0.5861828520902601,56552.367543252185,19.707299,0.141587
1803,39.82381492,-34.92351143,138088.265625,0.5861828520902601,56558.23105573468,20.17633,0.205277
1803,39.82381492,-34.92351143,138088.265625,0.5861828520902601,56562.34431998478,20.07766,0.184957
1803,39.82381492,-34.92351143,138088.265625,0.5861828520902601,56562.34839378204,20.152758,0.169996
1803,39.82381492,-34.92351143,138088.265625,0.5861828520902601,56564.264594589826,20.478389,0.191087
1803,39.82381492,-34.92351143,138088.265625,0.5861828520902601,56564.26577506494,20.644592,0.173907
1803,39.82381492,-34.92351143,138088.265625,0.5861828520902601,56568.23486768268,20.273248,0.195964
1803,39.82381492,-34.92351143,138088.265625,0.5861828520902601,56568.23603658378,20.22589,0.15929
1803,39.82381492,-34.92351143,138088.265625,0.5861828520902601,56570.232775131706,20.77782,0.178142
1803,39.82381492,-34.92351143,138088.265625,0.5861828520902601,56570.34518643189,20.735249,0.207164
1803,39.82381492,-34.92351143,138088.265625,0.5861828520902601,56572.226678305306,20.774272,0.199215
1803,39.82381492,-34.92351143,138088.265625,0.5861828520902601,56572.22785877995,20.750871,0.180192
1803,39.82381492,-34.92351143,138088.265625,0.5861828520902601,56572.36384486966,20.525919,0.17541
1803,39.82381492,-34.92351143,138088.265625,0.5861828520902601,56572.36501377169,20.158891,0.165566
1803,39.82381492,-34.92351143,138088.265625,0.5861828520902601,56576.22855866281,20.921263,0.206761
1803,39.82381492,-34.92351143,138088.265625,0.5861828520902601,56576.35696430411,20.825349,0.161987
1803,39.82381492,-34.92351143,138088.265625,0.5861828520902601,56576.35813320661,20.785962,0.174632
1803,39.82381492,-34.92351143,138088.265625,0.5861828520902601,56578.20860981848,20.596764,0.235035
1803,39.82381492,-34.92351143,138088.265625,0.5861828520902601,56578.20977872051,20.283271,0.185336
1803,39.82381492,-34.92351143,138088.265625,0.5861828520902601,56618.12037487095,20.272308,0.151947
1803,39.82381492,-34.92351143,138088.265625,0.5861828520902601,56618.12154379999,20.71766,0.210997
1803,39.82381492,-34.92351143,138088.265625,0.5861828520902601,56622.114726789296,20.237409,0.170594
1803,39.82381492,-34.92351143,138088.265625,0.5861828520902601,56622.11591886869,19.973326,0.143548
1803,39.82381492,-34.92351143,138088.265625,0.5861828520902601,56622.199156148825,20.242645,0.162922
1803,39.82381492,-34.92351143,138088.265625,0.5861828520902601,56622.200336655136,20.191846,0.164813
1803,39.82381492,-34.92351143,138088.265625,0.5861828520902601,56624.122538633645,20.949836,0.190152
1803,39.82381492,-34.92351143,138088.265625,0.5861828520902601,56624.123730715364,20.566759,0.183589
1803,39.82381492,-34.92351143,138088.265625,0.5861828520902601,56626.10687141679,20.901024,0.173915
1803,39.82381492,-34.92351143,138088.265625,0.5861828520902601,56626.108051928226,20.607492,0.17691
1803,39.82381492,-34.92351143,138088.265625,0.5861828520902601,56626.1922964314,20.599863,0.162306
1803,39.82381492,-34.92351143,138088.265625,0.5861828520902601,56626.19346536882,20.473089,0.170275
1803,39.82381492,-34.92351143,138088.265625,0.5861828520902601,56628.09319871152,20.345354,0.154898
1803,39.82381492,-34.92351143,138088.265625,0.5861828520902601,56628.09436765127,20.318063,0.18822
1803,39.82381492,-34.92351143,138088.265625,0.5861828520902601,56628.17873963015,20.780876,0.173216
1803,39.82381492,-34.92351143,138088.265625,0.5861828520902601,56628.1799085699,20.545324,0.164547
1803,39.82381492,-34.92351143,138088.265625,0.5861828520902601,56630.09043234121,20.716378,0.172155
1803,39.82381492,-34.92351143,138088.265625,0.5861828520902601,56632.09689425398,20.223689,0.147856
1803,39.82381492,-34.92351143,138088.265625,0.5861828520902601,56632.098086345475,20.01111,0.155133
1803,39.82381492,-34.92351143,138088.265625,0.5861828520902601,56632.180143924896,20.379142,0.180786
1803,39.82381492,-34.92351143,138088.265625,0.5861828520902601,56632.1813128693,20.706804,0.194096
1803,39.82381492,-34.92351143,138088.265625,0.5861828520902601,56636.17229412077,20.315819,0.19327
1803,39.82381492,-34.92351143,138088.265625,0.5861828520902601,56636.173463069834,20.296051,0.188127
1803,39.82381492,-34.92351143,138088.265625,0.5861828520902601,56949.207229847554,20.083345,0.117852
1803,39.82381492,-34.92351143,138088.265625,0.5861828520902601,56949.208398751915,19.940137,0.138012
1803,39.82381492,-34.92351143,138088.265625,0.5861828520902601,56951.21212097909,20.906816,0.167322
1803,39.82381492,-34.92351143,138088.265625,0.5861828520902601,56951.29461557558,20.903995,0.168925
1803,39.82381492,-34.92351143,138088.265625,0.5861828520902601,56951.29812229052,20.789723,0.188327
1803,39.82381492,-34.92351143,138088.265625,0.5861828520902601,56953.17456255015,20.752645,0.184081
1803,39.82381492,-34.92351143,138088.265625,0.5861828520902601,56953.17573145544,20.914103,0.163687
1803,39.82381492,-34.92351143,138088.265625,0.5861828520902601,56953.2579252054,20.758693,0.177069
1803,39.82381492,-34.92351143,138088.265625,0.5861828520902601,56953.25909411069,20.716784,0.185862
1803,39.82381492,-34.92351143,138088.265625,0.5861828520902601,56955.229326087516,20.701974,0.182068
1803,39.82381492,-34.92351143,138088.265625,0.5861828520902601,56955.230494994204,20.753093,0.173068
1803,39.82381492,-34.92351143,138088.265625,0.5861828520902601,56955.301474251784,20.518802,0.175153
1803,39.82381492,-34.92351143,138088.265625,0.5861828520902601,56955.3026663051,20.65438,0.180756
1803,39.82381492,-34.92351143,138088.265625,0.5861828520902601,56959.21577606443,20.185947,0.134434
1803,39.82381492,-34.92351143,138088.265625,0.5861828520902601,56959.21694497345,20.10993,0.128776
1803,39.82381492,-34.92351143,138088.265625,0.5861828520902601,56959.294104533736,20.652863,0.169467
1803,39.82381492,-34.92351143,138088.265625,0.5861828520902601,56961.214310330804,20.798464,0.199764
1803,39.82381492,-34.92351143,138088.265625,0.5861828520902601,56963.27431293903,20.235763,0.174267
1803,39.82381492,-34.92351143,138088.265625,0.5861828520902601,56963.27549342392,20.027844,0.15867
1803,39.82381492,-34.92351143,138088.265625,0.5861828520902601,57346.060771829914,19.97884,0.150795
1803,39.82381492,-34.92351143,138088.265625,0.5861828520902601,57360.15941737685,20.328151,0.188138
1803,39.82381492,-34.92351143,138088.265625,0.5861828520902601,57362.07435352262,20.737728,0.177691
1803,39.82381492,-34.92351143,138088.265625,0.5861828520902601,57362.15856376337,20.606958,0.179213
1804,39.82458871,-34.92532207,136970.0625,0.6185659839483382,56624.12253873283,20.88287,0.185476
1804,39.82458871,-34.92532207,136970.0625,0.6185659839483382,56624.20726916613,20.876245,0.185817
1804,39.82458871,-34.92532207,136970.0625,0.6185659839483382,56626.1068715197,20.406773,0.161286
1804,39.82458871,-34.92532207,136970.0625,0.6185659839483382,56626.10805203067,20.295395,0.152659
1804,39.82458871,-34.92532207,136970.0625,0.6185659839483382,56626.192296533845,20.582785,0.164766
1804,39.82458871,-34.92532207,136970.0625,0.6185659839483382,56626.19346547173,20.376238,0.173469
1804,39.82458871,-34.92532207,136970.0625,0.6185659839483382,56628.09319881769,20.48047,0.166004
1804,39.82458871,-34.92532207,136970.0625,0.6185659839483382,56628.09436775744,20.597632,0.202889
1804,39.82458871,-34.92532207,136970.0625,0.6185659839483382,56628.17873973632,20.742471,0.175392
1804,39.82458871,-34.92532207,136970.0625,0.6185659839483382,56628.17990867607,20.571284,0.162495
1804,39.82458871,-34.92532207,136970.0625,0.6185659839483382,56632.09808645863,20.734316,0.197515
1804,39.82458871,-34.92532207,136970.0625,0.6185659839483382,56632.18014403805,20.603147,0.203743
1804,39.82458871,-34.92532207,136970.0625,0.6185659839483382,56636.08891691035,20.271654,0.187852
1804,39.82458871,-34.92532207,136970.0625,0.6185659839483382,56636.090085858945,20.628974,0.235254
1804,39.82458871,-34.92532207,136970.0625,0.6185659839483382,56636.17229423951,20.825466,0.184933
1804,39.82458871,-34.92532207,136970.0625,0.6185659839483382,56949.207229855936,20.742874,0.16736
1804,39.82458871,-34.92532207,136970.0625,0.6185659839483382,56949.2083987603,20.514637,0.16484
1804,39.82458871,-34.92532207,136970.0625,0.6185659839483382,56951.210952087305,20.658988,0.165919
1804,39.82458871,-34.92532207,136970.0625,0.6185659839483382,56951.21212099213,20.533099,0.158077
1804,39.82458871,-34.92532207,136970.0625,0.6185659839483382,56951.298122304026,20.782489,0.18603
1804,39.82458871,-34.92532207,136970.0625,0.6185659839483382,56953.1757314736,20.871302,0.170012
1804,39.82458871,-34.92532207,136970.0625,0.6185659839483382,56953.25792522356,20.733475,0.175089
1804,39.82458871,-34.92532207,136970.0625,0.6185659839483382,56953.25909412932,20.766952,0.17853
1804,39.82458871,-34.92532207,136970.0625,0.6185659839483382,56955.2293261108,20.350445,0.13791
1804,39.82458871,-34.92532207,136970.0625,0.6185659839483382,56955.23049501749,20.061307,0.137496
1804,39.82458871,-34.92532207,136970.0625,0.6185659839483382,56955.30147427553,20.177662,0.149675
1804,39.82458871,-34.92532207,136970.0625,0.6185659839483382,56955.30266632838,20.575505,0.179758
1804,39.82458871,-34.92532207,136970.0625,0.6185659839483382,56959.215776097495,20.72611,0.172548
1804,39.82458871,-34.92532207,136970.0625,0.6185659839483382,56959.21694500698,20.588653,0.174841
1804,39.82458871,-34.92532207,136970.0625,0.6185659839483382,56961.21431036899,20.315219,0.17873
1804,39.82458871,-34.92532207,136970.0625,0.6185659839483382,56963.27431298187,20.246567,0.180071
1804,39.82458871,-34.92532207,136970.0625,0.6185659839483382,56963.27549346676,20.210584,0.154631
1804,39.82458871,-34.92532207,136970.0625,0.6185659839483382,57305.328075647354,20.161469,0.207219
1804,39.82458871,-34.92532207,136970.0625,0.6185659839483382,57346.14488829626,19.947726,0.120885
1804,39.82458871,-34.92532207,136970.0625,0.6185659839483382,57360.15941748535,20.771341,0.208143
1804,39.82458871,-34.92532207,136970.0625,0.6185659839483382,57364.075656666886,20.350075,0.232929
1805,39.8295851,-34.95513127,141326.78125,0.5910927382953495,55484.14496390335,20.872247,0.154468
1805,39.8295851,-34.95513127,141326.78125,0.5910927382953495,55484.14752160199,20.695576,0.17647
1805,39.8295851,-34.95513127,141326.78125,0.5910927382953495,55484.26333558699,20.194806,0.091961
1805,39.8295851,-34.95513127,141326.78125,0.5910927382953495,55484.353630453814,20.613399,0.13394
1805,39.8295851,-34.95513127,141326.78125,0.5910927382953495,56179.31668239692,20.590996,0.180101
1805,39.8295851,-34.95513127,141326.78125,0.5910927382953495,56183.335191762075,20.729626,0.20511
1805,39.8295851,-34.95513127,141326.78125,0.5910927382953495,56185.27344716154,20.483169,0.17218
1805,39.8295851,-34.95513127,141326.78125,0.5910927382953495,56185.27462764084,20.379035,0.202636
1805,39.8295851,-34.95513127,141326.78125,0.5910927382953495,56185.342123287264,20.422478,0.210305
1805,39.8295851,-34.95513127,141326.78125,0.5910927382953495,56185.362411330454,20.405998,0.205674
1805,39.8295851,-34.95513127,141326.78125,0.5910927382953495,56195.305816174485,20.266699,0.206351
1805,39.8295851,-34.95513127,141326.78125,0.5910927382953495,56195.30699665053,20.437,0.191464
1805,39.8295851,-34.95513127,141326.78125,0.5910927382953495,56211.29409117624,20.249847,0.174157
1805,39.8295851,-34.95513127,141326.78125,0.5910927382953495,56211.29526007874,20.452266,0.189932
1805,39.8295851,-34.95513127,141326.78125,0.5910927382953495,56211.34069681354,20.11248,0.182743
1805,39.8295851,-34.95513127,141326.78125,0.5910927382953495,56211.34186571557,20.442998,0.193132
1805,39.8295851,-34.95513127,141326.78125,0.5910927382953495,56217.217848116066,19.949762,0.143187
1805,39.8295851,-34.95513127,141326.78125,0.5910927382953495,56221.29268375784,20.388576,0.190359
1805,39.8295851,-34.95513127,141326.78125,0.5910927382953495,56221.29385266267,20.250342,0.175108
1805,39.8295851,-34.95513127,141326.78125,0.5910927382953495,56265.09579526447,20.523192,0.16894
1805,39.8295851,-34.95513127,141326.78125,0.5910927382953495,56265.09696420608,20.392467,0.200528
1805,39.8295851,-34.95513127,141326.78125,0.5910927382953495,56265.180607235525,20.507902,0.213005
1805,39.8295851,-34.95513127,141326.78125,0.5910927382953495,56267.09195713326,20.765833,0.167282
1805,39.8295851,-34.95513127,141326.78125,0.5910927382953495,56269.173444677144,20.522474,0.194558
1805,39.8295851,-34.95513127,141326.78125,0.5910927382953495,56269.174613624346,20.26712,0.214819
1805,39.8295851,-34.95513127,141326.78125,0.5910927382953495,56271.09323978238,20.529016,0.193582
1805,39.8295851,-34.95513127,141326.78125,0.5910927382953495,56508.350815129466,20.879458,0.17963
1805,39.8295851,-34.95513127,141326.78125,0.5910927382953495,56508.35199564649,20.828556,0.18935
1805,39.8295851,-34.95513127,141326.78125,0.5910927382953495,56510.36814404838,20.249624,0.176323
1805,39.8295851,-34.95513127,141326.78125,0.5910927382953495,56510.36932456354,20.122244,0.159612
1805,39.8295851,-34.95513127,141326.78125,0.5910927382953495,56514.379202260636,20.951871,0.195112
1805,39.8295851,-34.95513127,141326.78125,0.5910927382953495,56516.26775086578,20.083386,0.187025
1805,39.8295851,-34.95513127,141326.78125,0.5910927382953495,56516.26891980041,20.300452,0.182451
1805,39.8295851,-34.95513127,141326.78125,0.5910927382953495,56516.352793743834,20.466788,0.18329
1805,39.8295851,-34.95513127,141326.78125,0.5910927382953495,56516.35396267846,20.301046,0.186632
1805,39.8295851,-34.95513127,141326.78125,0.5910927382953495,56518.30703040771,20.856808,0.198827
1805,39.8295851,-34.95513127,141326.78125,0.5910927382953495,56518.3082224871,20.802733,0.18856
1805,39.8295851,-34.95513127,141326.78125,0.5910927382953495,56520.40062074317,20.213417,0.135561
1805,39.8295851,-34.95513127,141326.78125,0.5910927382953495,56520.40180124715,20.136048,0.146469
1805,39.8295851,-34.95513127,141326.78125,0.5910927382953495,56520.420920774806,20.178747,0.144228
1805,39.8295851,-34.95513127,141326.78125,0.5910927382953495,56520.42208970431,20.387436,0.16742
1805,39.8295851,-34.95513127,141326.78125,0.5910927382953495,56558.23105426878,20.385305,0.250521
1805,39.8295851,-34.95513127,141326.78125,0.5910927382953495,56562.3443186651,20.671289,0.195763
1805,39.8295851,-34.95513127,141326.78125,0.5910927382953495,56562.34839246282,20.029758,0.172111
1805,39.8295851,-34.95513127,141326.78125,0.5910927382953495,56564.265773816966,20.56153,0.172375
1805,39.8295851,-34.95513127,141326.78125,0.5910927382953495,56564.33097771369,20.439751,0.180795
1805,39.8295851,-34.95513127,141326.78125,0.5910927382953495,56564.334507565945,20.446591,0.197908
1805,39.8295851,-34.95513127,141326.78125,0.5910927382953495,56568.23486658512,20.560018,0.213847
1805,39.8295851,-34.95513127,141326.78125,0.5910927382953495,56570.23277411237,20.608988,0.203307
1805,39.8295851,-34.95513127,141326.78125,0.5910927382953495,56572.22785783978,20.871825,0.178697
1805,39.8295851,-34.95513127,141326.78125,0.5910927382953495,56572.36501283711,20.600512,0.201864
1805,39.8295851,-34.95513127,141326.78125,0.5910927382953495,56576.22738898266,20.901167,0.171584
1805,39.8295851,-34.95513127,141326.78125,0.5910927382953495,56576.22855788516,20.501211,0.203433
1805,39.8295851,-34.95513127,141326.78125,0.5910927382953495,56578.29523522174,20.39326,0.186594
1805,39.8295851,-34.95513127,141326.78125,0.5910927382953495,56618.121544794645,20.583536,0.20917
1805,39.8295851,-34.95513127,141326.78125,0.5910927382953495,56622.114727939945,20.570823,0.200506
1805,39.8295851,-34.95513127,141326.78125,0.5910927382953495,56622.1159200198,20.258174,0.14718
1805,39.8295851,-34.95513127,141326.78125,0.5910927382953495,56622.19915730273,20.50183,0.205831
1805,39.8295851,-34.95513127,141326.78125,0.5910927382953495,56624.12253986113,20.529041,0.190661
1805,39.8295851,-34.95513127,141326.78125,0.5910927382953495,56624.12373194285,20.692999,0.186258
1805,39.8295851,-34.95513127,141326.78125,0.5910927382953495,56626.106872718316,20.919456,0.177152
1805,39.8295851,-34.95513127,141326.78125,0.5910927382953495,56626.19229773572,20.225214,0.14899
1805,39.8295851,-34.95513127,141326.78125,0.5910927382953495,56626.193466673605,20.250169,0.157482
1805,39.8295851,-34.95513127,141326.78125,0.5910927382953495,56628.093200085685,20.601404,0.175729
1805,39.8295851,-34.95513127,141326.78125,0.5910927382953495,56628.094369025435,20.33869,0.188981
1805,39.8295851,-34.95513127,141326.78125,0.5910927382953495,56628.17874100711,20.881738,0.164963
1805,39.8295851,-34.95513127,141326.78125,0.5910927382953495,56628.17990994686,20.972416,0.159762
1805,39.8295851,-34.95513127,141326.78125,0.5910927382953495,56630.089264844544,20.973506,0.140777
1805,39.8295851,-34.95513127,141326.78125,0.5910927382953495,56632.09689576924,20.29775,0.15504
1805,39.8295851,-34.95513127,141326.78125,0.5910927382953495,56632.0980878612,20.230418,0.163507
1805,39.8295851,-34.95513127,141326.78125,0.5910927382953495,56632.18014544342,20.485226,0.192612
1805,39.8295851,-34.95513127,141326.78125,0.5910927382953495,56632.181314387824,20.772995,0.173451
1805,39.8295851,-34.95513127,141326.78125,0.5910927382953495,56638.08459463809,20.360746,0.212175
1805,39.8295851,-34.95513127,141326.78125,0.5910927382953495,56638.085775163956,20.256117,0.23941
1805,39.8295851,-34.95513127,141326.78125,0.5910927382953495,56949.20839829836,20.949294,0.144053
1805,39.8295851,-34.95513127,141326.78125,0.5910927382953495,56951.294615210965,20.343771,0.151328
1805,39.8295851,-34.95513127,141326.78125,0.5910927382953495,56951.29812192591,20.295396,0.146815
1805,39.8295851,-34.95513127,141326.78125,0.5910927382953495,56953.1745622661,20.675081,0.179793
1805,39.8295851,-34.95513127,141326.78125,0.5910927382953495,56953.17573117139,20.749204,0.176819
1805,39.8295851,-34.95513127,141326.78125,0.5910927382953495,56953.25792492507,20.773763,0.173225
1805,39.8295851,-34.95513127,141326.78125,0.5910927382953495,56953.25909383036,20.515138,0.182087
1805,39.8295851,-34.95513127,141326.78125,0.5910927382953495,56955.22932589194,20.79401,0.188698
1805,39.8295851,-34.95513127,141326.78125,0.5910927382953495,56959.215776041616,20.779884,0.175193
1805,39.8295851,-34.95513127,141326.78125,0.5910927382953495,56959.21694495063,20.672008,0.188258
1805,39.8295851,-34.95513127,141326.78125,0.5910927382953495,56963.190950033255,20.154164,0.181713
1805,39.8295851,-34.95513127,141326.78125,0.5910927382953495,56963.192118945066,20.465227,0.249923
1805,39.8295851,-34.95513127,141326.78125,0.5910927382953495,56963.274313091766,20.491223,0.194863
1805,39.8295851,-34.95513127,141326.78125,0.5910927382953495,56963.27549357666,20.650968,0.194935
1805,39.8295851,-34.95513127,141326.78125,0.5910927382953495,57362.158565263264,20.156741,0.140811
1806,39.83642555,-34.92234878,132260.203125,0.7015848021141088,55484.14752322715,20.542223,0.164771
1806,39.83642555,-34.92234878,132260.203125,0.7015848021141088,55484.26333720796,20.779795,0.116796
1806,39.83642555,-34.92234878,132260.203125,0.7015848021141088,55484.35363207059,20.617732,0.134574
1806,39.83642555,-34.92234878,132260.203125,0.7015848021141088,56183.33166446909,20.450602,0.203846
1806,39.83642555,-34.92234878,132260.203125,0.7015848021141088,56183.335194336716,20.319854,0.167268
1806,39.83642555,-34.92234878,132260.203125,0.7015848021141088,56185.2746301773,20.48652,0.210347
1806,39.83642555,-34.92234878,132260.203125,0.7015848021141088,56195.305818466004,20.164039,0.186888
1806,39.83642555,-34.92234878,132260.203125,0.7015848021141088,56195.30699894205,20.091257,0.173901
1806,39.83642555,-34.92234878,132260.203125,0.7015848021141088,56205.20450799493,20.32701,0.223673
1806,39.83642555,-34.92234878,132260.203125,0.7015848021141088,56205.20568847004,20.122629,0.184436
1806,39.83642555,-34.92234878,132260.203125,0.7015848021141088,56213.22366143577,20.508182,0.208852
1806,39.83642555,-34.92234878,132260.203125,0.7015848021141088,56219.21826105751,20.394705,0.204945
1806,39.83642555,-34.92234878,132260.203125,0.7015848021141088,56219.29827892827,20.492225,0.216187
1806,39.83642555,-34.92234878,132260.203125,0.7015848021141088,56219.3454170241,20.218214,0.207871
1806,39.83642555,-34.92234878,132260.203125,0.7015848021141088,56221.2099358798,20.533191,0.199287
1806,39.83642555,-34.92234878,132260.203125,0.7015848021141088,56221.21111635771,20.45538,0.195102
1806,39.83642555,-34.92234878,132260.203125,0.7015848021141088,56221.29268510686,20.343102,0.188466
1806,39.83642555,-34.92234878,132260.203125,0.7015848021141088,56221.29385401169,20.276703,0.192566
1806,39.83642555,-34.92234878,132260.203125,0.7015848021141088,56223.302427348215,20.387066,0.183048
1806,39.83642555,-34.92234878,132260.203125,0.7015848021141088,56223.35823393287,20.171466,0.139746
1806,39.83642555,-34.92234878,132260.203125,0.7015848021141088,56267.09195630113,20.612317,0.175616
1806,39.83642555,-34.92234878,132260.203125,0.7015848021141088,56267.093125245534,20.689489,0.181723
1806,39.83642555,-34.92234878,132260.203125,0.7015848021141088,56267.17511340091,20.696085,0.187613
1806,39.83642555,-34.92234878,132260.203125,0.7015848021141088,56267.17628234578,20.447721,0.168551
1806,39.83642555,-34.92234878,132260.203125,0.7015848021141088,56269.08951103501,20.367879,0.192308
1806,39.83642555,-34.92234878,132260.203125,0.7015848021141088,56269.09067998221,20.494527,0.207136
1806,39.83642555,-34.92234878,132260.203125,0.7015848021141088,56271.09206981491,20.138837,0.144492
1806,39.83642555,-34.92234878,132260.203125,0.7015848021141088,56271.09323876444,20.138314,0.174245
1806,39.83642555,-34.92234878,132260.203125,0.7015848021141088,56271.174949493725,20.378768,0.196029
1806,39.83642555,-34.92234878,132260.203125,0.7015848021141088,56271.17611844279,20.077002,0.158679
1806,39.83642555,-34.92234878,132260.203125,0.7015848021141088,56273.08440163592,20.660941,0.211495
1806,39.83642555,-34.92234878,132260.203125,0.7015848021141088,56273.168056934606,20.225564,0.139632
1806,39.83642555,-34.92234878,132260.203125,0.7015848021141088,56273.169237460475,20.101856,0.129144
1806,39.83642555,-34.92234878,132260.203125,0.7015848021141088,56277.156530015636,20.620711,0.199075
1806,39.83642555,-34.92234878,132260.203125,0.7015848021141088,56283.060870777816,20.344069,0.228952
1806,39.83642555,-34.92234878,132260.203125,0.7015848021141088,56283.06205131672,20.150577,0.167973
1806,39.83642555,-34.92234878,132260.203125,0.7015848021141088,56506.392788304016,20.340472,0.163888
1806,39.83642555,-34.92234878,132260.203125,0.7015848021141088,56508.26612141915,20.323316,0.178056
1806,39.83642555,-34.92234878,132260.203125,0.7015848021141088,56508.2673019371,20.266142,0.17999
1806,39.83642555,-34.92234878,132260.203125,0.7015848021141088,56508.35081777861,20.629221,0.191282
1806,39.83642555,-34.92234878,132260.203125,0.7015848021141088,56508.3519982961,20.413041,0.176717
1806,39.83642555,-34.92234878,132260.203125,0.7015848021141088,56510.29404046293,20.309893,0.176237
1806,39.83642555,-34.92234878,132260.203125,0.7015848021141088,56510.29522097856,20.4454,0.170352
1806,39.83642555,-34.92234878,132260.203125,0.7015848021141088,56510.36814672733,20.250224,0.176256
1806,39.83642555,-34.92234878,132260.203125,0.7015848021141088,56510.369327242486,20.22686,0.146492
1806,39.83642555,-34.92234878,132260.203125,0.7015848021141088,56514.32041094033,20.795345,0.200297
1806,39.83642555,-34.92234878,132260.203125,0.7015848021141088,56514.32157987682,20.587463,0.181815
1806,39.83642555,-34.92234878,132260.203125,0.7015848021141088,56514.37920498755,20.653069,0.187536
1806,39.83642555,-34.92234878,132260.203125,0.7015848021141088,56516.268922545016,20.603072,0.18051
1806,39.83642555,-34.92234878,132260.203125,0.7015848021141088,56518.30703316862,20.532707,0.19745
1806,39.83642555,-34.92234878,132260.203125,0.7015848021141088,56518.30822524801,20.720687,0.176213
1806,39.83642555,-34.92234878,132260.203125,0.7015848021141088,56518.37175266398,20.779273,0.2046
1806,39.83642555,-34.92234878,132260.203125,0.7015848021141088,56518.372921595816,20.698019,0.191029
1806,39.83642555,-34.92234878,132260.203125,0.7015848021141088,56520.40062351711,20.971082,0.185252
1806,39.83642555,-34.92234878,132260.203125,0.7015848021141088,56520.40180402063,20.645352,0.190168
1806,39.83642555,-34.92234878,132260.203125,0.7015848021141088,56520.420923548285,20.577289,0.175358
1806,39.83642555,-34.92234878,132260.203125,0.7015848021141088,56520.42209247826,20.631407,0.195112
1806,39.83642555,-34.92234878,132260.203125,0.7015848021141088,56560.23060970148,20.276974,0.197736
1806,39.83642555,-34.92234878,132260.203125,0.7015848021141088,56560.231790177524,20.185972,0.199721
1806,39.83642555,-34.92234878,132260.203125,0.7015848021141088,56560.31411101343,20.545028,0.203042
1806,39.83642555,-34.92234878,132260.203125,0.7015848021141088,56562.24310091743,20.227924,0.186728
1806,39.83642555,-34.92234878,132260.203125,0.7015848021141088,56562.24428139301,20.103596,0.171769
1806,39.83642555,-34.92234878,132260.203125,0.7015848021141088,56562.34432090586,20.41014,0.207056
1806,39.83642555,-34.92234878,132260.203125,0.7015848021141088,56562.348394703586,20.355558,0.192525
1806,39.83642555,-34.92234878,132260.203125,0.7015848021141088,56564.26459552441,20.597501,0.191303
1806,39.83642555,-34.92234878,132260.203125,0.7015848021141088,56564.26577599952,20.484218,0.172644
1806,39.83642555,-34.92234878,132260.203125,0.7015848021141088,56564.33097989438,20.117484,0.169617
1806,39.83642555,-34.92234878,132260.203125,0.7015848021141088,56564.33450974664,20.115414,0.171833
1806,39.83642555,-34.92234878,132260.203125,0.7015848021141088,56568.23603754211,20.698522,0.19396
1806,39.83642555,-34.92234878,132260.203125,0.7015848021141088,56570.23160719825,20.77465,0.187486
1806,39.83642555,-34.92234878,132260.203125,0.7015848021141088,56570.23277610028,20.617036,0.208877
1806,39.83642555,-34.92234878,132260.203125,0.7015848021141088,56570.34518740093,20.792831,0.199063
1806,39.83642555,-34.92234878,132260.203125,0.7015848021141088,56570.346367876045,20.635198,0.194445
1806,39.83642555,-34.92234878,132260.203125,0.7015848021141088,56572.22667928273,20.350839,0.174365
1806,39.83642555,-34.92234878,132260.203125,0.7015848021141088,56572.227859757375,20.476114,0.155239
1806,39.83642555,-34.92234878,132260.203125,0.7015848021141088,56572.36384584801,20.509923,0.186799
1806,39.83642555,-34.92234878,132260.203125,0.7015848021141088,56572.36501474958,20.792309,0.201117
1806,39.83642555,-34.92234878,132260.203125,0.7015848021141088,56576.227390752174,20.212741,0.147825
1806,39.83642555,-34.92234878,132260.203125,0.7015848021141088,56576.22855965467,20.037642,0.156393
1806,39.83642555,-34.92234878,132260.203125,0.7015848021141088,56576.356965296436,20.488318,0.179343
1806,39.83642555,-34.92234878,132260.203125,0.7015848021141088,56576.358134198934,20.455399,0.189853
1806,39.83642555,-34.92234878,132260.203125,0.7015848021141088,56578.29405643558,20.358653,0.205386
1806,39.83642555,-34.92234878,132260.203125,0.7015848021141088,56578.295236911625,20.649627,0.192959
1806,39.83642555,-34.92234878,132260.203125,0.7015848021141088,56622.1159196794,20.355191,0.158687
1806,39.83642555,-34.92234878,132260.203125,0.7015848021141088,56622.199156958144,20.751576,0.212072
1806,39.83642555,-34.92234878,132260.203125,0.7015848021141088,56622.20033746492,20.895012,0.184252
1806,39.83642555,-34.92234878,132260.203125,0.7015848021141088,56624.12253942294,20.312659,0.162734
1806,39.83642555,-34.92234878,132260.203125,0.7015848021141088,56624.12373150466,20.38782,0.178531
1806,39.83642555,-34.92234878,132260.203125,0.7015848021141088,56624.20608934667,20.331981,0.183998
1806,39.83642555,-34.92234878,132260.203125,0.7015848021141088,56624.20726985484,20.30792,0.175744
1806,39.83642555,-34.92234878,132260.203125,0.7015848021141088,56626.1068721842,20.269276,0.140167
1806,39.83642555,-34.92234878,132260.203125,0.7015848021141088,56626.10805269517,20.055552,0.150936
1806,39.83642555,-34.92234878,132260.203125,0.7015848021141088,56626.19229719741,20.419985,0.156499
1806,39.83642555,-34.92234878,132260.203125,0.7015848021141088,56626.193466134835,20.433098,0.163468
1806,39.83642555,-34.92234878,132260.203125,0.7015848021141088,56628.093199455645,20.350413,0.152424
1806,39.83642555,-34.92234878,132260.203125,0.7015848021141088,56628.094368395396,20.425072,0.20118
1806,39.83642555,-34.92234878,132260.203125,0.7015848021141088,56628.17874037288,20.125356,0.134883
1806,39.83642555,-34.92234878,132260.203125,0.7015848021141088,56628.1799093131,20.0559,0.151296
1806,39.83642555,-34.92234878,132260.203125,0.7015848021141088,56630.08926411951,20.830373,0.158127
1806,39.83642555,-34.92234878,132260.203125,0.7015848021141088,56630.09043306159,20.626746,0.168995
1806,39.83642555,-34.92234878,132260.203125,0.7015848021141088,56632.09808704117,20.799446,0.198113
1806,39.83642555,-34.92234878,132260.203125,0.7015848021141088,56632.1801446192,20.734903,0.212017
1806,39.83642555,-34.92234878,132260.203125,0.7015848021141088,56632.181313563604,20.50648,0.191906
1806,39.83642555,-34.92234878,132260.203125,0.7015848021141088,56636.090086383745,20.392056,0.221504
1806,39.83642555,-34.92234878,132260.203125,0.7015848021141088,56636.17346371198,20.601466,0.209363
1806,39.83642555,-34.92234878,132260.203125,0.7015848021141088,56638.08459354099,20.428128,0.205244
1806,39.83642555,-34.92234878,132260.203125,0.7015848021141088,56638.08577406639,20.076634,0.201611
1806,39.83642555,-34.92234878,132260.203125,0.7015848021141088,56943.196707366034,20.279798,0.173227
1806,39.83642555,-34.92234878,132260.203125,0.7015848021141088,56943.19788784161,20.24506,0.180321
1806,39.83642555,-34.92234878,132260.203125,0.7015848021141088,56943.28059058357,20.357183,0.193203
1806,39.83642555,-34.92234878,132260.203125,0.7015848021141088,56943.281759486534,20.348228,0.222496
1806,39.83642555,-34.92234878,132260.203125,0.7015848021141088,56949.20723085338,20.811206,0.160551
1806,39.83642555,-34.92234878,132260.203125,0.7015848021141088,56949.20839975774,20.812617,0.158889
1806,39.83642555,-34.92234878,132260.203125,0.7015848021141088,56951.210953080095,20.52851,0.160527
1806,39.83642555,-34.92234878,132260.203125,0.7015848021141088,56951.21212198539,20.406098,0.158443
1806,39.83642555,-34.92234878,132260.203125,0.7015848021141088,56951.29461658187,20.730745,0.172671
1806,39.83642555,-34.92234878,132260.203125,0.7015848021141088,56951.298123296816,20.660651,0.188462
1806,39.83642555,-34.92234878,132260.203125,0.7015848021141088,56953.17456355551,20.422673,0.162382
1806,39.83642555,-34.92234878,132260.203125,0.7015848021141088,56953.175732460804,20.661792,0.17431
1806,39.83642555,-34.92234878,132260.203125,0.7015848021141088,56953.25792621076,20.331613,0.15455
1806,39.83642555,-34.92234878,132260.203125,0.7015848021141088,56953.25909511652,20.272699,0.165786
1806,39.83642555,-34.92234878,132260.203125,0.7015848021141088,56955.229327091016,20.496055,0.154294
1806,39.83642555,-34.92234878,132260.203125,0.7015848021141088,56955.230495997705,20.307359,0.145654
1806,39.83642555,-34.92234878,132260.203125,0.7015848021141088,56955.301475255284,20.665777,0.184843
1806,39.83642555,-34.92234878,132260.203125,0.7015848021141088,56955.30266730813,20.516576,0.173551
1806,39.83642555,-34.92234878,132260.203125,0.7015848021141088,56959.2169459695,20.676318,0.18152
1806,39.83642555,-34.92234878,132260.203125,0.7015848021141088,56959.2929366203,20.082031,0.180079
1806,39.83642555,-34.92234878,132260.203125,0.7015848021141088,56959.29410552932,20.360471,0.181101
1806,39.83642555,-34.92234878,132260.203125,0.7015848021141088,56961.21313083777,20.562242,0.173659
1806,39.83642555,-34.92234878,132260.203125,0.7015848021141088,56961.214311321266,20.711655,0.196872
1806,39.83642555,-34.92234878,132260.203125,0.7015848021141088,56963.27431392204,20.503231,0.196927
1806,39.83642555,-34.92234878,132260.203125,0.7015848021141088,56963.27549440693,20.684306,0.188744
1806,39.83642555,-34.92234878,132260.203125,0.7015848021141088,57305.32807664946,20.356603,0.218602
1806,39.83642555,-34.92234878,132260.203125,0.7015848021141088,57346.06077270303,20.504004,0.163651
1806,39.83642555,-34.92234878,132260.203125,0.7015848021141088,57360.159418102354,20.76262,0.201439
1806,39.83642555,-34.92234878,132260.203125,0.7015848021141088,57362.07435422437,20.269895,0.167369
1806,39.83642555,-34.92234878,132260.203125,0.7015848021141088,57362.15856446419,20.435091,0.170712
1806,39.83642555,-34.92234878,132260.203125,0.7015848021141088,57364.07565722847,20.118064,0.219512
1806,39.83642555,-34.92234878,132260.203125,0.7015848021141088,57364.16033059219,20.551759,0.195573
1807,39.83642716140057,-34.9223417838201,132629.3125,0.7015525835710594,55484.14752322761,20.484919,0.160432
1807,39.83642716140057,-34.9223417838201,132629.3125,0.7015525835710594,55484.26076793624,20.596885,0.090841
1807,39.83642716140057,-34.9223417838201,132629.3125,0.7015525835710594,55484.26333720796,20.769899,0.1001
1807,39.83642716140057,-34.9223417838201,132629.3125,0.7015525835710594,55484.351062799804,20.631142,0.117686
1807,39.83642716140057,-34.9223417838201,132629.3125,0.7015525835710594,55484.353632071055,20.700028,0.117493
1807,39.83642716140057,-34.9223417838201,132629.3125,0.7015525835710594,56183.33166446956,20.434438,0.184453
1807,39.83642716140057,-34.9223417838201,132629.3125,0.7015525835710594,56183.33519433765,20.246848,0.135501
1807,39.83642716140057,-34.9223417838201,132629.3125,0.7015525835710594,56185.274630177766,20.546549,0.174596
1807,39.83642716140057,-34.9223417838201,132629.3125,0.7015525835710594,56193.345660944935,20.156697,0.167704
1807,39.83642716140057,-34.9223417838201,132629.3125,0.7015525835710594,56195.305818466935,20.147923,0.162688
1807,39.83642716140057,-34.9223417838201,132629.3125,0.7015525835710594,56195.30699894251,20.133444,0.135491
1807,39.83642716140057,-34.9223417838201,132629.3125,0.7015525835710594,56205.2045079954,20.49686,0.213121
1807,39.83642716140057,-34.9223417838201,132629.3125,0.7015525835710594,56205.20568847004,20.558523,0.199269
1807,39.83642716140057,-34.9223417838201,132629.3125,0.7015525835710594,56211.295261836145,20.694194,0.212131
1807,39.83642716140057,-34.9223417838201,132629.3125,0.7015525835710594,56213.223661436234,20.57368,0.185442
1807,39.83642716140057,-34.9223417838201,132629.3125,0.7015525835710594,56215.30209799297,20.448561,0.176566
1807,39.83642716140057,-34.9223417838201,132629.3125,0.7015525835710594,56219.21826105798,20.505279,0.181497
1807,39.83642716140057,-34.9223417838201,132629.3125,0.7015525835710594,56219.298278928734,20.594493,0.212131
1807,39.83642716140057,-34.9223417838201,132629.3125,0.7015525835710594,56219.3454170241,20.393168,0.255075
1807,39.83642716140057,-34.9223417838201,132629.3125,0.7015525835710594,56221.2099358798,20.261424,0.184024
1807,39.83642716140057,-34.9223417838201,132629.3125,0.7015525835710594,56221.21111635817,20.437993,0.169671
1807,39.83642716140057,-34.9223417838201,132629.3125,0.7015525835710594,56221.29268510686,20.2887,0.158553
1807,39.83642716140057,-34.9223417838201,132629.3125,0.7015525835710594,56221.293854012154,20.203574,0.154907
1807,39.83642716140057,-34.9223417838201,132629.3125,0.7015525835710594,56223.30242734868,20.478778,0.185442
1807,39.83642716140057,-34.9223417838201,132629.3125,0.7015525835710594,56223.35823393334,20.308123,0.187884
1807,39.83642716140057,-34.9223417838201,132629.3125,0.7015525835710594,56267.09195630113,20.599373,0.186428
1807,39.83642716140057,-34.9223417838201,132629.3125,0.7015525835710594,56267.093125245534,20.634616,0.178537
1807,39.83642716140057,-34.9223417838201,132629.3125,0.7015525835710594,56267.17511340091,20.57145,0.169105
1807,39.83642716140057,-34.9223417838201,132629.3125,0.7015525835710594,56267.17628234578,20.498379,0.149049
1807,39.83642716140057,-34.9223417838201,132629.3125,0.7015525835710594,56269.089511034545,20.215839,0.198359
1807,39.83642716140057,-34.9223417838201,132629.3125,0.7015525835710594,56269.090679981746,20.480879,0.169671
1807,39.83642716140057,-34.9223417838201,132629.3125,0.7015525835710594,56271.09206981445,20.294146,0.137317
1807,39.83642716140057,-34.9223417838201,132629.3125,0.7015525835710594,56271.09323876444,20.146533,0.151096
1807,39.83642716140057,-34.9223417838201,132629.3125,0.7015525835710594,56271.17494949326,20.430851,0.176566
1807,39.83642716140057,-34.9223417838201,132629.3125,0.7015525835710594,56271.17611844279,20.196093,0.161401
1807,39.83642716140057,-34.9223417838201,132629.3125,0.7015525835710594,56273.08440163592,20.622254,0.17164
1807,39.83642716140057,-34.9223417838201,132629.3125,0.7015525835710594,56273.168056934606,20.116736,0.132964
1807,39.83642716140057,-34.9223417838201,132629.3125,0.7015525835710594,56273.169237460475,20.210167,0.131136
1807,39.83642716140057,-34.9223417838201,132629.3125,0.7015525835710594,56277.156530015636,20.64137,0.148969
1807,39.83642716140057,-34.9223417838201,132629.3125,0.7015525835710594,56283.06087077735,20.583925,0.196304
1807,39.83642716140057,-34.9223417838201,132629.3125,0.7015525835710594,56283.06205131626,20.304746,0.153951
1807,39.83642716140057,-34.9223417838201,132629.3125,0.7015525835710594,56506.39278830448,20.652956,0.214111
1807,39.83642716140057,-34.9223417838201,132629.3125,0.7015525835710594,56508.26612141961,20.390114,0.161803
1807,39.83642716140057,-34.9223417838201,132629.3125,0.7015525835710594,56508.267301937565,20.333574,0.159839
1807,39.83642716140057,-34.9223417838201,132629.3125,0.7015525835710594,56508.350817779545,20.426294,0.149903
1807,39.83642716140057,-34.9223417838201,132629.3125,0.7015525835710594,56508.351998296566,20.511969,0.148383
1807,39.83642716140057,-34.9223417838201,132629.3125,0.7015525835710594,56510.294040463865,20.225518,0.146333
1807,39.83642716140057,-34.9223417838201,132629.3125,0.7015525835710594,56510.295220979024,20.418667,0.163246
1807,39.83642716140057,-34.9223417838201,132629.3125,0.7015525835710594,56510.36814672779,20.212316,0.156329
1807,39.83642716140057,-34.9223417838201,132629.3125,0.7015525835710594,56510.36932724295,20.18651,0.136042
1807,39.83642716140057,-34.9223417838201,132629.3125,0.7015525835710594,56514.32041094126,20.775943,0.168687
1807,39.83642716140057,-34.9223417838201,132629.3125,0.7015525835710594,56514.32157987775,20.779045,0.170655
1807,39.83642716140057,-34.9223417838201,132629.3125,0.7015525835710594,56514.37920498848,20.623143,0.149049
1807,39.83642716140057,-34.9223417838201,132629.3125,0.7015525835710594,56516.26892254595,20.661989,0.193341
1807,39.83642716140057,-34.9223417838201,132629.3125,0.7015525835710594,56518.30703316908,20.460244,0.153096
1807,39.83642716140057,-34.9223417838201,132629.3125,0.7015525835710594,56518.30822524894,20.855235,0.20026
1807,39.83642716140057,-34.9223417838201,132629.3125,0.7015525835710594,56518.37175266445,20.817956,0.184455
1807,39.83642716140057,-34.9223417838201,132629.3125,0.7015525835710594,56518.37292159675,20.542089,0.148989
1807,39.83642716140057,-34.9223417838201,132629.3125,0.7015525835710594,56520.40062351758,20.876323,0.182483
1807,39.83642716140057,-34.9223417838201,132629.3125,0.7015525835710594,56520.401804021094,20.543722,0.143166
1807,39.83642716140057,-34.9223417838201,132629.3125,0.7015525835710594,56520.420923549216,20.60784,0.136341
1807,39.83642716140057,-34.9223417838201,132629.3125,0.7015525835710594,56520.42209247872,20.534479,0.128549
1807,39.83642716140057,-34.9223417838201,132629.3125,0.7015525835710594,56552.36754408898,20.520307,0.220054
1807,39.83642716140057,-34.9223417838201,132629.3125,0.7015525835710594,56560.23060970195,20.55959,0.193341
1807,39.83642716140057,-34.9223417838201,132629.3125,0.7015525835710594,56560.23179017799,20.386203,0.169276
1807,39.83642716140057,-34.9223417838201,132629.3125,0.7015525835710594,56560.3141110139,20.51651,0.182483
1807,39.83642716140057,-34.9223417838201,132629.3125,0.7015525835710594,56562.2431009179,20.183828,0.155549
1807,39.83642716140057,-34.9223417838201,132629.3125,0.7015525835710594,56562.344320906326,20.336046,0.17669
1807,39.83642716140057,-34.9223417838201,132629.3125,0.7015525835710594,56562.34839470405,20.149506,0.137317
1807,39.83642716140057,-34.9223417838201,132629.3125,0.7015525835710594,56564.26459552487,20.54377,0.147091
1807,39.83642716140057,-34.9223417838201,132629.3125,0.7015525835710594,56564.33097989485,20.066837,0.172262
1807,39.83642716140057,-34.9223417838201,132629.3125,0.7015525835710594,56564.3345097471,20.163548,0.147306
1807,39.83642716140057,-34.9223417838201,132629.3125,0.7015525835710594,56568.23603754258,20.735416,0.151988
1807,39.83642716140057,-34.9223417838201,132629.3125,0.7015525835710594,56570.231607198715,20.712212,0.194329
1807,39.83642716140057,-34.9223417838201,132629.3125,0.7015525835710594,56570.23277610075,20.75311,0.175878
1807,39.83642716140057,-34.9223417838201,132629.3125,0.7015525835710594,56570.3451874014,20.61996,0.178537
1807,39.83642716140057,-34.9223417838201,132629.3125,0.7015525835710594,56570.34636787651,20.477324,0.155494
1807,39.83642716140057,-34.9223417838201,132629.3125,0.7015525835710594,56572.226679283194,20.423838,0.146338
1807,39.83642716140057,-34.9223417838201,132629.3125,0.7015525835710594,56572.22785975784,20.462038,0.135077
1807,39.83642716140057,-34.9223417838201,132629.3125,0.7015525835710594,56572.36384584848,20.548165,0.182614
1807,39.83642716140057,-34.9223417838201,132629.3125,0.7015525835710594,56572.365014750045,20.87587,0.205203
1807,39.83642716140057,-34.9223417838201,132629.3125,0.7015525835710594,56576.22739075264,20.28054,0.153124
1807,39.83642716140057,-34.9223417838201,132629.3125,0.7015525835710594,56576.22855965514,20.055994,0.148894
1807,39.83642716140057,-34.9223417838201,132629.3125,0.7015525835710594,56576.3569652969,20.371612,0.141017
1807,39.83642716140057,-34.9223417838201,132629.3125,0.7015525835710594,56576.358134198934,20.525526,0.156894
1807,39.83642716140057,-34.9223417838201,132629.3125,0.7015525835710594,56578.29405643605,20.548117,0.174596
1807,39.83642716140057,-34.9223417838201,132629.3125,0.7015525835710594,56578.29523691209,20.546226,0.16489
1807,39.83642716140057,-34.9223417838201,132629.3125,0.7015525835710594,56616.20365849463,20.168041,0.190376
1807,39.83642716140057,-34.9223417838201,132629.3125,0.7015525835710594,56622.1159196794,20.261359,0.153061
1807,39.83642716140057,-34.9223417838201,132629.3125,0.7015525835710594,56622.199156958144,20.660325,0.167807
1807,39.83642716140057,-34.9223417838201,132629.3125,0.7015525835710594,56622.20033746492,20.763646,0.186428
1807,39.83642716140057,-34.9223417838201,132629.3125,0.7015525835710594,56624.122539422475,20.386914,0.137988
1807,39.83642716140057,-34.9223417838201,132629.3125,0.7015525835710594,56624.12373150466,20.482269,0.133592
1807,39.83642716140057,-34.9223417838201,132629.3125,0.7015525835710594,56624.20608934667,20.28277,0.177491
1807,39.83642716140057,-34.9223417838201,132629.3125,0.7015525835710594,56624.20726985484,20.458111,0.150983
1807,39.83642716140057,-34.9223417838201,132629.3125,0.7015525835710594,56626.10687218374,20.121293,0.144999
1807,39.83642716140057,-34.9223417838201,132629.3125,0.7015525835710594,56626.10805269517,20.083998,0.140387
1807,39.83642716140057,-34.9223417838201,132629.3125,0.7015525835710594,56626.19229719695,20.154015,0.164502
1807,39.83642716140057,-34.9223417838201,132629.3125,0.7015525835710594,56626.193466134835,20.600149,0.150029
1807,39.83642716140057,-34.9223417838201,132629.3125,0.7015525835710594,56628.093199455645,20.453942,0.157065
1807,39.83642716140057,-34.9223417838201,132629.3125,0.7015525835710594,56628.094368395396,20.416485,0.137139
1807,39.83642716140057,-34.9223417838201,132629.3125,0.7015525835710594,56628.17874037288,20.150347,0.16171
1807,39.83642716140057,-34.9223417838201,132629.3125,0.7015525835710594,56628.17990931263,20.225744,0.139715
1807,39.83642716140057,-34.9223417838201,132629.3125,0.7015525835710594,56630.09043306112,20.516122,0.150537
1807,39.83642716140057,-34.9223417838201,132629.3125,0.7015525835710594,56632.09808704071,20.771257,0.169671
1807,39.83642716140057,-34.9223417838201,132629.3125,0.7015525835710594,56632.1801446192,20.640078,0.177551
1807,39.83642716140057,-34.9223417838201,132629.3125,0.7015525835710594,56632.18131356314,20.708883,0.181497
1807,39.83642716140057,-34.9223417838201,132629.3125,0.7015525835710594,56636.08891743468,20.343738,0.143176
1807,39.83642716140057,-34.9223417838201,132629.3125,0.7015525835710594,56636.09008638328,20.348149,0.140245
1807,39.83642716140057,-34.9223417838201,132629.3125,0.7015525835710594,56636.173463711515,20.525914,0.167704
1807,39.83642716140057,-34.9223417838201,132629.3125,0.7015525835710594,56638.08459354099,20.203817,0.175662
1807,39.83642716140057,-34.9223417838201,132629.3125,0.7015525835710594,56638.08577406639,20.327433,0.188114
1807,39.83642716140057,-34.9223417838201,132629.3125,0.7015525835710594,56943.1967073665,20.32753,0.142199
1807,39.83642716140057,-34.9223417838201,132629.3125,0.7015525835710594,56943.19788784208,20.296376,0.163381
1807,39.83642716140057,-34.9223417838201,132629.3125,0.7015525835710594,56943.280590584036,20.569366,0.185442
1807,39.83642716140057,-34.9223417838201,132629.3125,0.7015525835710594,56943.281759487,20.47065,0.167704
1807,39.83642716140057,-34.9223417838201,132629.3125,0.7015525835710594,56949.20723085385,20.673511,0.152968
1807,39.83642716140057,-34.9223417838201,132629.3125,0.7015525835710594,56949.20839975774,20.776024,0.142199
1807,39.83642716140057,-34.9223417838201,132629.3125,0.7015525835710594,56951.21095308056,20.736854,0.150029
1807,39.83642716140057,-34.9223417838201,132629.3125,0.7015525835710594,56951.21212198539,20.656366,0.139268
1807,39.83642716140057,-34.9223417838201,132629.3125,0.7015525835710594,56951.29461658234,20.833194,0.170655
1807,39.83642716140057,-34.9223417838201,132629.3125,0.7015525835710594,56951.29812329728,20.777074,0.161803
1807,39.83642716140057,-34.9223417838201,132629.3125,0.7015525835710594,56953.17456355551,20.390583,0.112088
1807,39.83642716140057,-34.9223417838201,132629.3125,0.7015525835710594,56953.17573246127,20.651276,0.155913
1807,39.83642716140057,-34.9223417838201,132629.3125,0.7015525835710594,56953.25792621123,20.365504,0.123052
1807,39.83642716140057,-34.9223417838201,132629.3125,0.7015525835710594,56953.25909511652,20.502888,0.133415
1807,39.83642716140057,-34.9223417838201,132629.3125,0.7015525835710594,56955.22932709148,20.457093,0.13035
1807,39.83642716140057,-34.9223417838201,132629.3125,0.7015525835710594,56955.23049599817,20.216356,0.129539
1807,39.83642716140057,-34.9223417838201,132629.3125,0.7015525835710594,56955.30147525575,20.547955,0.142574
1807,39.83642716140057,-34.9223417838201,132629.3125,0.7015525835710594,56955.3026673086,20.640708,0.143629
1807,39.83642716140057,-34.9223417838201,132629.3125,0.7015525835710594,56959.216945969965,20.457222,0.128119
1807,39.83642716140057,-34.9223417838201,132629.3125,0.7015525835710594,56959.29293662077,20.147357,0.171101
1807,39.83642716140057,-34.9223417838201,132629.3125,0.7015525835710594,56959.294105529785,20.264203,0.141751
1807,39.83642716140057,-34.9223417838201,132629.3125,0.7015525835710594,56961.21313083777,20.773438,0.167704
1807,39.83642716140057,-34.9223417838201,132629.3125,0.7015525835710594,56961.214311321266,20.789322,0.183469
1807,39.83642716140057,-34.9223417838201,132629.3125,0.7015525835710594,56963.274313922506,20.720453,0.181497
1807,39.83642716140057,-34.9223417838201,132629.3125,0.7015525835710594,56963.2754944074,20.779999,0.194329
1807,39.83642716140057,-34.9223417838201,132629.3125,0.7015525835710594,56969.24726505298,20.320921,0.224016
1807,39.83642716140057,-34.9223417838201,132629.3125,0.7015525835710594,57305.32807664992,20.335852,0.183179
1807,39.83642716140057,-34.9223417838201,132629.3125,0.7015525835710594,57346.06077270303,20.331877,0.180508
1807,39.83642716140057,-34.9223417838201,132629.3125,0.7015525835710594,57360.159418102354,20.810394,0.180508
1807,39.83642716140057,-34.9223417838201,132629.3125,0.7015525835710594,57362.07435422437,20.221866,0.132867
1807,39.83642716140057,-34.9223417838201,132629.3125,0.7015525835710594,57362.15856446419,20.463088,0.151041
1807,39.83642716140057,-34.9223417838201,132629.3125,0.7015525835710594,57364.07565722847,20.026585,0.142211
1807,39.83642716140057,-34.9223417838201,132629.3125,0.7015525835710594,57364.16033059172,20.490591,0.189389
1808,39.84128588,-34.92440308,136722.3125,0.6156350875438015,56624.12373187626,20.669101,0.189805
1808,39.84128588,-34.92440308,136722.3125,0.6156350875438015,56624.2060897178,20.243507,0.159648
1808,39.84128588,-34.92440308,136722.3125,0.6156350875438015,56624.20727022644,20.118976,0.167647
1808,39.84128588,-34.92440308,136722.3125,0.6156350875438015,56626.10687255347,20.321101,0.145805
1808,39.84128588,-34.92440308,136722.3125,0.6156350875438015,56626.10805306444,20.326506,0.155182
1808,39.84128588,-34.92440308,136722.3125,0.6156350875438015,56626.19229756668,20.537443,0.170211
1808,39.84128588,-34.92440308,136722.3125,0.6156350875438015,56626.193466504104,20.53197,0.185331
1808,39.84128588,-34.92440308,136722.3125,0.6156350875438015,56628.09319982305,20.524792,0.162984
1808,39.84128588,-34.92440308,136722.3125,0.6156350875438015,56628.0943687628,20.48918,0.196661
1808,39.84128588,-34.92440308,136722.3125,0.6156350875438015,56628.17874074029,20.70986,0.175469
1808,39.84128588,-34.92440308,136722.3125,0.6156350875438015,56632.09808740206,20.792531,0.201384
1808,39.84128588,-34.92440308,136722.3125,0.6156350875438015,56632.18014498055,20.444221,0.186554
1808,39.84128588,-34.92440308,136722.3125,0.6156350875438015,56632.18131392449,20.119286,0.149764
1808,39.84128588,-34.92440308,136722.3125,0.6156350875438015,56636.09008673718,20.539492,0.221395
1808,39.84128588,-34.92440308,136722.3125,0.6156350875438015,56636.172295116354,20.455013,0.207484
1808,39.84128588,-34.92440308,136722.3125,0.6156350875438015,56943.197888135444,20.681012,0.185512
1808,39.84128588,-34.92440308,136722.3125,0.6156350875438015,56949.20723116957,20.519301,0.161079
1808,39.84128588,-34.92440308,136722.3125,0.6156350875438015,56949.20840007393,20.331532,0.155056
1808,39.84128588,-34.92440308,136722.3125,0.6156350875438015,56951.210953403264,20.438834,0.160793
1808,39.84128588,-34.92440308,136722.3125,0.6156350875438015,56951.212122308556,20.282425,0.158949
1808,39.84128588,-34.92440308,136722.3125,0.6156350875438015,56951.29461690551,20.681838,0.175059
1808,39.84128588,-34.92440308,136722.3125,0.6156350875438015,56951.29812362045,20.673851,0.189101
1808,39.84128588,-34.92440308,136722.3125,0.6156350875438015,56953.1745638852,20.904824,0.179794
1808,39.84128588,-34.92440308,136722.3125,0.6156350875438015,56953.17573279049,20.701822,0.18184
1808,39.84128588,-34.92440308,136722.3125,0.6156350875438015,56953.25792654045,20.608668,0.177665
1808,39.84128588,-34.92440308,136722.3125,0.6156350875438015,56955.22932742676,20.765163,0.189265
1808,39.84128588,-34.92440308,136722.3125,0.6156350875438015,56955.23049633391,20.677122,0.172583
1808,39.84128588,-34.92440308,136722.3125,0.6156350875438015,56955.30147559149,20.870021,0.172399
1808,39.84128588,-34.92440308,136722.3125,0.6156350875438015,56955.30266764434,20.955653,0.185028
1808,39.84128588,-34.92440308,136722.3125,0.6156350875438015,56959.215777406935,20.607205,0.167995
1808,39.84128588,-34.92440308,136722.3125,0.6156350875438015,56959.21694631642,20.547685,0.175796
1808,39.84128588,-34.92440308,136722.3125,0.6156350875438015,56961.21313118888,20.573021,0.179372
1808,39.84128588,-34.92440308,136722.3125,0.6156350875438015,56961.214311672375,20.632628,0.198909
1808,39.84128588,-34.92440308,136722.3125,0.6156350875438015,56963.27549476316,20.639306,0.195424
1808,39.84128588,-34.92440308,136722.3125,0.6156350875438015,57311.215040208306,20.362238,0.17226
1808,39.84128588,-34.92440308,136722.3125,0.6156350875438015,57360.15941846743,20.621543,0.215627
1809,39.85461586,-34.9125013,133352.75,0.5794605987560234,56514.37920607999,20.527412,0.183632
1809,39.85461586,-34.9125013,133352.75,0.5794605987560234,56572.22786152037,20.629087,0.173502
1809,39.85461586,-34.9125013,133352.75,0.5794605987560234,56622.199157927185,20.171503,0.159349
1809,39.85461586,-34.9125013,133352.75,0.5794605987560234,56622.20033843396,20.578408,0.190123
1809,39.85461586,-34.9125013,133352.75,0.5794605987560234,56624.122540341225,20.537022,0.188501
1809,39.85461586,-34.9125013,133352.75,0.5794605987560234,56624.12373242341,20.467553,0.177633
1809,39.85461586,-34.9125013,133352.75,0.5794605987560234,56624.207270771265,20.644454,0.180688
1809,39.85461586,-34.9125013,133352.75,0.5794605987560234,56626.1068730494,20.914008,0.177794
1809,39.85461586,-34.9125013,133352.75,0.5794605987560234,56626.19229806075,20.89574,0.158131
1809,39.85461586,-34.9125013,133352.75,0.5794605987560234,56628.09320026683,20.463836,0.165445
1809,39.85461586,-34.9125013,133352.75,0.5794605987560234,56628.09436920658,20.281973,0.189995
1809,39.85461586,-34.9125013,133352.75,0.5794605987560234,56628.1787411822,20.540263,0.169188
1809,39.85461586,-34.9125013,133352.75,0.5794605987560234,56632.09689564863,20.286324,0.152817
1809,39.85461586,-34.9125013,133352.75,0.5794605987560234,56632.09808774013,20.32907,0.166574
1809,39.85461586,-34.9125013,133352.75,0.5794605987560234,56632.18014531629,20.662155,0.211127
1809,39.85461586,-34.9125013,133352.75,0.5794605987560234,56632.1813142607,20.644771,0.191298
1809,39.85461586,-34.9125013,133352.75,0.5794605987560234,56636.17229534499,20.318894,0.189463
1809,39.85461586,-34.9125013,133352.75,0.5794605987560234,56636.17346429406,20.496542,0.206442
1809,39.85461586,-34.9125013,133352.75,0.5794605987560234,56943.281761218794,20.477345,0.230731
1809,39.85461586,-34.9125013,133352.75,0.5794605987560234,56949.20840144064,20.31257,0.151424
1809,39.85461586,-34.9125013,133352.75,0.5794605987560234,56951.21212364733,20.570566,0.158546
1809,39.85461586,-34.9125013,133352.75,0.5794605987560234,56951.29461824335,20.59765,0.166481
1809,39.85461586,-34.9125013,133352.75,0.5794605987560234,56953.17573410086,20.495295,0.160828
1809,39.85461586,-34.9125013,133352.75,0.5794605987560234,56953.25792784942,20.488654,0.172317
1809,39.85461586,-34.9125013,133352.75,0.5794605987560234,56953.25909675518,20.29777,0.164416
1809,39.85461586,-34.9125013,133352.75,0.5794605987560234,56955.23049761215,20.695994,0.175012
1809,39.85461586,-34.9125013,133352.75,0.5794605987560234,56955.3014768688,20.462476,0.167102
1809,39.85461586,-34.9125013,133352.75,0.5794605987560234,56955.30266892165,21.054146,0.1755
1809,39.85461586,-34.9125013,133352.75,0.5794605987560234,56959.21577861905,20.455949,0.162672
1809,39.85461586,-34.9125013,133352.75,0.5794605987560234,56961.21313236561,20.039389,0.158633
1809,39.85461586,-34.9125013,133352.75,0.5794605987560234,56961.2143128491,20.240994,0.166049
1809,39.85461586,-34.9125013,133352.75,0.5794605987560234,57311.215041616466,20.123975,0.157167
1809,39.85461586,-34.9125013,133352.75,0.5794605987560234,57344.21875619469,19.940389,0.158804
1809,39.85461586,-34.9125013,133352.75,0.5794605987560234,57360.159418870695,20.629404,0.214891
1809,39.85461586,-34.9125013,133352.75,0.5794605987560234,57362.15856517665,20.204458,0.142544
1809,39.85461586,-34.9125013,133352.75,0.5794605987560234,57364.07565788599,20.311097,0.234164
1813,39.87856196,-34.8929109,137045.625,0.4526588880154521,55484.147527432535,20.409591,0.156733
1813,39.87856196,-34.8929109,137045.625,0.4526588880154521,55484.263341410086,20.581634,0.117117
1813,39.87856196,-34.8929109,137045.625,0.4526588880154521,55484.353636270855,20.903653,0.14458
1813,39.87856196,-34.8929109,137045.625,0.4526588880154521,56185.27463457314,20.059633,0.184064
1813,39.87856196,-34.8929109,137045.625,0.4526588880154521,56185.3421302191,20.509914,0.205319
1813,39.87856196,-34.8929109,137045.625,0.4526588880154521,56205.20569286635,20.716876,0.20566
1813,39.87856196,-34.8929109,137045.625,0.4526588880154521,56219.21826512925,19.695429,0.131913
1813,39.87856196,-34.8929109,137045.625,0.4526588880154521,56219.29828299722,20.233892,0.190789
1813,39.87856196,-34.8929109,137045.625,0.4526588880154521,56265.096964972094,20.922109,0.170564
1813,39.87856196,-34.8929109,137045.625,0.4526588880154521,56267.176283695735,19.944022,0.149883
1813,39.87856196,-34.8929109,137045.625,0.4526588880154521,56273.08440254163,19.903586,0.165143
1813,39.87856196,-34.8929109,137045.625,0.4526588880154521,56273.1692383592,20.401925,0.163311
1813,39.87856196,-34.8929109,137045.625,0.4526588880154521,56514.37920804415,20.254386,0.154881
1813,39.87856196,-34.8929109,137045.625,0.4526588880154521,56520.401807405986,20.912493,0.162026
1813,39.87856196,-34.8929109,137045.625,0.4526588880154521,56520.42092693504,21.020926,0.17134
1813,39.87856196,-34.8929109,137045.625,0.4526588880154521,56560.23179464275,20.772864,0.188168
1813,39.87856196,-34.8929109,137045.625,0.4526588880154521,56562.34432536876,20.012174,0.18647
1813,39.87856196,-34.8929109,137045.625,0.4526588880154521,56568.236041965894,19.999191,0.168096
1813,39.87856196,-34.8929109,137045.625,0.4526588880154521,56570.345191799104,20.808137,0.206822
1813,39.87856196,-34.8929109,137045.625,0.4526588880154521,56576.35696958797,20.527506,0.191074
1813,39.87856196,-34.8929109,137045.625,0.4526588880154521,56622.11592176976,20.258973,0.153241
1813,39.87856196,-34.8929109,137045.625,0.4526588880154521,56622.20033954969,20.594551,0.189084
1813,39.87856196,-34.8929109,137045.625,0.4526588880154521,56624.20727179991,20.530431,0.176615
1813,39.87856196,-34.8929109,137045.625,0.4526588880154521,56626.10805450566,21.141655,0.202214
1813,39.87856196,-34.8929109,137045.625,0.4526588880154521,56628.094370063394,20.529079,0.202155
1813,39.87856196,-34.8929109,137045.625,0.4526588880154521,56636.09008745989,19.689646,0.1422
1813,39.87856196,-34.8929109,137045.625,0.4526588880154521,56636.173464781605,20.674912,0.202644
1813,39.87856196,-34.8929109,137045.625,0.4526588880154521,56943.197892096825,20.789061,0.194012
1813,39.87856196,-34.8929109,137045.625,0.4526588880154521,56949.20840384578,20.723722,0.155966
1813,39.87856196,-34.8929109,137045.625,0.4526588880154521,56951.2121260073,19.994449,0.142533
1813,39.87856196,-34.8929109,137045.625,0.4526588880154521,56951.29462060146,20.845027,0.169283
1813,39.87856196,-34.8929109,137045.625,0.4526588880154521,56953.25909906626,21.038207,0.186878
1813,39.87856196,-34.8929109,137045.625,0.4526588880154521,56959.21694967989,20.829518,0.180733
1813,39.87856196,-34.8929109,137045.625,0.4526588880154521,56959.29410923645,20.440809,0.190564
1813,39.87856196,-34.8929109,137045.625,0.4526588880154521,57313.183986675926,20.529345,0.190058
1813,39.87856196,-34.8929109,137045.625,0.4526588880154521,57362.158565872815,19.802443,0.154142
1815,39.88350564,-34.92393857,136955.5,0.5215725556020876,56211.29526531743,19.919548,0.143946
1815,39.88350564,-34.92393857,136955.5,0.5215725556020876,56211.3407020513,20.369511,0.197657
1815,39.88350564,-34.92393857,136955.5,0.5215725556020876,56221.29385761963,20.513334,0.18499
1815,39.88350564,-34.92393857,136955.5,0.5215725556020876,56223.302430968266,20.199042,0.194519
1815,39.88350564,-34.92393857,136955.5,0.5215725556020876,56269.17461541854,19.980713,0.188152
1815,39.88350564,-34.92393857,136955.5,0.5215725556020876,56277.07333967881,20.256052,0.218101
1815,39.88350564,-34.92393857,136955.5,0.5215725556020876,56508.35199858202,20.94354,0.154255
1815,39.88350564,-34.92393857,136955.5,0.5215725556020876,56514.32158054272,20.339218,0.172303
1815,39.88350564,-34.92393857,136955.5,0.5215725556020876,56514.37920565717,20.373912,0.163868
1815,39.88350564,-34.92393857,136955.5,0.5215725556020876,56520.40180506557,20.679298,0.181964
1815,39.88350564,-34.92393857,136955.5,0.5215725556020876,56560.231793224346,20.609491,0.189556
1815,39.88350564,-34.92393857,136955.5,0.5215725556020876,56560.31529453909,20.474644,0.204901
1815,39.88350564,-34.92393857,136955.5,0.5215725556020876,56562.24428450782,20.29604,0.167664
1815,39.88350564,-34.92393857,136955.5,0.5215725556020876,56562.344324024394,20.432132,0.195165
1815,39.88350564,-34.92393857,136955.5,0.5215725556020876,56564.33098307578,20.31017,0.19151
1815,39.88350564,-34.92393857,136955.5,0.5215725556020876,56570.345190749504,20.556548,0.218888
1815,39.88350564,-34.92393857,136955.5,0.5215725556020876,56572.22786315065,20.137333,0.140131
1815,39.88350564,-34.92393857,136955.5,0.5215725556020876,56576.35696877446,20.147834,0.168218
1815,39.88350564,-34.92393857,136955.5,0.5215725556020876,56618.121547935065,20.201496,0.196051
1815,39.88350564,-34.92393857,136955.5,0.5215725556020876,56620.201212642714,19.972474,0.192053
1815,39.88350564,-34.92393857,136955.5,0.5215725556020876,56624.12373461109,20.6871,0.188772
1815,39.88350564,-34.92393857,136955.5,0.5215725556020876,56626.10805573501,20.894331,0.173529
1815,39.88350564,-34.92393857,136955.5,0.5215725556020876,56626.19346917188,20.739219,0.186648
1815,39.88350564,-34.92393857,136955.5,0.5215725556020876,56628.09437136538,20.445174,0.201835
1815,39.88350564,-34.92393857,136955.5,0.5215725556020876,56632.18131637806,20.029186,0.16246
1815,39.88350564,-34.92393857,136955.5,0.5215725556020876,56949.208403343335,20.882814,0.142616
1815,39.88350564,-34.92393857,136955.5,0.5215725556020876,56951.212125588674,20.982406,0.178333
1815,39.88350564,-34.92393857,136955.5,0.5215725556020876,56951.29462018609,20.668412,0.172444
1815,39.88350564,-34.92393857,136955.5,0.5215725556020876,56953.25909873331,20.964367,0.165656
1815,39.88350564,-34.92393857,136955.5,0.5215725556020876,56955.23049962381,20.864389,0.17329
1815,39.88350564,-34.92393857,136955.5,0.5215725556020876,56959.216949599795,20.07133,0.13298
1815,39.88350564,-34.92393857,136955.5,0.5215725556020876,56961.214314946905,20.644044,0.195349
1815,39.88350564,-34.92393857,136955.5,0.5215725556020876,57311.21622392768,20.571203,0.216517
1815,39.88350564,-34.92393857,136955.5,0.5215725556020876,57344.13274410926,20.02049,0.242655
1815,39.88350564,-34.92393857,136955.5,0.5215725556020876,57362.15856730053,20.59501,0.186695
1815,39.88350564,-34.92393857,136955.5,0.5215725556020876,57364.0768405078,20.63584,0.218774
1818,39.90086822,-34.92966312,133237.984375,0.5864819669564193,56211.295266406145,20.173933,0.185918
1818,39.90086822,-34.92966312,133237.984375,0.5864819669564193,56221.293858821504,20.569712,0.187415
1818,39.90086822,-34.92966312,133237.984375,0.5864819669564193,56267.176286378875,20.856942,0.205203
1818,39.90086822,-34.92966312,133237.984375,0.5864819669564193,56273.084405364,20.365117,0.170121
1818,39.90086822,-34.92966312,133237.984375,0.5864819669564193,56508.3519982812,20.948199,0.203226
1818,39.90086822,-34.92966312,133237.984375,0.5864819669564193,56576.35696986038,20.547938,0.156895
1818,39.90086822,-34.92966312,133237.984375,0.5864819669564193,56578.295241534244,20.655432,0.179522
1818,39.90086822,-34.92966312,133237.984375,0.5864819669564193,56618.20449688006,20.565004,0.192353
1818,39.90086822,-34.92966312,133237.984375,0.5864819669564193,56620.20121394424,20.391389,0.143178
1818,39.90086822,-34.92966312,133237.984375,0.5864819669564193,56622.200341925956,20.476313,0.14709
1818,39.90086822,-34.92966312,133237.984375,0.5864819669564193,56624.12373589538,19.956656,0.137235
1818,39.90086822,-34.92966312,133237.984375,0.5864819669564193,56624.20727424277,20.415421,0.133415
1818,39.90086822,-34.92966312,133237.984375,0.5864819669564193,56626.10805700859,20.464508,0.149774
1818,39.90086822,-34.92966312,133237.984375,0.5864819669564193,56626.19347044453,20.948637,0.203226
1818,39.90086822,-34.92966312,133237.984375,0.5864819669564193,56632.0980910901,20.874755,0.18544
1818,39.90086822,-34.92966312,133237.984375,0.5864819669564193,56632.18131760834,20.53256,0.162598
1818,39.90086822,-34.92966312,133237.984375,0.5864819669564193,56636.090090232436,20.732123,0.186429
1818,39.90086822,-34.92966312,133237.984375,0.5864819669564193,56636.173467556015,20.713936,0.178537
1818,39.90086822,-34.92966312,133237.984375,0.5864819669564193,56943.19789245399,20.276393,0.185614
1818,39.90086822,-34.92966312,133237.984375,0.5864819669564193,56943.28176410124,20.506937,0.200013
1818,39.90086822,-34.92966312,133237.984375,0.5864819669564193,56949.20840451913,20.504875,0.123289
1818,39.90086822,-34.92966312,133237.984375,0.5864819669564193,56951.21212678496,20.831985,0.160822
1818,39.90086822,-34.92966312,133237.984375,0.5864819669564193,56951.29462138284,20.738991,0.156895
1818,39.90086822,-34.92966312,133237.984375,0.5864819669564193,56953.17573729204,20.270808,0.141023
1818,39.90086822,-34.92966312,133237.984375,0.5864819669564193,56953.259099948686,20.373804,0.122145
1818,39.90086822,-34.92966312,133237.984375,0.5864819669564193,56955.23050085595,20.792008,0.144155
1818,39.90086822,-34.92966312,133237.984375,0.5864819669564193,56955.30267216731,20.831352,0.171642
1818,39.90086822,-34.92966312,133237.984375,0.5864819669564193,56959.21695086174,20.402837,0.121752
1818,39.90086822,-34.92966312,133237.984375,0.5864819669564193,56959.29411042202,20.527559,0.167703
1818,39.90086822,-34.92966312,133237.984375,0.5864819669564193,56961.21431622142,20.873278,0.18939
1818,39.90086822,-34.92966312,133237.984375,0.5864819669564193,56963.19212468201,20.461179,0.223214
1818,39.90086822,-34.92966312,133237.984375,0.5864819669564193,56963.27549930941,20.69411,0.175581
1818,39.90086822,-34.92966312,133237.984375,0.5864819669564193,57311.21622506762,20.697585,0.192688
1818,39.90086822,-34.92966312,133237.984375,0.5864819669564193,57346.06077736942,20.145972,0.161804
1818,39.90086822,-34.92966312,133237.984375,0.5864819669564193,57346.0619462952,20.112408,0.130493
1818,39.90086822,-34.92966312,133237.984375,0.5864819669564193,57360.159422265366,20.101854,0.12507
1819,39.91988869511089,-34.95522345827483,140022.625,0.5994640721332165,55484.26334246993,20.521103,0.100153
1819,39.91988869511089,-34.95522345827483,140022.625,0.5994640721332165,55484.353637338616,20.820807,0.127091
1819,39.91988869511089,-34.95522345827483,140022.625,0.5994640721332165,56179.38278264599,20.268408,0.17558
1819,39.91988869511089,-34.95522345827483,140022.625,0.5994640721332165,56185.34212859534,20.579492,0.174596
1819,39.91988869511089,-34.95522345827483,140022.625,0.5994640721332165,56187.242885064334,20.435585,0.201247
1819,39.91988869511089,-34.95522345827483,140022.625,0.5994640721332165,56213.22366659762,20.741504,0.210151
1819,39.91988869511089,-34.95522345827483,140022.625,0.5994640721332165,56221.2111219964,20.594944,0.187415
1819,39.91988869511089,-34.95522345827483,140022.625,0.5994640721332165,56221.29385965457,20.519245,0.17558
1819,39.91988869511089,-34.95522345827483,140022.625,0.5994640721332165,56223.22961371532,20.517684,0.182481
1819,39.91988869511089,-34.95522345827483,140022.625,0.5994640721332165,56265.09696963802,20.182819,0.159357
1819,39.91988869511089,-34.95522345827483,140022.625,0.5994640721332165,56267.09313135268,20.834883,0.210151
1819,39.91988869511089,-34.95522345827483,140022.625,0.5994640721332165,56271.09324472491,20.22235,0.17308
1819,39.91988869511089,-34.95522345827483,140022.625,0.5994640721332165,56273.08440751303,20.738084,0.186429
1819,39.91988869511089,-34.95522345827483,140022.625,0.5994640721332165,56273.16924333386,21.013865,0.184455
1819,39.91988869511089,-34.95522345827483,140022.625,0.5994640721332165,56277.07334299665,20.325051,0.172092
1819,39.91988869511089,-34.95522345827483,140022.625,0.5994640721332165,56277.15653570043,20.251211,0.153843
1819,39.91988869511089,-34.95522345827483,140022.625,0.5994640721332165,56283.06205667462,20.425468,0.166941
1819,39.91988869511089,-34.95522345827483,140022.625,0.5994640721332165,56508.351996426936,20.928872,0.198282
1819,39.91988869511089,-34.95522345827483,140022.625,0.5994640721332165,56510.29521931987,20.225075,0.186574
1819,39.91988869511089,-34.95522345827483,140022.625,0.5994640721332165,56510.36814507656,20.332983,0.188031
1819,39.91988869511089,-34.95522345827483,140022.625,0.5994640721332165,56514.32157866098,20.971638,0.197294
1819,39.91988869511089,-34.95522345827483,140022.625,0.5994640721332165,56516.26892154524,20.397984,0.180688
1819,39.91988869511089,-34.95522345827483,140022.625,0.5994640721332165,56516.35396443354,20.381283,0.187806
1819,39.91988869511089,-34.95522345827483,140022.625,0.5994640721332165,56518.30822447594,21.000087,0.223027
1819,39.91988869511089,-34.95522345827483,140022.625,0.5994640721332165,56518.3717518989,20.825901,0.182481
1819,39.91988869511089,-34.95522345827483,140022.625,0.5994640721332165,56520.401803483255,21.065996,0.199269
1819,39.91988869511089,-34.95522345827483,140022.625,0.5994640721332165,56520.42092301324,20.794515,0.154932
1819,39.91988869511089,-34.95522345827483,140022.625,0.5994640721332165,56522.32091883803,20.415195,0.192891
1819,39.91988869511089,-34.95522345827483,140022.625,0.5994640721332165,56558.31470038183,20.361177,0.188403
1819,39.91988869511089,-34.95522345827483,140022.625,0.5994640721332165,56560.23179388326,20.552419,0.178538
1819,39.91988869511089,-34.95522345827483,140022.625,0.5994640721332165,56562.344324803445,20.628601,0.193341
1819,39.91988869511089,-34.95522345827483,140022.625,0.5994640721332165,56564.26578006614,20.2613,0.135342
1819,39.91988869511089,-34.95522345827483,140022.625,0.5994640721332165,56564.33098396659,20.501735,0.159449
1819,39.91988869511089,-34.95522345827483,140022.625,0.5994640721332165,56568.23604194354,20.881452,0.169672
1819,39.91988869511089,-34.95522345827483,140022.625,0.5994640721332165,56570.232780661434,20.231786,0.152005
1819,39.91988869511089,-34.95522345827483,140022.625,0.5994640721332165,56570.34519197093,20.306449,0.161277
1819,39.91988869511089,-34.95522345827483,140022.625,0.5994640721332165,56572.22786447313,20.610268,0.146112
1819,39.91988869511089,-34.95522345827483,140022.625,0.5994640721332165,56576.22856466239,20.245436,0.16517
1819,39.91988869511089,-34.95522345827483,140022.625,0.5994640721332165,56576.356970313005,20.809101,0.195317
1819,39.91988869511089,-34.95522345827483,140022.625,0.5994640721332165,56578.295242059976,20.646919,0.17558
1819,39.91988869511089,-34.95522345827483,140022.625,0.5994640721332165,56620.201215787325,20.680263,0.178538
1819,39.91988869511089,-34.95522345827483,140022.625,0.5994640721332165,56622.11592602776,20.603273,0.155016
1819,39.91988869511089,-34.95522345827483,140022.625,0.5994640721332165,56624.12373782089,20.975569,0.184455
1819,39.91988869511089,-34.95522345827483,140022.625,0.5994640721332165,56624.20727617014,20.2297,0.14958
1819,39.91988869511089,-34.95522345827483,140022.625,0.5994640721332165,56626.108058972284,20.407051,0.159387
1819,39.91988869511089,-34.95522345827483,140022.625,0.5994640721332165,56626.19347241009,20.742909,0.167704
1819,39.91988869511089,-34.95522345827483,140022.625,0.5994640721332165,56628.09437462594,20.892902,0.18939
1819,39.91988869511089,-34.95522345827483,140022.625,0.5994640721332165,56628.17991554132,20.816366,0.183469
1819,39.91988869511089,-34.95522345827483,140022.625,0.5994640721332165,56630.09043923812,20.974519,0.204215
1819,39.91988869511089,-34.95522345827483,140022.625,0.5994640721332165,56632.09809315577,20.354721,0.138956
1819,39.91988869511089,-34.95522345827483,140022.625,0.5994640721332165,56636.173469678964,20.136108,0.141823
1819,39.91988869511089,-34.95522345827483,140022.625,0.5994640721332165,56638.085779954214,20.426376,0.203721
1819,39.91988869511089,-34.95522345827483,140022.625,0.5994640721332165,56943.197892967146,20.492839,0.168689
1819,39.91988869511089,-34.95522345827483,140022.625,0.5994640721332165,56949.2084052572,20.514264,0.135999
1819,39.91988869511089,-34.95522345827483,140022.625,0.5994640721332165,56951.29462219775,20.983685,0.191365
1819,39.91988869511089,-34.95522345827483,140022.625,0.5994640721332165,56953.25910083437,20.411818,0.140039
1819,39.91988869511089,-34.95522345827483,140022.625,0.5994640721332165,56955.230501811486,20.410825,0.120181
1819,39.91988869511089,-34.95522345827483,140022.625,0.5994640721332165,56955.302673125174,20.554874,0.143436
1819,39.91988869511089,-34.95522345827483,140022.625,0.5994640721332165,56959.29411151819,20.271104,0.150782
1819,39.91988869511089,-34.95522345827483,140022.625,0.5994640721332165,57313.18398797326,20.638036,0.168689
1819,39.91988869511089,-34.95522345827483,140022.625,0.5994640721332165,57360.159424291924,20.809768,0.179523
1819,39.91988869511089,-34.95522345827483,140022.625,0.5994640721332165,57362.158570594154,20.321405,0.13003
1819,39.91988869511089,-34.95522345827483,140022.625,0.5994640721332165,57364.07684381399,20.485176,0.171626
1820,39.9198937,-34.95522908,139247.140625,0.5994427347008127,56518.30822447548,20.995272,0.223027
1820,39.9198937,-34.95522908,139247.140625,0.5994427347008127,56518.371751898434,20.782605,0.182482
1820,39.9198937,-34.95522908,139247.140625,0.5994427347008127,56520.40180348279,21.054188,0.199269
1820,39.9198937,-34.95522908,139247.140625,0.5994427347008127,56520.420923012774,20.772918,0.15493
1820,39.9198937,-34.95522908,139247.140625,0.5994427347008127,56522.32091883756,20.497899,0.207143
1820,39.9198937,-34.95522908,139247.140625,0.5994427347008127,56558.31470038183,20.235137,0.232188
1820,39.9198937,-34.95522908,139247.140625,0.5994427347008127,56560.23179388326,20.476504,0.198701
1820,39.9198937,-34.95522908,139247.140625,0.5994427347008127,56562.344324803445,20.612151,0.19334
1820,39.9198937,-34.95522908,139247.140625,0.5994427347008127,56564.26578006614,20.254901,0.116842
1820,39.9198937,-34.95522908,139247.140625,0.5994427347008127,56564.33098396659,20.476663,0.157876
1820,39.9198937,-34.95522908,139247.140625,0.5994427347008127,56568.23604194354,20.873469,0.169672
1820,39.9198937,-34.95522908,139247.140625,0.5994427347008127,56570.2327806619,20.220007,0.138835
1820,39.9198937,-34.95522908,139247.140625,0.5994427347008127,56570.3451919714,20.299438,0.165528
1820,39.9198937,-34.95522908,139247.140625,0.5994427347008127,56572.22786447313,20.617637,0.146112
1820,39.9198937,-34.95522908,139247.140625,0.5994427347008127,56576.22856466239,20.242312,0.160061
1820,39.9198937,-34.95522908,139247.140625,0.5994427347008127,56576.356970313005,20.789087,0.195317
1820,39.9198937,-34.95522908,139247.140625,0.5994427347008127,56578.29524206044,20.635755,0.17558
1820,39.9198937,-34.95522908,139247.140625,0.5994427347008127,56620.20121578779,20.670302,0.178538
1820,39.9198937,-34.95522908,139247.140625,0.5994427347008127,56622.11592602823,20.593499,0.153718
1820,39.9198937,-34.95522908,139247.140625,0.5994427347008127,56624.123737821355,20.974627,0.184455
1820,39.9198937,-34.95522908,139247.140625,0.5994427347008127,56624.20727617061,20.198179,0.128542
1820,39.9198937,-34.95522908,139247.140625,0.5994427347008127,56626.10805897275,20.392858,0.161457
1820,39.9198937,-34.95522908,139247.140625,0.5994427347008127,56626.19347241102,20.745474,0.167703
1820,39.9198937,-34.95522908,139247.140625,0.5994427347008127,56632.09809315624,20.342806,0.141072
1820,39.9198937,-34.95522908,139247.140625,0.5994427347008127,56636.17346967943,20.10808,0.131535
1820,39.9198937,-34.95522908,139247.140625,0.5994427347008127,56638.08577995468,20.452886,0.168781
1820,39.9198937,-34.95522908,139247.140625,0.5994427347008127,56943.197892967146,20.489338,0.177153
1820,39.9198937,-34.95522908,139247.140625,0.5994427347008127,56949.20840525767,20.496773,0.126682
1820,39.9198937,-34.95522908,139247.140625,0.5994427347008127,56951.29462219775,20.967322,0.191364
1820,39.9198937,-34.95522908,139247.140625,0.5994427347008127,56953.25910083437,20.39114,0.127691
1820,39.9198937,-34.95522908,139247.140625,0.5994427347008127,56955.23050181195,20.398286,0.110911
1820,39.9198937,-34.95522908,139247.140625,0.5994427347008127,56955.30267312564,20.537932,0.134389
1820,39.9198937,-34.95522908,139247.140625,0.5994427347008127,56959.294111518655,20.251638,0.164537
1820,39.9198937,-34.95522908,139247.140625,0.5994427347008127,56961.21431738278,20.587623,0.161936
1820,39.9198937,-34.95522908,139247.140625,0.5994427347008127,57311.216225685086,20.605929,0.196458
1820,39.9198937,-34.95522908,139247.140625,0.5994427347008127,57360.15942429239,20.789029,0.179524
1821,39.92307241,-34.90957979,133717.828125,0.5291507689637435,56267.09312982764,20.770643,0.19927
1821,39.92307241,-34.90957979,133717.828125,0.5291507689637435,56520.420926717576,20.650771,0.141221
1821,39.92307241,-34.90957979,133717.828125,0.5291507689637435,56560.23179666838,20.817169,0.237898
1821,39.92307241,-34.90957979,133717.828125,0.5291507689637435,56562.24428797746,20.724662,0.186174
1821,39.92307241,-34.90957979,133717.828125,0.5291507689637435,56562.3443274945,20.59899,0.188402
1821,39.92307241,-34.90957979,133717.828125,0.5291507689637435,56564.26578266965,20.416226,0.125634
1821,39.92307241,-34.90957979,133717.828125,0.5291507689637435,56564.33098656684,20.72244,0.192353
1821,39.92307241,-34.90957979,133717.828125,0.5291507689637435,56572.22786668036,20.3858,0.146091
1821,39.92307241,-34.90957979,133717.828125,0.5291507689637435,56576.22856665356,20.686955,0.157403
1821,39.92307241,-34.90957979,133717.828125,0.5291507689637435,56576.35697229719,20.18586,0.127502
1821,39.92307241,-34.90957979,133717.828125,0.5291507689637435,56578.295243936125,20.518251,0.155912
1821,39.92307241,-34.90957979,133717.828125,0.5291507689637435,56618.121550403535,20.355207,0.13439
1821,39.92307241,-34.90957979,133717.828125,0.5291507689637435,56622.11592513602,20.725347,0.168688
1821,39.92307241,-34.90957979,133717.828125,0.5291507689637435,56622.20034291502,20.760706,0.188402
1821,39.92307241,-34.90957979,133717.828125,0.5291507689637435,56624.12373680202,20.522332,0.129334
1821,39.92307241,-34.90957979,133717.828125,0.5291507689637435,56624.20727514569,20.671064,0.167704
1821,39.92307241,-34.90957979,133717.828125,0.5291507689637435,56626.108057829086,20.277123,0.1548
1821,39.92307241,-34.90957979,133717.828125,0.5291507689637435,56626.193471261766,20.335822,0.129525
1821,39.92307241,-34.90957979,133717.828125,0.5291507689637435,56632.0980916461,20.784773,0.169672
1821,39.92307241,-34.90957979,133717.828125,0.5291507689637435,56632.18131816061,20.637773,0.173609
1821,39.92307241,-34.90957979,133717.828125,0.5291507689637435,56636.09009060869,20.309072,0.167775
1821,39.92307241,-34.90957979,133717.828125,0.5291507689637435,56636.173467928544,20.343551,0.132441
1821,39.92307241,-34.90957979,133717.828125,0.5291507689637435,56638.0857780939,20.551234,0.195662
1821,39.92307241,-34.90957979,133717.828125,0.5291507689637435,56943.19789486239,20.529473,0.200212
1821,39.92307241,-34.90957979,133717.828125,0.5291507689637435,56949.208406804595,20.930906,0.161805
1821,39.92307241,-34.90957979,133717.828125,0.5291507689637435,56951.21212902339,20.696235,0.14919
1821,39.92307241,-34.90957979,133717.828125,0.5291507689637435,56951.29462361941,20.6469,0.146112
1821,39.92307241,-34.90957979,133717.828125,0.5291507689637435,56953.175739482045,20.522569,0.138293
1821,39.92307241,-34.90957979,133717.828125,0.5291507689637435,56953.25910213636,20.355962,0.119815
1821,39.92307241,-34.90957979,133717.828125,0.5291507689637435,56955.23050299194,20.170682,0.10391
1821,39.92307241,-34.90957979,133717.828125,0.5291507689637435,56955.302674301434,20.561534,0.138293
1821,39.92307241,-34.90957979,133717.828125,0.5291507689637435,56959.21695288597,20.401956,0.122722
1821,39.92307241,-34.90957979,133717.828125,0.5291507689637435,56961.214318186045,20.45582,0.156348
1821,39.92307241,-34.90957979,133717.828125,0.5291507689637435,56963.192126584705,20.540556,0.240567
1821,39.92307241,-34.90957979,133717.828125,0.5291507689637435,56963.27550120978,20.532031,0.151008
1821,39.92307241,-34.90957979,133717.828125,0.5291507689637435,57311.21622742247,20.822312,0.214111
1823,39.93956417,-34.92035366,136842.125,0.5431391146090023,56263.09599739779,20.157877,0.187799
1823,39.93956417,-34.92035366,136842.125,0.5431391146090023,56267.17628828762,20.719674,0.182248
1823,39.93956417,-34.92035366,136842.125,0.5431391146090023,56269.09068574058,20.1944,0.188501
1823,39.93956417,-34.92035366,136842.125,0.5431391146090023,56277.15653493442,20.590107,0.191523
1823,39.93956417,-34.92035366,136842.125,0.5431391146090023,56510.36814806657,20.636783,0.189441
1823,39.93956417,-34.92035366,136842.125,0.5431391146090023,56514.32158176787,20.851698,0.183762
1823,39.93956417,-34.92035366,136842.125,0.5431391146090023,56518.371755110566,20.160507,0.153619
1823,39.93956417,-34.92035366,136842.125,0.5431391146090023,56560.23179715872,20.599415,0.201983
1823,39.93956417,-34.92035366,136842.125,0.5431391146090023,56562.34432803234,20.157992,0.187032
1823,39.93956417,-34.92035366,136842.125,0.5431391146090023,56568.2360450197,20.764661,0.190467
1823,39.93956417,-34.92035366,136842.125,0.5431391146090023,56570.23278367845,20.635286,0.206811
1823,39.93956417,-34.92035366,136842.125,0.5431391146090023,56572.22786742682,20.56034,0.162292
1823,39.93956417,-34.92035366,136842.125,0.5431391146090023,56578.20978760393,20.392273,0.199596
1823,39.93956417,-34.92035366,136842.125,0.5431391146090023,56578.29524479993,20.386976,0.184013
1823,39.93956417,-34.92035366,136842.125,0.5431391146090023,56624.123738165945,20.691097,0.192221
1823,39.93956417,-34.92035366,136842.125,0.5431391146090023,56626.10805919627,20.653173,0.172858
1823,39.93956417,-34.92035366,136842.125,0.5431391146090023,56626.19347262895,20.763183,0.200487
1823,39.93956417,-34.92035366,136842.125,0.5431391146090023,56628.094374728855,20.041361,0.158768
1823,39.93956417,-34.92035366,136842.125,0.5431391146090023,56628.17991563864,20.227277,0.1529
1823,39.93956417,-34.92035366,136842.125,0.5431391146090023,56638.08577944804,20.197644,0.21091
1823,39.93956417,-34.92035366,136842.125,0.5431391146090023,56943.19789571967,20.293183,0.195978
1823,39.93956417,-34.92035366,136842.125,0.5431391146090023,56949.20840776898,20.836286,0.158561
1823,39.93956417,-34.92035366,136842.125,0.5431391146090023,56951.212130021304,20.431809,0.158418
1823,39.93956417,-34.92035366,136842.125,0.5431391146090023,56951.29462461872,20.312625,0.147391
1823,39.93956417,-34.92035366,136842.125,0.5431391146090023,56953.17574051162,20.963243,0.179778
1823,39.93956417,-34.92035366,136842.125,0.5431391146090023,56953.25910316734,20.566174,0.173874
1823,39.93956417,-34.92035366,136842.125,0.5431391146090023,56955.23050405318,20.954684,0.18146
1823,39.93956417,-34.92035366,136842.125,0.5431391146090023,56955.30267536361,20.553296,0.174081
1823,39.93956417,-34.92035366,136842.125,0.5431391146090023,56959.21695400495,20.895092,0.17354
1823,39.93956417,-34.92035366,136842.125,0.5431391146090023,56963.19212775538,20.063586,0.231296
1823,39.93956417,-34.92035366,136842.125,0.5431391146090023,56963.275502381846,20.403232,0.170843
1823,39.93956417,-34.92035366,136842.125,0.5431391146090023,57313.183990538586,20.812833,0.180398
1823,39.93956417,-34.92035366,136842.125,0.5431391146090023,57360.160604815,20.79629,0.200549
1823,39.93956417,-34.92035366,136842.125,0.5431391146090023,57362.15857048007,20.698102,0.184936
1823,39.93956417,-34.92035366,136842.125,0.5431391146090023,57364.075663062744,20.341624,0.220141
1823,39.93956417,-34.92035366,136842.125,0.5431391146090023,57364.07684358256,20.149701,0.22124
1825,39.96724545,-34.98314689,134910.34375,0.5986859595688417,56265.09697346436,20.791016,0.207183
1825,39.96724545,-34.98314689,134910.34375,0.5986859595688417,56267.1762922639,20.448725,0.154717
1825,39.96724545,-34.98314689,134910.34375,0.5986859595688417,56562.244286980014,20.29362,0.161545
1825,39.96724545,-34.98314689,134910.34375,0.5986859595688417,56570.34519413952,20.804868,0.206193
1825,39.96724545,-34.98314689,134910.34375,0.5986859595688417,56572.22786674462,20.593598,0.153741
1825,39.96724545,-34.98314689,134910.34375,0.5986859595688417,56576.22856714437,20.531245,0.165012
1825,39.96724545,-34.98314689,134910.34375,0.5986859595688417,56578.29524464626,20.567936,0.168686
1825,39.96724545,-34.98314689,134910.34375,0.5986859595688417,56618.121554839425,20.460343,0.184799
1825,39.96724545,-34.98314689,134910.34375,0.5986859595688417,56620.201219603885,20.727675,0.187416
1825,39.96724545,-34.98314689,134910.34375,0.5986859595688417,56622.1159298555,20.370607,0.146967
1825,39.96724545,-34.98314689,134910.34375,0.5986859595688417,56622.200347640086,20.459085,0.143178
1825,39.96724545,-34.98314689,134910.34375,0.5986859595688417,56624.12374165561,20.389825,0.137414
1825,39.96724545,-34.98314689,134910.34375,0.5986859595688417,56624.2072800044,20.651304,0.163769
1825,39.96724545,-34.98314689,134910.34375,0.5986859595688417,56626.10806280887,20.968472,0.205202
1825,39.96724545,-34.98314689,134910.34375,0.5986859595688417,56626.19347624667,20.806152,0.176567
1825,39.96724545,-34.98314689,134910.34375,0.5986859595688417,56628.17991937557,20.26996,0.153448
1825,39.96724545,-34.98314689,134910.34375,0.5986859595688417,56632.098096971866,20.892254,0.180508
1825,39.96724545,-34.98314689,134910.34375,0.5986859595688417,56632.18132349104,20.528922,0.173899
1825,39.96724545,-34.98314689,134910.34375,0.5986859595688417,56636.09009613423,20.359541,0.18423
1825,39.96724545,-34.98314689,134910.34375,0.5986859595688417,56636.173473457806,20.765392,0.192353
1825,39.96724545,-34.98314689,134910.34375,0.5986859595688417,56943.19789553573,20.605601,0.184455
1825,39.96724545,-34.98314689,134910.34375,0.5986859595688417,56949.20840811124,20.343815,0.1366
1825,39.96724545,-34.98314689,134910.34375,0.5986859595688417,56951.21213053819,20.747471,0.151987
1825,39.96724545,-34.98314689,134910.34375,0.5986859595688417,56951.29462514259,20.688289,0.150028
1825,39.96724545,-34.98314689,134910.34375,0.5986859595688417,56953.17574119894,20.372982,0.118846
1825,39.96724545,-34.98314689,134910.34375,0.5986859595688417,56953.2591038621,20.367154,0.135578
1825,39.96724545,-34.98314689,134910.34375,0.5986859595688417,56955.23050491838,20.473951,0.119223
1825,39.96724545,-34.98314689,134910.34375,0.5986859595688417,56955.302676235326,20.694977,0.151009
1825,39.96724545,-34.98314689,134910.34375,0.5986859595688417,56959.21695521101,20.409223,0.143158
1825,39.96724545,-34.98314689,134910.34375,0.5986859595688417,56959.29411477689,20.459842,0.183814
1825,39.96724545,-34.98314689,134910.34375,0.5986859595688417,56961.21432070667,20.63265,0.149526
1825,39.96724545,-34.98314689,134910.34375,0.5986859595688417,56963.27550392924,20.368926,0.169355
1825,39.96724545,-34.98314689,134910.34375,0.5986859595688417,57283.28700036695,20.526495,0.212131
1825,39.96724545,-34.98314689,134910.34375,0.5986859595688417,57311.21622838825,20.390994,0.195224
1825,39.96724545,-34.98314689,134910.34375,0.5986859595688417,57346.06195180211,20.443282,0.17164
1825,39.96724545,-34.98314689,134910.34375,0.5986859595688417,57360.15942812152,20.734543,0.17164
1826,39.97201813,-34.96966103,131899.84375,0.5819692673099122,56221.211125669535,19.954524,0.164452
1826,39.97201813,-34.96966103,131899.84375,0.5819692673099122,56267.17629203573,20.060936,0.15308
1826,39.97201813,-34.96966103,131899.84375,0.5819692673099122,56562.244288037065,20.22755,0.170754
1826,39.97201813,-34.96966103,131899.84375,0.5819692673099122,56564.265782920644,20.699994,0.179257
1826,39.97201813,-34.96966103,131899.84375,0.5819692673099122,56568.236044980586,20.716548,0.192199
1826,39.97201813,-34.96966103,131899.84375,0.5819692673099122,56570.345195099246,20.346537,0.204789
1826,39.97201813,-34.96966103,131899.84375,0.5819692673099122,56572.22786767874,20.532287,0.17244
1826,39.97201813,-34.96966103,131899.84375,0.5819692673099122,56576.22856802074,20.306001,0.170721
1826,39.97201813,-34.96966103,131899.84375,0.5819692673099122,56576.35697367601,20.337714,0.1863
1826,39.97201813,-34.96966103,131899.84375,0.5819692673099122,56618.121554916725,20.175494,0.193029
1826,39.97201813,-34.96966103,131899.84375,0.5819692673099122,56622.11592984712,20.292653,0.159295
1826,39.97201813,-34.96966103,131899.84375,0.5819692673099122,56622.20034762984,20.349611,0.182842
1826,39.97201813,-34.96966103,131899.84375,0.5819692673099122,56624.12374160392,20.727596,0.189837
1826,39.97201813,-34.96966103,131899.84375,0.5819692673099122,56626.19347615121,20.248647,0.159447
1826,39.97201813,-34.96966103,131899.84375,0.5819692673099122,56628.094378324226,20.484078,0.205318
1826,39.97201813,-34.96966103,131899.84375,0.5819692673099122,56628.17991923727,20.845001,0.1579
1826,39.97201813,-34.96966103,131899.84375,0.5819692673099122,56632.09809675068,20.722506,0.19728
1826,39.97201813,-34.96966103,131899.84375,0.5819692673099122,56632.181323267985,20.592922,0.195105
1826,39.97201813,-34.96966103,131899.84375,0.5819692673099122,56636.09009582922,20.304116,0.207686
1826,39.97201813,-34.96966103,131899.84375,0.5819692673099122,56636.1734731514,20.298761,0.199265
1826,39.97201813,-34.96966103,131899.84375,0.5819692673099122,56949.20840886375,20.229831,0.144386
1826,39.97201813,-34.96966103,131899.84375,0.5819692673099122,56951.2121312567,20.778031,0.162548
1826,39.97201813,-34.96966103,131899.84375,0.5819692673099122,56951.29462585971,20.951243,0.165428
1826,39.97201813,-34.96966103,131899.84375,0.5819692673099122,56953.2591045443,20.079904,0.148387
1826,39.97201813,-34.96966103,131899.84375,0.5819692673099122,56955.23050556518,20.968023,0.172243
1826,39.97201813,-34.96966103,131899.84375,0.5819692673099122,56959.21695578378,20.498746,0.15408
1826,39.97201813,-34.96966103,131899.84375,0.5819692673099122,56961.21432124125,20.615641,0.201178
1826,39.97201813,-34.96966103,131899.84375,0.5819692673099122,56963.275504423305,20.230415,0.153575
1826,39.97201813,-34.96966103,131899.84375,0.5819692673099122,57305.32808486372,20.340655,0.238304
1826,39.97201813,-34.96966103,131899.84375,0.5819692673099122,57311.21622919524,20.33202,0.208431
1826,39.97201813,-34.96966103,131899.84375,0.5819692673099122,57346.06195193436,20.28726,0.244203
1826,39.97201813,-34.96966103,131899.84375,0.5819692673099122,57346.14607989043,19.810743,0.123992
1826,39.97201813,-34.96966103,131899.84375,0.5819692673099122,57360.15942795202,20.174419,0.185972
1826,39.97201813,-34.96966103,131899.84375,0.5819692673099122,57360.16060846718,20.624182,0.205269
1826,39.97201813,-34.96966103,131899.84375,0.5819692673099122,57362.159743145574,20.708252,0.219547
1826,39.97201813,-34.96966103,131899.84375,0.5819692673099122,57364.07684736652,20.380644,0.226032
1827,39.98446528963213,-34.964708113781626,138640.109375,0.6267666529119368,55484.14753308287,20.555308,0.180729
1827,39.98446528963213,-34.964708113781626,138640.109375,0.6267666529119368,55484.26334707439,20.853747,0.144761
1827,39.98446528963213,-34.964708113781626,138640.109375,0.6267666529119368,55484.3536419454,20.842995,0.129814
1827,39.98446528963213,-34.964708113781626,138640.109375,0.6267666529119368,56185.27463611774,20.737923,0.198281
1827,39.98446528963213,-34.964708113781626,138640.109375,0.6267666529119368,56185.34213177394,20.082918,0.160384
1827,39.98446528963213,-34.964708113781626,138640.109375,0.6267666529119368,56187.24288836587,20.208193,0.220376
1827,39.98446528963213,-34.964708113781626,138640.109375,0.6267666529119368,56195.30700645875,20.409693,0.166214
1827,39.98446528963213,-34.964708113781626,138640.109375,0.6267666529119368,56217.29941680143,20.150358,0.18105
1827,39.98446528963213,-34.964708113781626,138640.109375,0.6267666529119368,56219.218271306716,20.325645,0.235695
1827,39.98446528963213,-34.964708113781626,138640.109375,0.6267666529119368,56263.09600161249,20.235964,0.161547
1827,39.98446528963213,-34.964708113781626,138640.109375,0.6267666529119368,56265.096973856445,20.779065,0.209162
1827,39.98446528963213,-34.964708113781626,138640.109375,0.6267666529119368,56271.176128334366,20.168284,0.189528
1827,39.98446528963213,-34.964708113781626,138640.109375,0.6267666529119368,56273.08441134961,19.939151,0.154538
1827,39.98446528963213,-34.964708113781626,138640.109375,0.6267666529119368,56273.16924716579,20.14868,0.14918
1827,39.98446528963213,-34.964708113781626,138640.109375,0.6267666529119368,56277.15653931443,20.849912,0.172625
1827,39.98446528963213,-34.964708113781626,138640.109375,0.6267666529119368,56283.06205993472,20.439501,0.183158
1827,39.98446528963213,-34.964708113781626,138640.109375,0.6267666529119368,56283.14665362798,20.469959,0.208623
1827,39.98446528963213,-34.964708113781626,138640.109375,0.6267666529119368,56508.26729985792,20.431077,0.182911
1827,39.98446528963213,-34.964708113781626,138640.109375,0.6267666529119368,56510.29521929473,20.628826,0.17465
1827,39.98446528963213,-34.964708113781626,138640.109375,0.6267666529119368,56514.379204105586,19.897615,0.148678
1827,39.98446528963213,-34.964708113781626,138640.109375,0.6267666529119368,56516.26892203558,20.034773,0.195882
1827,39.98446528963213,-34.964708113781626,138640.109375,0.6267666529119368,56516.35396493133,20.21797,0.184212
1827,39.98446528963213,-34.964708113781626,138640.109375,0.6267666529119368,56518.30822514137,20.687775,0.171642
1827,39.98446528963213,-34.964708113781626,138640.109375,0.6267666529119368,56518.37175256992,20.863951,0.185441
1827,39.98446528963213,-34.964708113781626,138640.109375,0.6267666529119368,56520.4018043275,20.777969,0.15395
1827,39.98446528963213,-34.964708113781626,138640.109375,0.6267666529119368,56520.42092385888,20.837756,0.158858
1827,39.98446528963213,-34.964708113781626,138640.109375,0.6267666529119368,56560.23179764487,20.320166,0.175495
1827,39.98446528963213,-34.964708113781626,138640.109375,0.6267666529119368,56560.315298968926,20.554247,0.186832
1827,39.98446528963213,-34.964708113781626,138640.109375,0.6267666529119368,56562.24428915139,20.696746,0.169673
1827,39.98446528963213,-34.964708113781626,138640.109375,0.6267666529119368,56568.236046107486,20.520997,0.143797
1827,39.98446528963213,-34.964708113781626,138640.109375,0.6267666529119368,56570.23278491339,20.339975,0.144841
1827,39.98446528963213,-34.964708113781626,138640.109375,0.6267666529119368,56570.34519622801,20.490453,0.158858
1827,39.98446528963213,-34.964708113781626,138640.109375,0.6267666529119368,56572.2278688075,20.623039,0.145134
1827,39.98446528963213,-34.964708113781626,138640.109375,0.6267666529119368,56576.228569145314,21.019651,0.189391
1827,39.98446528963213,-34.964708113781626,138640.109375,0.6267666529119368,56578.295246611815,20.342458,0.15476
1827,39.98446528963213,-34.964708113781626,138640.109375,0.6267666529119368,56622.20034833765,19.961289,0.18623
1827,39.98446528963213,-34.964708113781626,138640.109375,0.6267666529119368,56624.123742281925,20.378532,0.145392
1827,39.98446528963213,-34.964708113781626,138640.109375,0.6267666529119368,56624.20728062792,20.428646,0.148303
1827,39.98446528963213,-34.964708113781626,138640.109375,0.6267666529119368,56626.10806336114,20.445887,0.155329
1827,39.98446528963213,-34.964708113781626,138640.109375,0.6267666529119368,56626.19347679615,20.60032,0.160049
1827,39.98446528963213,-34.964708113781626,138640.109375,0.6267666529119368,56628.09437893797,20.520946,0.161664
1827,39.98446528963213,-34.964708113781626,138640.109375,0.6267666529119368,56630.090443467256,20.860544,0.186428
1827,39.98446528963213,-34.964708113781626,138640.109375,0.6267666529119368,56632.0980972969,20.910504,0.187416
1827,39.98446528963213,-34.964708113781626,138640.109375,0.6267666529119368,56632.18132381281,20.326672,0.163478
1827,39.98446528963213,-34.964708113781626,138640.109375,0.6267666529119368,56636.09009630559,20.538752,0.160888
1827,39.98446528963213,-34.964708113781626,138640.109375,0.6267666529119368,56636.173473626375,20.650759,0.168688
1827,39.98446528963213,-34.964708113781626,138640.109375,0.6267666529119368,56943.19789750734,20.442617,0.161804
1827,39.98446528963213,-34.964708113781626,138640.109375,0.6267666529119368,56949.20840996457,20.949985,0.161804
1827,39.98446528963213,-34.964708113781626,138640.109375,0.6267666529119368,56951.21213234775,20.16825,0.1216
1827,39.98446528963213,-34.964708113781626,138640.109375,0.6267666529119368,56951.29462695075,20.056192,0.123506
1827,39.98446528963213,-34.964708113781626,138640.109375,0.6267666529119368,56953.17574296333,20.166384,0.131127
1827,39.98446528963213,-34.964708113781626,138640.109375,0.6267666529119368,56953.25910562463,20.557054,0.136061
1827,39.98446528963213,-34.964708113781626,138640.109375,0.6267666529119368,56955.23050663341,20.629871,0.124056
1827,39.98446528963213,-34.964708113781626,138640.109375,0.6267666529119368,56955.30267794849,20.86628,0.17361
1827,39.98446528963213,-34.964708113781626,138640.109375,0.6267666529119368,56959.216956824064,20.861572,0.176567
1827,39.98446528963213,-34.964708113781626,138640.109375,0.6267666529119368,56963.192130799405,20.264385,0.200727
1827,39.98446528963213,-34.964708113781626,138640.109375,0.6267666529119368,56963.275505430065,20.635897,0.166709
1827,39.98446528963213,-34.964708113781626,138640.109375,0.6267666529119368,57311.21623030817,20.731964,0.193341
1827,39.98446528963213,-34.964708113781626,138640.109375,0.6267666529119368,57313.18399264943,20.724003,0.179523
1827,39.98446528963213,-34.964708113781626,138640.109375,0.6267666529119368,57339.21362777939,20.309551,0.198696
1827,39.98446528963213,-34.964708113781626,138640.109375,0.6267666529119368,57346.06195273902,20.380261,0.185006
1827,39.98446528963213,-34.964708113781626,138640.109375,0.6267666529119368,57346.14608069416,20.361274,0.236395
1828,40.00097214,-34.97404101,130408.09375,0.3588104445500847,56189.38330428582,20.2867,0.211776
1828,40.00097214,-34.97404101,130408.09375,0.3588104445500847,56265.096975176595,20.18119,0.194835
1828,40.00097214,-34.97404101,130408.09375,0.3588104445500847,56562.24428976467,20.52986,0.190792
1828,40.00097214,-34.97404101,130408.09375,0.3588104445500847,56568.23604684044,20.011535,0.163116
1828,40.00097214,-34.97404101,130408.09375,0.3588104445500847,56570.23278568452,20.735955,0.201168
1828,40.00097214,-34.97404101,130408.09375,0.3588104445500847,56570.34519700101,20.682672,0.210472
1828,40.00097214,-34.97404101,130408.09375,0.3588104445500847,56572.22786961589,20.573529,0.170605
1828,40.00097214,-34.97404101,130408.09375,0.3588104445500847,56576.228570025414,20.302018,0.170451
1828,40.00097214,-34.97404101,130408.09375,0.3588104445500847,56578.29524752684,20.092914,0.187594
1828,40.00097214,-34.97404101,130408.09375,0.3588104445500847,56618.12155700242,19.722498,0.165626
1828,40.00097214,-34.97404101,130408.09375,0.3588104445500847,56622.11593188066,20.438125,0.181614
1828,40.00097214,-34.97404101,130408.09375,0.3588104445500847,56624.12374360813,20.447973,0.181946
1828,40.00097214,-34.97404101,130408.09375,0.3588104445500847,56624.20728195412,20.421498,0.177479
1828,40.00097214,-34.97404101,130408.09375,0.3588104445500847,56626.108064687345,20.589394,0.177945
1828,40.00097214,-34.97404101,130408.09375,0.3588104445500847,56626.19347812189,20.431814,0.159804
1828,40.00097214,-34.97404101,130408.09375,0.3588104445500847,56628.09438026184,20.614384,0.208955
1828,40.00097214,-34.97404101,130408.09375,0.3588104445500847,56632.098098612856,19.725859,0.128748
1828,40.00097214,-34.97404101,130408.09375,0.3588104445500847,56632.1813251283,20.40954,0.176121
1828,40.00097214,-34.97404101,130408.09375,0.3588104445500847,56636.09009760711,20.358505,0.209946
1828,40.00097214,-34.97404101,130408.09375,0.3588104445500847,56636.17347492743,20.603462,0.213227
1828,40.00097214,-34.97404101,130408.09375,0.3588104445500847,56943.197898416314,20.120112,0.191066
1828,40.00097214,-34.97404101,130408.09375,0.3588104445500847,56943.281770071015,20.531286,0.225872
1828,40.00097214,-34.97404101,130408.09375,0.3588104445500847,56949.2084109704,20.60481,0.160773
1828,40.00097214,-34.97404101,130408.09375,0.3588104445500847,56951.21213338338,20.777475,0.17395
1828,40.00097214,-34.97404101,130408.09375,0.3588104445500847,56953.175744026434,20.569426,0.168031
1828,40.00097214,-34.97404101,130408.09375,0.3588104445500847,56953.25910668867,20.128162,0.162135
1828,40.00097214,-34.97404101,130408.09375,0.3588104445500847,56955.23050772445,21.002972,0.19031
1828,40.00097214,-34.97404101,130408.09375,0.3588104445500847,56959.21695796447,20.708659,0.173174
1828,40.00097214,-34.97404101,130408.09375,0.3588104445500847,56959.294117528945,20.533513,0.186432
1828,40.00097214,-34.97404101,130408.09375,0.3588104445500847,56961.214323428925,20.354226,0.177962
1828,40.00097214,-34.97404101,130408.09375,0.3588104445500847,56963.27550661517,20.594279,0.177714
1828,40.00097214,-34.97404101,130408.09375,0.3588104445500847,57313.18399363523,20.362979,0.196552
1828,40.00097214,-34.97404101,130408.09375,0.3588104445500847,57342.16020102892,20.13543,0.223463
1828,40.00097214,-34.97404101,130408.09375,0.3588104445500847,57346.1460820036,19.923728,0.143448
1828,40.00097214,-34.97404101,130408.09375,0.3588104445500847,57360.16061037686,20.188967,0.170684
1828,40.00097214,-34.97404101,130408.09375,0.3588104445500847,57364.0768491989,20.137326,0.206555
1829,40.01029799,-34.96071747,128669.953125,0.5608800290299681,56514.321579731535,20.247201,0.162192
1829,40.01029799,-34.96071747,128669.953125,0.5608800290299681,56518.30822602613,20.346674,0.16788
1829,40.01029799,-34.96071747,128669.953125,0.5608800290299681,56570.34519828437,20.052222,0.192426
1829,40.01029799,-34.96071747,128669.953125,0.5608800290299681,56572.22787087783,20.673797,0.171811
1829,40.01029799,-34.96071747,128669.953125,0.5608800290299681,56576.356976893265,20.620911,0.195763
1829,40.01029799,-34.96071747,128669.953125,0.5608800290299681,56578.20979150897,20.085606,0.189683
1829,40.01029799,-34.96071747,128669.953125,0.5608800290299681,56578.295248711016,20.255209,0.183174
1829,40.01029799,-34.96071747,128669.953125,0.5608800290299681,56618.1215573987,20.325,0.20922
1829,40.01029799,-34.96071747,128669.953125,0.5608800290299681,56620.20122204255,20.579609,0.187394
1829,40.01029799,-34.96071747,128669.953125,0.5608800290299681,56622.11593218008,20.49398,0.184405
1829,40.01029799,-34.96071747,128669.953125,0.5608800290299681,56622.20034996001,20.55765,0.191442
1829,40.01029799,-34.96071747,128669.953125,0.5608800290299681,56624.12374385819,20.218071,0.168207
1829,40.01029799,-34.96071747,128669.953125,0.5608800290299681,56624.20728220232,20.299945,0.177254
1829,40.01029799,-34.96071747,128669.953125,0.5608800290299681,56626.10806488851,20.551636,0.173095
1829,40.01029799,-34.96071747,128669.953125,0.5608800290299681,56626.19347832119,20.451824,0.165915
1829,40.01029799,-34.96071747,128669.953125,0.5608800290299681,56628.09438041411,19.974477,0.173799
1829,40.01029799,-34.96071747,128669.953125,0.5608800290299681,56632.098098665476,20.603383,0.180865
1829,40.01029799,-34.96071747,128669.953125,0.5608800290299681,56632.18132517906,20.321637,0.174217
1829,40.01029799,-34.96071747,128669.953125,0.5608800290299681,56636.09009756008,20.462608,0.218275
1829,40.01029799,-34.96071747,128669.953125,0.5608800290299681,56638.168792132754,19.980153,0.200694
1829,40.01029799,-34.96071747,128669.953125,0.5608800290299681,56943.28177125892,20.129488,0.213811
1829,40.01029799,-34.96071747,128669.953125,0.5608800290299681,56949.20841207029,20.532168,0.159197
1829,40.01029799,-34.96071747,128669.953125,0.5608800290299681,56951.21213445021,20.237271,0.163299
1829,40.01029799,-34.96071747,128669.953125,0.5608800290299681,56951.29462905275,20.626623,0.174215
1829,40.01029799,-34.96071747,128669.953125,0.5608800290299681,56953.17574506067,20.643813,0.177106
1829,40.01029799,-34.96071747,128669.953125,0.5608800290299681,56955.230508722365,20.453408,0.159407
1829,40.01029799,-34.96071747,128669.953125,0.5608800290299681,56955.30268003652,20.678282,0.189791
1829,40.01029799,-34.96071747,128669.953125,0.5608800290299681,56959.21695888881,20.609238,0.18279
1829,40.01029799,-34.96071747,128669.953125,0.5608800290299681,56961.21432431415,20.301102,0.175722
1829,40.01029799,-34.96071747,128669.953125,0.5608800290299681,57283.20145441592,20.072473,0.117942
1829,40.01029799,-34.96071747,128669.953125,0.5608800290299681,57283.28818487795,19.942464,0.226022
1829,40.01029799,-34.96071747,128669.953125,0.5608800290299681,57311.21623241296,20.010191,0.209055
1829,40.01029799,-34.96071747,128669.953125,0.5608800290299681,57346.06195450574,19.904436,0.211764
1829,40.01029799,-34.96071747,128669.953125,0.5608800290299681,57360.07614580961,19.894133,0.142604
1829,40.01029799,-34.96071747,128669.953125,0.5608800290299681,57360.160610490944,20.266971,0.180429
1829,40.01029799,-34.96071747,128669.953125,0.5608800290299681,57364.0768492152,20.496614,0.231367
1834,40.07135693,-34.90933552,130417.15625,0.6227862704838755,56187.32612088835,20.053248,0.166147
1834,40.07135693,-34.90933552,130417.15625,0.6227862704838755,56267.17629557941,20.651631,0.185412
1834,40.07135693,-34.90933552,130417.15625,0.6227862704838755,56518.30823145574,20.589306,0.186556
1834,40.07135693,-34.90933552,130417.15625,0.6227862704838755,56518.37175889127,20.439128,0.18676
1834,40.07135693,-34.90933552,130417.15625,0.6227862704838755,56520.401810870506,20.78816,0.184374
1834,40.07135693,-34.90933552,130417.15625,0.6227862704838755,56552.36755909957,20.244059,0.226484
1834,40.07135693,-34.90933552,130417.15625,0.6227862704838755,56562.244298063684,19.952061,0.149286
1834,40.07135693,-34.90933552,130417.15625,0.6227862704838755,56562.34433759097,20.473138,0.207339
1834,40.07135693,-34.90933552,130417.15625,0.6227862704838755,56564.26579294866,20.220966,0.137772
1834,40.07135693,-34.90933552,130417.15625,0.6227862704838755,56564.33099685237,20.5212,0.183034
1834,40.07135693,-34.90933552,130417.15625,0.6227862704838755,56570.345205056015,20.011792,0.187805
1834,40.07135693,-34.90933552,130417.15625,0.6227862704838755,56572.227877589874,20.034255,0.145524
1834,40.07135693,-34.90933552,130417.15625,0.6227862704838755,56576.228577799164,20.654032,0.21058
1834,40.07135693,-34.90933552,130417.15625,0.6227862704838755,56620.20122508705,19.988033,0.164381
1834,40.07135693,-34.90933552,130417.15625,0.6227862704838755,56622.1159350127,20.440968,0.180794
1834,40.07135693,-34.90933552,130417.15625,0.6227862704838755,56622.200352783315,20.653541,0.191226
1834,40.07135693,-34.90933552,130417.15625,0.6227862704838755,56624.123746465426,20.444017,0.175025
1834,40.07135693,-34.90933552,130417.15625,0.6227862704838755,56628.094382565934,20.75019,0.212572
1834,40.07135693,-34.90933552,130417.15625,0.6227862704838755,56632.098100348376,20.280802,0.165987
1834,40.07135693,-34.90933552,130417.15625,0.6227862704838755,56632.18132685218,20.448537,0.18536
1834,40.07135693,-34.90933552,130417.15625,0.6227862704838755,56636.09009876801,20.644763,0.219346
1834,40.07135693,-34.90933552,130417.15625,0.6227862704838755,56949.20841824915,20.442317,0.155095
1834,40.07135693,-34.90933552,130417.15625,0.6227862704838755,56951.21214051079,20.923988,0.166852
1834,40.07135693,-34.90933552,130417.15625,0.6227862704838755,56951.29463510867,20.897127,0.165667
1834,40.07135693,-34.90933552,130417.15625,0.6227862704838755,56953.25911365356,20.703828,0.191899
1834,40.07135693,-34.90933552,130417.15625,0.6227862704838755,56955.23051452357,20.09092,0.136559
1834,40.07135693,-34.90933552,130417.15625,0.6227862704838755,56955.30268583307,20.629974,0.181044
1834,40.07135693,-34.90933552,130417.15625,0.6227862704838755,56959.216964404564,20.444192,0.157761
1834,40.07135693,-34.90933552,130417.15625,0.6227862704838755,56959.29412396159,20.659498,0.184433
1834,40.07135693,-34.90933552,130417.15625,0.6227862704838755,56961.2143296767,20.67886,0.19872
1834,40.07135693,-34.90933552,130417.15625,0.6227862704838755,56963.27551265713,20.163407,0.140057
1834,40.07135693,-34.90933552,130417.15625,0.6227862704838755,57311.216238767374,20.499823,0.218984
1834,40.07135693,-34.90933552,130417.15625,0.6227862704838755,57360.076147791,20.152123,0.154888
1834,40.07135693,-34.90933552,130417.15625,0.6227862704838755,57360.160612462554,20.38588,0.182315
1834,40.07135693,-34.90933552,130417.15625,0.6227862704838755,57362.07554816967,20.254835,0.182118
1834,40.07135693,-34.90933552,130417.15625,0.6227862704838755,57362.15974681731,20.681996,0.220288
1837,40.0959663,-34.95947361,129037.578125,0.6335974408149467,56562.24429700337,20.047063,0.173729
1837,40.0959663,-34.95947361,129037.578125,0.6335974408149467,56562.34433653718,20.484304,0.200706
1837,40.0959663,-34.95947361,129037.578125,0.6335974408149467,56564.26579202665,20.419628,0.16624
1837,40.0959663,-34.95947361,129037.578125,0.6335974408149467,56568.23605432827,20.871735,0.181702
1837,40.0959663,-34.95947361,129037.578125,0.6335974408149467,56570.23279323662,20.672011,0.202953
1837,40.0959663,-34.95947361,129037.578125,0.6335974408149467,56572.22787722293,20.656333,0.180748
1837,40.0959663,-34.95947361,129037.578125,0.6335974408149467,56576.22857771441,20.40305,0.184948
1837,40.0959663,-34.95947361,129037.578125,0.6335974408149467,56578.20979803894,20.626173,0.190859
1837,40.0959663,-34.95947361,129037.578125,0.6335974408149467,56618.12156330934,20.653336,0.227448
1837,40.0959663,-34.95947361,129037.578125,0.6335974408149467,56620.20122783631,20.666136,0.18557
1837,40.0959663,-34.95947361,129037.578125,0.6335974408149467,56622.11593786022,20.564007,0.18617
1837,40.0959663,-34.95947361,129037.578125,0.6335974408149467,56622.20035563456,20.748128,0.196444
1837,40.0959663,-34.95947361,129037.578125,0.6335974408149467,56624.12374941213,20.455059,0.179901
1837,40.0959663,-34.95947361,129037.578125,0.6335974408149467,56626.10807031114,20.59371,0.175743
1837,40.0959663,-34.95947361,129037.578125,0.6335974408149467,56626.19348373776,20.091011,0.149879
1837,40.0959663,-34.95947361,129037.578125,0.6335974408149467,56632.098103654105,20.366335,0.170461
1837,40.0959663,-34.95947361,129037.578125,0.6335974408149467,56632.18133016117,20.555548,0.195796
1837,40.0959663,-34.95947361,129037.578125,0.6335974408149467,56943.1979061286,20.596308,0.201842
1837,40.0959663,-34.95947361,129037.578125,0.6335974408149467,56949.208418709226,20.861771,0.155444
1837,40.0959663,-34.95947361,129037.578125,0.6335974408149467,56951.21214111149,20.04383,0.137956
1837,40.0959663,-34.95947361,129037.578125,0.6335974408149467,56951.29463571496,20.150165,0.141077
1837,40.0959663,-34.95947361,129037.578125,0.6335974408149467,56953.175751735456,20.125261,0.131995
1837,40.0959663,-34.95947361,129037.578125,0.6335974408149467,56953.25911439676,20.174716,0.161267
1837,40.0959663,-34.95947361,129037.578125,0.6335974408149467,56955.23051540321,20.281996,0.139022
1837,40.0959663,-34.95947361,129037.578125,0.6335974408149467,56955.30268671783,20.695336,0.195057
1837,40.0959663,-34.95947361,129037.578125,0.6335974408149467,56959.21696555661,20.894278,0.178216
1837,40.0959663,-34.95947361,129037.578125,0.6335974408149467,56963.27551408112,20.02486,0.155802
1837,40.0959663,-34.95947361,129037.578125,0.6335974408149467,57283.201459681615,19.926821,0.124694
1837,40.0959663,-34.95947361,129037.578125,0.6335974408149467,57283.28819015017,20.01488,0.204662
1837,40.0959663,-34.95947361,129037.578125,0.6335974408149467,57311.21623899881,20.449021,0.229377
1837,40.0959663,-34.95947361,129037.578125,0.6335974408149467,57313.18400137592,20.409073,0.1926
1837,40.0959663,-34.95947361,129037.578125,0.6335974408149467,57342.16020780103,20.120758,0.214882
1837,40.0959663,-34.95947361,129037.578125,0.6335974408149467,57346.061960550025,20.241266,0.228945
1837,40.0959663,-34.95947361,129037.578125,0.6335974408149467,57360.160615663975,20.604989,0.2033
1837,40.0959663,-34.95947361,129037.578125,0.6335974408149467,57362.159750104416,20.638264,0.216719
1837,40.0959663,-34.95947361,129037.578125,0.6335974408149467,57364.07685408974,20.769711,0.222108
1843,40.20179301,-34.96035987,130194.085938,1.6312005430773324,56205.20571328653,20.357056,0.204463
1843,40.20179301,-34.96035987,130194.085938,1.6312005430773324,56221.21114369901,20.405241,0.217416
1843,40.20179301,-34.96035987,130194.085938,1.6312005430773324,56562.244304130785,20.397228,0.175364
1843,40.20179301,-34.96035987,130194.085938,1.6312005430773324,56568.23606184544,20.917868,0.1686
1843,40.20179301,-34.96035987,130194.085938,1.6312005430773324,56570.23280086508,20.672995,0.207999
1843,40.20179301,-34.96035987,130194.085938,1.6312005430773324,56570.34521219088,19.937546,0.19391
1843,40.20179301,-34.96035987,130194.085938,1.6312005430773324,56572.22788495291,20.140326,0.138502
1843,40.20179301,-34.96035987,130194.085938,1.6312005430773324,56576.22858561948,20.511356,0.202068
1843,40.20179301,-34.96035987,130194.085938,1.6312005430773324,56576.356991283596,20.710986,0.17461
1843,40.20179301,-34.96035987,130194.085938,1.6312005430773324,56618.12157066353,20.354217,0.208815
1843,40.20179301,-34.96035987,130194.085938,1.6312005430773324,56622.11594494339,20.747558,0.19139
1843,40.20179301,-34.96035987,130194.085938,1.6312005430773324,56624.12375634629,20.673289,0.186319
1843,40.20179301,-34.96035987,130194.085938,1.6312005430773324,56624.207294678316,20.009322,0.166015
1843,40.20179301,-34.96035987,130194.085938,1.6312005430773324,56626.10807708977,20.262399,0.143289
1843,40.20179301,-34.96035987,130194.085938,1.6312005430773324,56626.193490509875,20.220393,0.159309
1843,40.20179301,-34.96035987,130194.085938,1.6312005430773324,56628.09439231409,20.496212,0.203081
1843,40.20179301,-34.96035987,130194.085938,1.6312005430773324,56632.09810991632,20.663458,0.184233
1843,40.20179301,-34.96035987,130194.085938,1.6312005430773324,56632.18133641593,20.63291,0.194085
1843,40.20179301,-34.96035987,130194.085938,1.6312005430773324,56636.090108111035,20.57479,0.231448
1843,40.20179301,-34.96035987,130194.085938,1.6312005430773324,56949.2084268406,20.53467,0.161161
1843,40.20179301,-34.96035987,130194.085938,1.6312005430773324,56951.212149277795,20.641564,0.160897
1843,40.20179301,-34.96035987,130194.085938,1.6312005430773324,56951.2946438822,20.479337,0.162066
1843,40.20179301,-34.96035987,130194.085938,1.6312005430773324,56953.25912258774,20.744719,0.182685
1843,40.20179301,-34.96035987,130194.085938,1.6312005430773324,56955.23052360769,20.371889,0.152038
1843,40.20179301,-34.96035987,130194.085938,1.6312005430773324,56955.30269492278,20.241387,0.158668
1843,40.20179301,-34.96035987,130194.085938,1.6312005430773324,56959.216973759234,20.268232,0.13555
1843,40.20179301,-34.96035987,130194.085938,1.6312005430773324,56961.21433914965,20.738315,0.198809
1843,40.20179301,-34.96035987,130194.085938,1.6312005430773324,56963.27552224044,20.487298,0.181267
1843,40.20179301,-34.96035987,130194.085938,1.6312005430773324,57283.28819650086,19.941233,0.20805
1843,40.20179301,-34.96035987,130194.085938,1.6312005430773324,57311.21624705335,20.009478,0.209732
1843,40.20179301,-34.96035987,130194.085938,1.6312005430773324,57313.18400948029,20.638258,0.196367
1843,40.20179301,-34.96035987,130194.085938,1.6312005430773324,57346.06196806021,20.470527,0.219534
1843,40.20179301,-34.96035987,130194.085938,1.6312005430773324,57360.160622146446,20.246856,0.175925
1843,40.20179301,-34.96035987,130194.085938,1.6312005430773324,57362.075557765085,20.550109,0.192481
1843,40.20179301,-34.96035987,130194.085938,1.6312005430773324,57362.15975640854,20.707784,0.221871
1843,40.20179301,-34.96035987,130194.085938,1.6312005430773324,57364.07686021598,20.732032,0.224774
1844,40.21022266,-34.98001302,126773.054688,0.7988249407532632,56518.37175629381,20.631187,0.195712
1844,40.21022266,-34.98001302,126773.054688,0.7988249407532632,56520.40180865489,20.201262,0.140626
1844,40.21022266,-34.98001302,126773.054688,0.7988249407532632,56520.420928192325,20.088939,0.136388
1844,40.21022266,-34.98001302,126773.054688,0.7988249407532632,56560.23181177769,20.183504,0.184491
1844,40.21022266,-34.98001302,126773.054688,0.7988249407532632,56560.31531311665,19.985325,0.183133
1844,40.21022266,-34.98001302,126773.054688,0.7988249407532632,56564.26579884626,19.908432,0.13231
1844,40.21022266,-34.98001302,126773.054688,0.7988249407532632,56564.33100276021,20.128486,0.170034
1844,40.21022266,-34.98001302,126773.054688,0.7988249407532632,56568.23606150178,19.985664,0.156854
1844,40.21022266,-34.98001302,126773.054688,0.7988249407532632,56572.22788471682,20.166492,0.137326
1844,40.21022266,-34.98001302,126773.054688,0.7988249407532632,56576.228585492354,20.183301,0.162681
1844,40.21022266,-34.98001302,126773.054688,0.7988249407532632,56576.35699115973,20.268327,0.175419
1844,40.21022266,-34.98001302,126773.054688,0.7988249407532632,56578.29526315257,20.668905,0.19482
1844,40.21022266,-34.98001302,126773.054688,0.7988249407532632,56620.20123604825,20.064031,0.173517
1844,40.21022266,-34.98001302,126773.054688,0.7988249407532632,56624.123757421505,20.211699,0.165603
1844,40.21022266,-34.98001302,126773.054688,0.7988249407532632,56624.20729575539,19.924986,0.163935
1844,40.21022266,-34.98001302,126773.054688,0.7988249407532632,56626.108078204095,20.59652,0.177911
1844,40.21022266,-34.98001302,126773.054688,0.7988249407532632,56628.17993436428,20.046663,0.146454
1844,40.21022266,-34.98001302,126773.054688,0.7988249407532632,56632.09811114054,20.281815,0.165672
1844,40.21022266,-34.98001302,126773.054688,0.7988249407532632,56632.18133764155,19.945794,0.159181
1844,40.21022266,-34.98001302,126773.054688,0.7988249407532632,56636.173486705404,20.062048,0.156812
1844,40.21022266,-34.98001302,126773.054688,0.7988249407532632,56943.19791401643,20.467981,0.201677
1844,40.21022266,-34.98001302,126773.054688,0.7988249407532632,56949.20842692489,20.631628,0.15995
1844,40.21022266,-34.98001302,126773.054688,0.7988249407532632,56951.21214941656,20.33302,0.166175
1844,40.21022266,-34.98001302,126773.054688,0.7988249407532632,56951.29464402329,20.388665,0.155387
1844,40.21022266,-34.98001302,126773.054688,0.7988249407532632,56953.175760117825,20.709215,0.178005
1844,40.21022266,-34.98001302,126773.054688,0.7988249407532632,56953.25912278239,20.339527,0.163546
1844,40.21022266,-34.98001302,126773.054688,0.7988249407532632,56955.23052385589,20.443412,0.152079
1844,40.21022266,-34.98001302,126773.054688,0.7988249407532632,56955.30269517284,20.694389,0.183851
1844,40.21022266,-34.98001302,126773.054688,0.7988249407532632,56959.21697411407,20.26548,0.134732
1844,40.21022266,-34.98001302,126773.054688,0.7988249407532632,56959.29413367808,20.606466,0.188068
1844,40.21022266,-34.98001302,126773.054688,0.7988249407532632,56961.214339558035,20.505987,0.192231
1844,40.21022266,-34.98001302,126773.054688,0.7988249407532632,56963.27552270284,20.664957,0.182001
1844,40.21022266,-34.98001302,126773.054688,0.7988249407532632,57283.201465283986,19.734821,0.105665
1844,40.21022266,-34.98001302,126773.054688,0.7988249407532632,57311.216247048695,20.220426,0.20055
1844,40.21022266,-34.98001302,126773.054688,0.7988249407532632,57360.1606233269,20.565545,0.19655
1844,40.21022266,-34.98001302,126773.054688,0.7988249407532632,57362.15975762438,20.647996,0.213091
1845,40.23173644,-34.96544064,137858.859375,0.6301899809657373,56562.34434542619,20.3669,0.192827
1845,40.23173644,-34.96544064,137858.859375,0.6301899809657373,56564.331005010754,20.490194,0.184692
1845,40.23173644,-34.96544064,137858.859375,0.6301899809657373,56568.23606373882,20.758357,0.189208
1845,40.23173644,-34.96544064,137858.859375,0.6301899809657373,56572.22788692918,20.886926,0.180809
1845,40.23173644,-34.96544064,137858.859375,0.6301899809657373,56576.228587668855,20.327708,0.174515
1845,40.23173644,-34.96544064,137858.859375,0.6301899809657373,56576.3569933353,20.636164,0.195261
1845,40.23173644,-34.96544064,137858.859375,0.6301899809657373,56578.20980809815,20.152373,0.201239
1845,40.23173644,-34.96544064,137858.859375,0.6301899809657373,56578.29526530672,20.470968,0.188225
1845,40.23173644,-34.96544064,137858.859375,0.6301899809657373,56620.20123720076,20.290603,0.173323
1845,40.23173644,-34.96544064,137858.859375,0.6301899809657373,56622.11594706494,20.613274,0.19322
1845,40.23173644,-34.96544064,137858.859375,0.6301899809657373,56622.2003648323,20.842032,0.190875
1845,40.23173644,-34.96544064,137858.859375,0.6301899809657373,56624.123758438975,20.439811,0.177114
1845,40.23173644,-34.96544064,137858.859375,0.6301899809657373,56624.2072967696,20.198893,0.165511
1845,40.23173644,-34.96544064,137858.859375,0.6301899809657373,56626.10807915125,20.157171,0.138206
1845,40.23173644,-34.96544064,137858.859375,0.6301899809657373,56626.193492569495,20.617152,0.186219
1845,40.23173644,-34.96544064,137858.859375,0.6301899809657373,56628.09439434204,20.646862,0.204326
1845,40.23173644,-34.96544064,137858.859375,0.6301899809657373,56632.098111868836,20.803448,0.194479
1845,40.23173644,-34.96544064,137858.859375,0.6301899809657373,56632.18133836705,20.555809,0.191403
1845,40.23173644,-34.96544064,137858.859375,0.6301899809657373,56636.17348728096,20.371534,0.200395
1845,40.23173644,-34.96544064,137858.859375,0.6301899809657373,56638.08579700487,20.262126,0.235695
1845,40.23173644,-34.96544064,137858.859375,0.6301899809657373,56949.20842900267,20.989958,0.147226
1845,40.23173644,-34.96544064,137858.859375,0.6301899809657373,56951.21215146175,20.179421,0.147271
1845,40.23173644,-34.96544064,137858.859375,0.6301899809657373,56951.294646067545,20.341972,0.147298
1845,40.23173644,-34.96544064,137858.859375,0.6301899809657373,56953.17576212948,20.414522,0.163042
1845,40.23173644,-34.96544064,137858.859375,0.6301899809657373,56953.25912479218,20.882177,0.168004
1845,40.23173644,-34.96544064,137858.859375,0.6301899809657373,56955.23052582936,20.554412,0.162562
1845,40.23173644,-34.96544064,137858.859375,0.6301899809657373,56955.302697144914,20.477311,0.177926
1845,40.23173644,-34.96544064,137858.859375,0.6301899809657373,56959.216976006515,20.700991,0.179442
1845,40.23173644,-34.96544064,137858.859375,0.6301899809657373,56961.214341406245,20.9168,0.200536
1845,40.23173644,-34.96544064,137858.859375,0.6301899809657373,56963.192149875686,19.954984,0.206129
1845,40.23173644,-34.96544064,137858.859375,0.6301899809657373,56963.275524503086,20.721203,0.191222
1845,40.23173644,-34.96544064,137858.859375,0.6301899809657373,57311.216249172576,20.558258,0.220029
1845,40.23173644,-34.96544064,137858.859375,0.6301899809657373,57313.18401162606,20.619436,0.195261
1845,40.23173644,-34.96544064,137858.859375,0.6301899809657373,57360.16062414646,20.645285,0.204829
1845,40.23173644,-34.96544064,137858.859375,0.6301899809657373,57362.159758369904,20.449835,0.205996
1845,40.23173644,-34.96544064,137858.859375,0.6301899809657373,57364.076862138696,20.063357,0.204051
1846,40.23377765,-34.93120257,127039.695312,0.500643916692471,56514.32158576744,20.267541,0.159201
1846,40.23377765,-34.93120257,127039.695312,0.500643916692471,56564.26580303395,20.259626,0.149929
1846,40.23377765,-34.93120257,127039.695312,0.500643916692471,56564.33100694558,19.992147,0.161474
1846,40.23377765,-34.93120257,127039.695312,0.500643916692471,56568.23606553208,20.477985,0.175992
1846,40.23377765,-34.93120257,127039.695312,0.500643916692471,56570.23280451866,20.637771,0.207992
1846,40.23377765,-34.93120257,127039.695312,0.500643916692471,56570.34521584213,19.989155,0.19888
1846,40.23377765,-34.93120257,127039.695312,0.500643916692471,56572.22788856877,20.89547,0.190037
1846,40.23377765,-34.93120257,127039.695312,0.500643916692471,56576.22858914593,20.727409,0.221559
1846,40.23377765,-34.93120257,127039.695312,0.500643916692471,56576.356994807255,20.024529,0.170434
1846,40.23377765,-34.93120257,127039.695312,0.500643916692471,56578.29526669718,19.878711,0.186595
1846,40.23377765,-34.93120257,127039.695312,0.500643916692471,56618.12157234317,20.467864,0.208865
1846,40.23377765,-34.93120257,127039.695312,0.500643916692471,56620.201236608904,20.744386,0.186613
1846,40.23377765,-34.93120257,127039.695312,0.500643916692471,56622.11594638182,20.718006,0.18223
1846,40.23377765,-34.93120257,127039.695312,0.500643916692471,56624.12375766039,20.526882,0.189599
1846,40.23377765,-34.93120257,127039.695312,0.500643916692471,56624.20729598729,20.527548,0.180754
1846,40.23377765,-34.93120257,127039.695312,0.500643916692471,56626.10807828,20.663177,0.176057
1846,40.23377765,-34.93120257,127039.695312,0.500643916692471,56626.19349169452,20.633138,0.186509
1846,40.23377765,-34.93120257,127039.695312,0.500643916692471,56628.09439337859,20.584976,0.196569
1846,40.23377765,-34.93120257,127039.695312,0.500643916692471,56632.098110723775,20.436542,0.176546
1846,40.23377765,-34.93120257,127039.695312,0.500643916692471,56632.181337218266,20.618041,0.197315
1846,40.23377765,-34.93120257,127039.695312,0.500643916692471,56636.09010865865,20.746335,0.206806
1846,40.23377765,-34.93120257,127039.695312,0.500643916692471,56636.173485956155,20.320473,0.21188
1846,40.23377765,-34.93120257,127039.695312,0.500643916692471,56943.281789235305,19.803998,0.181485
1846,40.23377765,-34.93120257,127039.695312,0.500643916692471,56949.20843014587,20.517478,0.158855
1846,40.23377765,-34.93120257,127039.695312,0.500643916692471,56951.21215251507,20.253915,0.157916
1846,40.23377765,-34.93120257,127039.695312,0.500643916692471,56951.29464711668,20.074212,0.144173
1846,40.23377765,-34.93120257,127039.695312,0.500643916692471,56953.25912575191,20.177972,0.159078
1846,40.23377765,-34.93120257,127039.695312,0.500643916692471,56955.23052669782,20.916653,0.182195
1846,40.23377765,-34.93120257,127039.695312,0.500643916692471,56955.30269801011,20.018374,0.148228
1846,40.23377765,-34.93120257,127039.695312,0.500643916692471,56959.21697668778,20.714655,0.177783
1846,40.23377765,-34.93120257,127039.695312,0.500643916692471,56959.294136246666,20.077973,0.170464
1846,40.23377765,-34.93120257,127039.695312,0.500643916692471,56961.21434199205,20.674666,0.194673
1846,40.23377765,-34.93120257,127039.695312,0.500643916692471,56963.27552499017,20.165166,0.146729
1846,40.23377765,-34.93120257,127039.695312,0.500643916692471,57311.2162504592,20.43314,0.23677
1846,40.23377765,-34.93120257,127039.695312,0.500643916692471,57360.16062311223,20.74124,0.201434
1846,40.23377765,-34.93120257,127039.695312,0.500643916692471,57362.15975724533,20.636232,0.216404
1848,40.25697139,-34.93951034,136536.984375,0.5510375974680147,56283.14666377893,20.3553,0.214657
1848,40.25697139,-34.93951034,136536.984375,0.5510375974680147,56510.368150092196,20.635161,0.194481
1848,40.25697139,-34.93951034,136536.984375,0.5510375974680147,56514.32158548385,20.845156,0.185361
1848,40.25697139,-34.93951034,136536.984375,0.5510375974680147,56514.37921062717,20.725588,0.189397
1848,40.25697139,-34.93951034,136536.984375,0.5510375974680147,56520.401813017204,20.545017,0.183002
1848,40.25697139,-34.93951034,136536.984375,0.5510375974680147,56520.42093255557,20.894121,0.182502
1848,40.25697139,-34.93951034,136536.984375,0.5510375974680147,56522.32092920691,20.185804,0.187817
1848,40.25697139,-34.93951034,136536.984375,0.5510375974680147,56564.26580420043,20.226302,0.139036
1848,40.25697139,-34.93951034,136536.984375,0.5510375974680147,56568.236066788435,20.823858,0.185955
1848,40.25697139,-34.93951034,136536.984375,0.5510375974680147,56570.232805817854,20.41379,0.186344
1848,40.25697139,-34.93951034,136536.984375,0.5510375974680147,56570.34521714412,20.527915,0.218352
1848,40.25697139,-34.93951034,136536.984375,0.5510375974680147,56576.2285905648,20.781621,0.204094
1848,40.25697139,-34.93951034,136536.984375,0.5510375974680147,56576.35699622799,20.526913,0.185294
1848,40.25697139,-34.93951034,136536.984375,0.5510375974680147,56618.20452172635,19.997013,0.175721
1848,40.25697139,-34.93951034,136536.984375,0.5510375974680147,56622.11594813038,20.306827,0.15419
1848,40.25697139,-34.93951034,136536.984375,0.5510375974680147,56622.20036589308,20.280804,0.16977
1848,40.25697139,-34.93951034,136536.984375,0.5510375974680147,56626.10808000527,20.537175,0.169644
1848,40.25697139,-34.93951034,136536.984375,0.5510375974680147,56628.09439508896,20.564067,0.201479
1848,40.25697139,-34.93951034,136536.984375,0.5510375974680147,56628.17993597966,20.525288,0.169553
1848,40.25697139,-34.93951034,136536.984375,0.5510375974680147,56632.09811239876,20.361329,0.170135
1848,40.25697139,-34.93951034,136536.984375,0.5510375974680147,56638.085797204636,20.106565,0.216707
1848,40.25697139,-34.93951034,136536.984375,0.5510375974680147,56943.28179068677,20.324232,0.232289
1848,40.25697139,-34.93951034,136536.984375,0.5510375974680147,56949.20843169466,20.847764,0.155352
1848,40.25697139,-34.93951034,136536.984375,0.5510375974680147,56953.25912735751,20.229723,0.155983
1848,40.25697139,-34.93951034,136536.984375,0.5510375974680147,56955.23052832857,20.963892,0.182265
1848,40.25697139,-34.93951034,136536.984375,0.5510375974680147,56955.302699641325,20.858347,0.187507
1848,40.25697139,-34.93951034,136536.984375,0.5510375974680147,56959.294137922116,19.971387,0.17905
1848,40.25697139,-34.93951034,136536.984375,0.5510375974680147,56961.21434368566,20.60362,0.193272
1848,40.25697139,-34.93951034,136536.984375,0.5510375974680147,56963.19215207733,20.020333,0.224676
1848,40.25697139,-34.93951034,136536.984375,0.5510375974680147,56963.27552670147,20.432215,0.167507
1848,40.25697139,-34.93951034,136536.984375,0.5510375974680147,57283.28820116306,19.72541,0.2167
1848,40.25697139,-34.93951034,136536.984375,0.5510375974680147,57339.13055040175,20.281352,0.208778
1848,40.25697139,-34.93951034,136536.984375,0.5510375974680147,57346.14609960001,19.885042,0.116736
1848,40.25697139,-34.93951034,136536.984375,0.5510375974680147,57360.16062481003,20.638298,0.201569
1848,40.25697139,-34.93951034,136536.984375,0.5510375974680147,57362.07556028757,20.467158,0.189226
1848,40.25697139,-34.93951034,136536.984375,0.5510375974680147,57362.15975892451,20.321926,0.185168
1850,40.2632499,-34.9307809,133742.15625,0.8162754315035589,56514.37921142578,20.213561,0.145324
1850,40.2632499,-34.9307809,133742.15625,0.8162754315035589,56518.37176137045,20.494871,0.191623
1850,40.2632499,-34.9307809,133742.15625,0.8162754315035589,56520.40181386471,20.853958,0.189592
1850,40.2632499,-34.9307809,133742.15625,0.8162754315035589,56560.3153194231,20.233325,0.186627
1850,40.2632499,-34.9307809,133742.15625,0.8162754315035589,56562.24430991011,20.751291,0.188144
1850,40.2632499,-34.9307809,133742.15625,0.8162754315035589,56564.26580509264,20.353299,0.151951
1850,40.2632499,-34.9307809,133742.15625,0.8162754315035589,56564.3310090052,20.545631,0.17499
1850,40.2632499,-34.9307809,133742.15625,0.8162754315035589,56568.23606765736,20.508232,0.17825
1850,40.2632499,-34.9307809,133742.15625,0.8162754315035589,56570.345217998605,20.637621,0.205703
1850,40.2632499,-34.9307809,133742.15625,0.8162754315035589,56572.22789075039,20.53656,0.166138
1850,40.2632499,-34.9307809,133742.15625,0.8162754315035589,56576.35699703591,20.274555,0.178384
1850,40.2632499,-34.9307809,133742.15625,0.8162754315035589,56578.295268944,20.306976,0.174553
1850,40.2632499,-34.9307809,133742.15625,0.8162754315035589,56618.12157438183,19.793055,0.178561
1850,40.2632499,-34.9307809,133742.15625,0.8162754315035589,56622.11594834132,20.432894,0.181049
1850,40.2632499,-34.9307809,133742.15625,0.8162754315035589,56622.200366102625,20.198137,0.165694
1850,40.2632499,-34.9307809,133742.15625,0.8162754315035589,56624.12375957705,20.648969,0.185859
1850,40.2632499,-34.9307809,133742.15625,0.8162754315035589,56626.19349356415,20.280205,0.157343
1850,40.2632499,-34.9307809,133742.15625,0.8162754315035589,56628.09439520305,20.316228,0.186193
1850,40.2632499,-34.9307809,133742.15625,0.8162754315035589,56632.09811244672,20.5026,0.168934
1850,40.2632499,-34.9307809,133742.15625,0.8162754315035589,56632.181338938884,20.663476,0.198082
1850,40.2632499,-34.9307809,133742.15625,0.8162754315035589,56636.09011027217,19.982816,0.177168
1850,40.2632499,-34.9307809,133742.15625,0.8162754315035589,56636.17348756734,20.429538,0.208805
1850,40.2632499,-34.9307809,133742.15625,0.8162754315035589,56943.19791982323,20.600648,0.183177
1850,40.2632499,-34.9307809,133742.15625,0.8162754315035589,56951.21215480752,20.293419,0.157025
1850,40.2632499,-34.9307809,133742.15625,0.8162754315035589,56951.294649409596,20.451676,0.154731
1850,40.2632499,-34.9307809,133742.15625,0.8162754315035589,56953.25912804948,20.76986,0.180748
1850,40.2632499,-34.9307809,133742.15625,0.8162754315035589,56955.23052899772,20.033068,0.132525
1850,40.2632499,-34.9307809,133742.15625,0.8162754315035589,56955.302700310014,20.459814,0.16687
1850,40.2632499,-34.9307809,133742.15625,0.8162754315035589,56959.21697898349,20.730529,0.172946
1850,40.2632499,-34.9307809,133742.15625,0.8162754315035589,56959.29413854238,19.97322,0.17562
1850,40.2632499,-34.9307809,133742.15625,0.8162754315035589,56961.2143442817,20.647168,0.194813
1850,40.2632499,-34.9307809,133742.15625,0.8162754315035589,57313.18401510455,20.668716,0.1914
1850,40.2632499,-34.9307809,133742.15625,0.8162754315035589,57342.16021971824,20.755598,0.205234
1850,40.2632499,-34.9307809,133742.15625,0.8162754315035589,57360.16062489804,20.268726,0.168931
1850,40.2632499,-34.9307809,133742.15625,0.8162754315035589,57362.15975897992,20.568227,0.211484
1850,40.2632499,-34.9307809,133742.15625,0.8162754315035589,57364.16152436985,20.105622,0.144757
1856,40.33238061,-34.91175979,133541.546875,0.5637553302043564,56193.344513469376,20.200454,0.195279
1856,40.33238061,-34.91175979,133541.546875,0.5637553302043564,56271.09326556418,20.137515,0.16534
1856,40.33238061,-34.91175979,133541.546875,0.5637553302043564,56271.17614520248,20.297119,0.185906
1856,40.33238061,-34.91175979,133541.546875,0.5637553302043564,56273.08442745451,20.404975,0.209651
1856,40.33238061,-34.91175979,133541.546875,0.5637553302043564,56273.16926323669,20.845562,0.173546
1856,40.33238061,-34.91175979,133541.546875,0.5637553302043564,56277.15655373596,20.593868,0.195666
1856,40.33238061,-34.91175979,133541.546875,0.5637553302043564,56283.06207179325,20.312792,0.185355
1856,40.33238061,-34.91175979,133541.546875,0.5637553302043564,56514.37921407167,20.77947,0.191767
1856,40.33238061,-34.91175979,133541.546875,0.5637553302043564,56520.401817059144,20.528302,0.178477
1856,40.33238061,-34.91175979,133541.546875,0.5637553302043564,56520.42093659891,20.463091,0.176016
1856,40.33238061,-34.91175979,133541.546875,0.5637553302043564,56560.31532509066,19.994976,0.182412
1856,40.33238061,-34.91175979,133541.546875,0.5637553302043564,56564.26581086684,20.0217,0.134916
1856,40.33238061,-34.91175979,133541.546875,0.5637553302043564,56564.33101478079,20.286083,0.171339
1856,40.33238061,-34.91175979,133541.546875,0.5637553302043564,56568.23607350979,19.999535,0.157413
1856,40.33238061,-34.91175979,133541.546875,0.5637553302043564,56572.22789665265,20.349053,0.144047
1856,40.33238061,-34.91175979,133541.546875,0.5637553302043564,56576.22859729687,20.657008,0.208085
1856,40.33238061,-34.91175979,133541.546875,0.5637553302043564,56576.35700295912,20.730844,0.169164
1856,40.33238061,-34.91175979,133541.546875,0.5637553302043564,56620.201242915355,20.734368,0.185495
1856,40.33238061,-34.91175979,133541.546875,0.5637553302043564,56624.123763597105,20.295357,0.160924
1856,40.33238061,-34.91175979,133541.546875,0.5637553302043564,56628.094398912974,20.392965,0.19639
1856,40.33238061,-34.91175979,133541.546875,0.5637553302043564,56632.09811582696,20.523866,0.17546
1856,40.33238061,-34.91175979,133541.546875,0.5637553302043564,56632.181342312135,20.495055,0.179328
1856,40.33238061,-34.91175979,133541.546875,0.5637553302043564,56638.08580001118,20.365978,0.209284
1856,40.33238061,-34.91175979,133541.546875,0.5637553302043564,56943.197925745975,20.207935,0.189234
1856,40.33238061,-34.91175979,133541.546875,0.5637553302043564,56951.21216065856,20.797925,0.164361
1856,40.33238061,-34.91175979,133541.546875,0.5637553302043564,56951.29465525923,20.488826,0.160532
1856,40.33238061,-34.91175979,133541.546875,0.5637553302043564,56953.175771205686,20.678323,0.178604
1856,40.33238061,-34.91175979,133541.546875,0.5637553302043564,56953.25913386326,20.044096,0.153665
1856,40.33238061,-34.91175979,133541.546875,0.5637553302043564,56955.23053476866,20.932335,0.186473
1856,40.33238061,-34.91175979,133541.546875,0.5637553302043564,56955.30270607909,20.838931,0.175283
1856,40.33238061,-34.91175979,133541.546875,0.5637553302043564,56959.294144202955,20.512552,0.179687
1856,40.33238061,-34.91175979,133541.546875,0.5637553302043564,56961.214349880815,20.242419,0.156752
1856,40.33238061,-34.91175979,133541.546875,0.5637553302043564,56963.27553279605,20.419071,0.16527
1856,40.33238061,-34.91175979,133541.546875,0.5637553302043564,57311.216258636676,20.223021,0.202693
1856,40.33238061,-34.91175979,133541.546875,0.5637553302043564,57360.1606284827,20.761309,0.201208
1856,40.33238061,-34.91175979,133541.546875,0.5637553302043564,57362.159762398805,20.637997,0.211519
1859,40.39376297,-34.90824946,140632.46875,0.887624010240653,55484.26338018477,20.583496,0.088161
1859,40.39376297,-34.90824946,140632.46875,0.887624010240653,55484.353675059974,20.718555,0.118557
1859,40.39376297,-34.90824946,140632.46875,0.887624010240653,55507.031252115965,20.688136,0.165741
1859,40.39376297,-34.90824946,140632.46875,0.887624010240653,55507.170538133476,20.81483,0.133279
1859,40.39376297,-34.90824946,140632.46875,0.887624010240653,55507.25891271606,20.952176,0.125634
1859,40.39376297,-34.90824946,140632.46875,0.887624010240653,56179.38281101361,20.637105,0.302259
1859,40.39376297,-34.90824946,140632.46875,0.887624010240653,56189.3587047304,20.699462,0.195315
1859,40.39376297,-34.90824946,140632.46875,0.887624010240653,56205.205729591195,20.381644,0.175903
1859,40.39376297,-34.90824946,140632.46875,0.887624010240653,56219.29832236236,20.537898,0.204215
1859,40.39376297,-34.90824946,140632.46875,0.887624010240653,56221.21115990216,20.343414,0.152969
1859,40.39376297,-34.90824946,140632.46875,0.887624010240653,56221.2938975594,20.673279,0.195315
1859,40.39376297,-34.90824946,140632.46875,0.887624010240653,56223.22965158103,20.303817,0.158857
1859,40.39376297,-34.90824946,140632.46875,0.887624010240653,56269.17464377172,20.464046,0.208422
1859,40.39376297,-34.90824946,140632.46875,0.887624010240653,56271.17614844069,20.552617,0.199271
1859,40.39376297,-34.90824946,140632.46875,0.887624010240653,56273.16926634824,20.759256,0.157875
1859,40.39376297,-34.90824946,140632.46875,0.887624010240653,56277.07336392533,20.164399,0.133415
1859,40.39376297,-34.90824946,140632.46875,0.887624010240653,56277.15655658394,20.371469,0.156592
1859,40.39376297,-34.90824946,140632.46875,0.887624010240653,56510.29522825545,20.613853,0.179524
1859,40.39376297,-34.90824946,140632.46875,0.887624010240653,56514.321590194944,20.759563,0.164754
1859,40.39376297,-34.90824946,140632.46875,0.887624010240653,56514.37921534898,20.748912,0.168688
1859,40.39376297,-34.90824946,140632.46875,0.887624010240653,56516.268934316,20.822381,0.222034
1859,40.39376297,-34.90824946,140632.46875,0.887624010240653,56518.30823852541,20.779684,0.190375
1859,40.39376297,-34.90824946,140632.46875,0.887624010240653,56518.37176598795,20.548242,0.154932
1859,40.39376297,-34.90824946,140632.46875,0.887624010240653,56520.40063832188,20.51305,0.15984
1859,40.39376297,-34.90824946,140632.46875,0.887624010240653,56520.40181882633,20.546124,0.154452
1859,40.39376297,-34.90824946,140632.46875,0.887624010240653,56520.420938367955,20.376534,0.118515
1859,40.39376297,-34.90824946,140632.46875,0.887624010240653,56560.23182802042,20.397253,0.169673
1859,40.39376297,-34.90824946,140632.46875,0.887624010240653,56560.3153293645,20.385451,0.166719
1859,40.39376297,-34.90824946,140632.46875,0.887624010240653,56562.24431998236,20.590356,0.165734
1859,40.39376297,-34.90824946,140632.46875,0.887624010240653,56564.26581528969,20.784641,0.172625
1859,40.39376297,-34.90824946,140632.46875,0.887624010240653,56568.23607806116,20.150556,0.124707
1859,40.39376297,-34.90824946,140632.46875,0.887624010240653,56570.23281716183,20.591093,0.153233
1859,40.39376297,-34.90824946,140632.46875,0.887624010240653,56572.227901310194,20.939314,0.197292
1859,40.39376297,-34.90824946,140632.46875,0.887624010240653,56576.22743313527,20.293442,0.153692
1859,40.39376297,-34.90824946,140632.46875,0.887624010240653,56576.228602037765,20.116377,0.140781
1859,40.39376297,-34.90824946,140632.46875,0.887624010240653,56576.35700770235,20.335141,0.175697
1859,40.39376297,-34.90824946,140632.46875,0.887624010240653,56618.121583038475,20.557359,0.216469
1859,40.39376297,-34.90824946,140632.46875,0.887624010240653,56622.200374288484,20.771934,0.191364
1859,40.39376297,-34.90824946,140632.46875,0.887624010240653,56624.123767526355,20.396915,0.14303
1859,40.39376297,-34.90824946,140632.46875,0.887624010240653,56624.20730584115,20.395028,0.179989
1859,40.39376297,-34.90824946,140632.46875,0.887624010240653,56626.10808784794,20.457937,0.135365
1859,40.39376297,-34.90824946,140632.46875,0.887624010240653,56626.19350124942,20.756494,0.174596
1859,40.39376297,-34.90824946,140632.46875,0.887624010240653,56630.09046634752,21.074388,0.214112
1859,40.39376297,-34.90824946,140632.46875,0.887624010240653,56632.09692723537,20.693339,0.181494
1859,40.39376297,-34.90824946,140632.46875,0.887624010240653,56632.0981193264,20.575377,0.142198
1859,40.39376297,-34.90824946,140632.46875,0.887624010240653,56632.18134580646,20.32914,0.167733
1859,40.39376297,-34.90824946,140632.46875,0.887624010240653,56949.20844314527,20.707612,0.141103
1859,40.39376297,-34.90824946,140632.46875,0.887624010240653,56951.21099659847,20.750723,0.192352
1859,40.39376297,-34.90824946,140632.46875,0.887624010240653,56953.17577605508,20.867887,0.184455
1859,40.39376297,-34.90824946,140632.46875,0.887624010240653,56955.22937070858,20.286766,0.128548
1859,40.39376297,-34.90824946,140632.46875,0.887624010240653,56955.23053961573,20.0686,0.098763
1859,40.39376297,-34.90824946,140632.46875,0.887624010240653,56955.301518872846,20.296511,0.297856
1859,40.39376297,-34.90824946,140632.46875,0.887624010240653,56955.302710925695,20.426751,0.119815
1859,40.39376297,-34.90824946,140632.46875,0.887624010240653,56959.21698947204,20.924489,0.189391
1859,40.39376297,-34.90824946,140632.46875,0.887624010240653,56961.21435468597,20.777413,0.19334
1859,40.39376297,-34.90824946,140632.46875,0.887624010240653,56963.275537574664,20.388919,0.144197
1863,40.46694225,-33.75566811,143218.109375,0.5925250523213305,55484.27631784929,20.812984,0.103253
1863,40.46694225,-33.75566811,143218.109375,0.5925250523213305,55484.3667283277,21.071391,0.154342
1863,40.46694225,-33.75566811,143218.109375,0.5925250523213305,55507.04670065548,20.397409,0.084174
1863,40.46694225,-33.75566811,143218.109375,0.5925250523213305,56213.28583049774,20.055973,0.149049
1863,40.46694225,-33.75566811,143218.109375,0.5925250523213305,56223.321402493864,20.445707,0.167704
1863,40.46694225,-33.75566811,143218.109375,0.5925250523213305,56263.09953513555,20.4568,0.178538
1863,40.46694225,-33.75566811,143218.109375,0.5925250523213305,56265.100561355706,20.776609,0.193342
1863,40.46694225,-33.75566811,143218.109375,0.5925250523213305,56267.17979503097,20.378767,0.129521
1863,40.46694225,-33.75566811,143218.109375,0.5925250523213305,56271.09675516281,20.791772,0.15493
1863,40.46694225,-33.75566811,143218.109375,0.5925250523213305,56273.0879140608,20.853684,0.193342
1863,40.46694225,-33.75566811,143218.109375,0.5925250523213305,56273.172726568766,20.156671,0.195098
1863,40.46694225,-33.75566811,143218.109375,0.5925250523213305,56277.16003438458,20.920465,0.19927
1863,40.46694225,-33.75566811,143218.109375,0.5925250523213305,56279.077747351024,20.159639,0.125634
1863,40.46694225,-33.75566811,143218.109375,0.5925250523213305,56279.16157664172,20.474357,0.155911
1863,40.46694225,-33.75566811,143218.109375,0.5925250523213305,56508.35837958008,20.214832,0.124268
1863,40.46694225,-33.75566811,143218.109375,0.5925250523213305,56518.42677554209,20.313327,0.172276
1863,40.46694225,-33.75566811,143218.109375,0.5925250523213305,56622.11944152042,20.219285,0.150201
1863,40.46694225,-33.75566811,143218.109375,0.5925250523213305,56624.12724932609,20.584072,0.16672
1863,40.46694225,-33.75566811,143218.109375,0.5925250523213305,56626.197014519945,21.101957,0.218072
1863,40.46694225,-33.75566811,143218.109375,0.5925250523213305,56628.09790138202,20.508178,0.138291
1863,40.46694225,-33.75566811,143218.109375,0.5925250523213305,56630.09395045554,20.904568,0.161805
1863,40.46694225,-33.75566811,143218.109375,0.5925250523213305,56632.10160039505,20.894257,0.189389
1863,40.46694225,-33.75566811,143218.109375,0.5925250523213305,56632.18482675031,20.509056,0.153949
1863,40.46694225,-33.75566811,143218.109375,0.5925250523213305,56838.40871892031,20.273808,0.145134
1863,40.46694225,-33.75566811,143218.109375,0.5925250523213305,56838.429124221206,20.463759,0.178538
1863,40.46694225,-33.75566811,143218.109375,0.5925250523213305,56844.35615468165,20.401431,0.178538
1863,40.46694225,-33.75566811,143218.109375,0.5925250523213305,56943.32012288226,20.393036,0.176567
1863,40.46694225,-33.75566811,143218.109375,0.5925250523213305,56949.25949750841,20.406284,0.17361
1863,40.46694225,-33.75566811,143218.109375,0.5925250523213305,56949.3304417897,20.40946,0.130494
1863,40.46694225,-33.75566811,143218.109375,0.5925250523213305,56953.32958388515,20.103138,0.128923
1863,40.46694225,-33.75566811,143218.109375,0.5925250523213305,56953.35965133784,20.319823,0.194329
1863,40.46694225,-33.75566811,143218.109375,0.5925250523213305,56955.2531955787,20.524107,0.13439
1863,40.46694225,-33.75566811,143218.109375,0.5925250523213305,56955.31359671522,20.634748,0.152969
1863,40.46694225,-33.75566811,143218.109375,0.5925250523213305,56959.23966236785,20.651172,0.176258
1863,40.46694225,-33.75566811,143218.109375,0.5925250523213305,56961.23700127844,20.671602,0.18051
1863,40.46694225,-33.75566811,143218.109375,0.5925250523213305,56963.21244543418,20.39369,0.18051
1864,40.46843375,-34.96491751,135579.8125,0.5864522709242936,56562.244321933016,20.696149,0.180433
1864,40.46843375,-34.96491751,135579.8125,0.5864522709242936,56570.232819959056,20.633674,0.209574
1864,40.46843375,-34.96491751,135579.8125,0.5864522709242936,56570.34523130022,20.669101,0.221756
1864,40.46843375,-34.96491751,135579.8125,0.5864522709242936,56572.227904310916,20.96082,0.187539
1864,40.46843375,-34.96491751,135579.8125,0.5864522709242936,56578.29410276003,19.961938,0.152723
1864,40.46843375,-34.96491751,135579.8125,0.5864522709242936,56578.295283236075,20.152056,0.172936
1864,40.46843375,-34.96491751,135579.8125,0.5864522709242936,56618.20453688316,20.185082,0.184851
1864,40.46843375,-34.96491751,135579.8125,0.5864522709242936,56620.20006124908,20.403425,0.180451
1864,40.46843375,-34.96491751,135579.8125,0.5864522709242936,56622.11596288625,20.813258,0.175401
1864,40.46843375,-34.96491751,135579.8125,0.5864522709242936,56624.12258184049,20.652759,0.203329
1864,40.46843375,-34.96491751,135579.8125,0.5864522709242936,56624.12377392175,20.501742,0.187273
1864,40.46843375,-34.96491751,135579.8125,0.5864522709242936,56624.20731223794,20.604617,0.190322
1864,40.46843375,-34.96491751,135579.8125,0.5864522709242936,56626.10809428152,20.734148,0.179103
1864,40.46843375,-34.96491751,135579.8125,0.5864522709242936,56626.193507684395,20.675152,0.184562
1864,40.46843375,-34.96491751,135579.8125,0.5864522709242936,56628.09324016282,20.300991,0.116284
1864,40.46843375,-34.96491751,135579.8125,0.5864522709242936,56628.178781040944,20.438288,0.176913
1864,40.46843375,-34.96491751,135579.8125,0.5864522709242936,56628.179949980695,20.177291,0.148422
1864,40.46843375,-34.96491751,135579.8125,0.5864522709242936,56632.09812583029,20.677994,0.192763
1864,40.46843375,-34.96491751,135579.8125,0.5864522709242936,56943.19675360108,20.294057,0.18392
1864,40.46843375,-34.96491751,135579.8125,0.5864522709242936,56951.21216979064,20.936296,0.167699
1864,40.46843375,-34.96491751,135579.8125,0.5864522709242936,56951.29466439877,20.222469,0.14575
1864,40.46843375,-34.96491751,135579.8125,0.5864522709242936,56951.29817111418,19.94197,0.134248
1864,40.46843375,-34.96491751,135579.8125,0.5864522709242936,56953.17461160198,20.668219,0.243257
1864,40.46843375,-34.96491751,135579.8125,0.5864522709242936,56953.17578050727,20.458598,0.165038
1864,40.46843375,-34.96491751,135579.8125,0.5864522709242936,56953.25914317183,20.707786,0.189555
1864,40.46843375,-34.96491751,135579.8125,0.5864522709242936,56955.23054423556,20.632351,0.17019
1864,40.46843375,-34.96491751,135579.8125,0.5864522709242936,56955.30152349826,20.670669,0.302429
1864,40.46843375,-34.96491751,135579.8125,0.5864522709242936,56959.21699439874,20.906431,0.173936
1864,40.46843375,-34.96491751,135579.8125,0.5864522709242936,56961.21317927446,20.176164,0.186372
1864,40.46843375,-34.96491751,135579.8125,0.5864522709242936,56961.214359757956,20.515095,0.195188
1864,40.46843375,-34.96491751,135579.8125,0.5864522709242936,56963.275542789605,20.705238,0.195064
1864,40.46843375,-34.96491751,135579.8125,0.5864522709242936,57307.22631538892,19.847572,0.176948
1864,40.46843375,-34.96491751,135579.8125,0.5864522709242936,57313.184029824566,20.391885,0.193141
1864,40.46843375,-34.96491751,135579.8125,0.5864522709242936,57360.16063860571,20.491575,0.190245
1864,40.46843375,-34.96491751,135579.8125,0.5864522709242936,57362.15977242589,20.676157,0.224117
1864,40.46843375,-34.96491751,135579.8125,0.5864522709242936,57364.076875791885,20.435323,0.217999
1865,40.47095229,-34.9823189,140870.203125,0.833838720909038,56520.422103269026,20.114446,0.156401
1865,40.47095229,-34.9823189,140870.203125,0.833838720909038,56562.244321149774,20.458517,0.14807
1865,40.47095229,-34.9823189,140870.203125,0.833838720909038,56572.22672325978,20.051021,0.150434
1865,40.47095229,-34.9823189,140870.203125,0.833838720909038,56572.22790373489,20.382085,0.130062
1865,40.47095229,-34.9823189,140870.203125,0.833838720909038,56576.22743604379,20.713101,0.188882
1865,40.47095229,-34.9823189,140870.203125,0.833838720909038,56576.22860494675,20.568802,0.135652
1865,40.47095229,-34.9823189,140870.203125,0.833838720909038,56576.3570106267,20.188841,0.162794
1865,40.47095229,-34.9823189,140870.203125,0.833838720909038,56576.35817952966,20.444982,0.174105
1865,40.47095229,-34.9823189,140870.203125,0.833838720909038,56578.20982557768,20.559404,0.184455
1865,40.47095229,-34.9823189,140870.203125,0.833838720909038,56618.120420837775,20.50621,0.170656
1865,40.47095229,-34.9823189,140870.203125,0.833838720909038,56618.121589765884,20.333205,0.18773
1865,40.47095229,-34.9823189,140870.203125,0.833838720909038,56622.11596346833,20.224587,0.152273
1865,40.47095229,-34.9823189,140870.203125,0.833838720909038,56624.123774547596,20.671662,0.146111
1865,40.47095229,-34.9823189,140870.203125,0.833838720909038,56624.20731286565,20.705388,0.17558
1865,40.47095229,-34.9823189,140870.203125,0.833838720909038,56626.10691443877,20.765702,0.195017
1865,40.47095229,-34.9823189,140870.203125,0.833838720909038,56626.193508354016,20.753065,0.172626
1865,40.47095229,-34.9823189,140870.203125,0.833838720909038,56628.17878175201,20.501159,0.174596
1865,40.47095229,-34.9823189,140870.203125,0.833838720909038,56628.179950691294,20.745063,0.183504
1865,40.47095229,-34.9823189,140870.203125,0.833838720909038,56632.09693452902,20.603121,0.168688
1865,40.47095229,-34.9823189,140870.203125,0.833838720909038,56632.098126620054,20.646837,0.150029
1865,40.47095229,-34.9823189,140870.203125,0.833838720909038,56632.18018415896,20.300987,0.203213
1865,40.47095229,-34.9823189,140870.203125,0.833838720909038,56632.18135310244,20.393728,0.167484
1865,40.47095229,-34.9823189,140870.203125,0.833838720909038,56638.16881765146,20.479605,0.212403
1865,40.47095229,-34.9823189,140870.203125,0.833838720909038,56943.196753151715,19.996496,0.170939
1865,40.47095229,-34.9823189,140870.203125,0.833838720909038,56951.294664137065,20.783904,0.161804
1865,40.47095229,-34.9823189,140870.203125,0.833838720909038,56953.25797405047,20.192466,0.189821
1865,40.47095229,-34.9823189,140870.203125,0.833838720909038,56953.25914295623,20.226576,0.15775
1865,40.47095229,-34.9823189,140870.203125,0.833838720909038,56955.23054406652,21.027456,0.17164
1865,40.47095229,-34.9823189,140870.203125,0.833838720909038,56955.3027153844,20.939943,0.183467
1865,40.47095229,-34.9823189,140870.203125,0.833838720909038,56959.21582541615,20.782204,0.225495
1865,40.47095229,-34.9823189,140870.203125,0.833838720909038,56959.216994325165,20.559148,0.139268
1865,40.47095229,-34.9823189,140870.203125,0.833838720909038,56963.19099927554,19.976498,0.230237
1865,40.47095229,-34.9823189,140870.203125,0.833838720909038,56963.192168186884,20.04552,0.133417
1865,40.47095229,-34.9823189,140870.203125,0.833838720909038,56963.27436232846,20.556502,0.180508
1865,40.47095229,-34.9823189,140870.203125,0.833838720909038,56963.27554281335,20.497631,0.151008
1865,40.47095229,-34.9823189,140870.203125,0.833838720909038,57311.21626687748,20.698572,0.195317
1868,40.5834051,-34.9045489,134033.234375,0.5842219432131242,55507.031266604085,20.138148,0.119123
1868,40.5834051,-34.9045489,134033.234375,0.5842219432131242,55507.17055261368,20.618337,0.081242
1868,40.5834051,-34.9045489,134033.234375,0.5842219432131242,55507.25892719161,20.869373,0.11228
1868,40.5834051,-34.9045489,134033.234375,0.5842219432131242,56189.35871669743,20.028639,0.161378
1868,40.5834051,-34.9045489,134033.234375,0.5842219432131242,56189.38217581203,20.241336,0.158858
1868,40.5834051,-34.9045489,134033.234375,0.5842219432131242,56508.35082536284,20.208681,0.1315
1868,40.5834051,-34.9045489,134033.234375,0.5842219432131242,56514.429922821466,20.50507,0.166721
1868,40.5834051,-34.9045489,134033.234375,0.5842219432131242,56518.37293927744,20.22975,0.191167
1868,40.5834051,-34.9045489,134033.234375,0.5842219432131242,56520.42211216595,20.903263,0.205203
1868,40.5834051,-34.9045489,134033.234375,0.5842219432131242,56560.314161673654,20.334131,0.202938
1868,40.5834051,-34.9045489,134033.234375,0.5842219432131242,56572.226734906435,20.717943,0.168689
1868,40.5834051,-34.9045489,134033.234375,0.5842219432131242,56576.22744750045,20.482943,0.155615
1868,40.5834051,-34.9045489,134033.234375,0.5842219432131242,56578.20866801683,20.491218,0.220775
1868,40.5834051,-34.9045489,134033.234375,0.5842219432131242,56618.20335169975,20.387692,0.227961
1868,40.5834051,-34.9045489,134033.234375,0.5842219432131242,56624.12258779537,20.539339,0.14807
1868,40.5834051,-34.9045489,134033.234375,0.5842219432131242,56626.106919397134,20.672577,0.16377
1868,40.5834051,-34.9045489,134033.234375,0.5842219432131242,56628.0932454532,20.137999,0.130494
1868,40.5834051,-34.9045489,134033.234375,0.5842219432131242,56628.17878631735,20.37247,0.156895
1868,40.5834051,-34.9045489,134033.234375,0.5842219432131242,56632.18018794898,20.555565,0.189389
1868,40.5834051,-34.9045489,134033.234375,0.5842219432131242,56638.08463264303,20.144579,0.188748
1868,40.5834051,-34.9045489,134033.234375,0.5842219432131242,56943.19676450919,20.484612,0.197292
1868,40.5834051,-34.9045489,134033.234375,0.5842219432131242,56949.20728897257,20.917725,0.224017
1868,40.5834051,-34.9045489,134033.234375,0.5842219432131242,56951.29818160366,20.360437,0.19385
1868,40.5834051,-34.9045489,134033.234375,0.5842219432131242,56955.301533702295,20.260817,0.139929
1868,40.5834051,-34.9045489,134033.234375,0.5842219432131242,56961.21318896487,20.246776,0.169321
1868,40.5834051,-34.9045489,134033.234375,0.5842219432131242,57311.21627805382,20.6821,0.201247
1868,40.5834051,-34.9045489,134033.234375,0.5842219432131242,57329.195825032424,20.176542,0.154932
1868,40.5834051,-34.9045489,134033.234375,0.5842219432131242,57339.129394003656,20.343628,0.166721
1868,40.5834051,-34.9045489,134033.234375,0.5842219432131242,57346.06199434074,20.571845,0.202237
1868,40.5834051,-34.9045489,134033.234375,0.5842219432131242,57346.144941761624,20.362445,0.196305
1868,40.5834051,-34.9045489,134033.234375,0.5842219432131242,57360.16064363066,20.174303,0.140891
1868,40.5834051,-34.9045489,134033.234375,0.5842219432131242,57362.15977710206,20.846568,0.196305
1868,40.5834051,-34.9045489,134033.234375,0.5842219432131242,57364.07688012859,20.45973,0.168689
1876,40.84831265,-33.66342086,136095.234375,0.4387218749631389,56217.33812085772,20.489539,0.169671
1876,40.84831265,-33.66342086,136095.234375,0.4387218749631389,56219.25182234775,20.745731,0.207182
1876,40.84831265,-33.66342086,136095.234375,0.4387218749631389,56221.24673470948,20.426133,0.145131
1876,40.84831265,-33.66342086,136095.234375,0.4387218749631389,56265.10058186017,20.465577,0.172286
1876,40.84831265,-33.66342086,136095.234375,0.4387218749631389,56267.09668085631,20.780001,0.227936
1876,40.84831265,-33.66342086,136095.234375,0.4387218749631389,56267.179814603645,20.25445,0.175766
1876,40.84831265,-33.66342086,136095.234375,0.4387218749631389,56273.08793085441,20.906308,0.218071
1876,40.84831265,-33.66342086,136095.234375,0.4387218749631389,56277.07684508478,20.752674,0.21015
1876,40.84831265,-33.66342086,136095.234375,0.4387218749631389,56277.16004916141,20.812152,0.189388
1876,40.84831265,-33.66342086,136095.234375,0.4387218749631389,56279.07776115276,20.433173,0.15984
1876,40.84831265,-33.66342086,136095.234375,0.4387218749631389,56279.16159040015,20.157765,0.164146
1876,40.84831265,-33.66342086,136095.234375,0.4387218749631389,56508.35838972451,20.860407,0.191365
1876,40.84831265,-33.66342086,136095.234375,0.4387218749631389,56508.43047085963,20.63938,0.193359
1876,40.84831265,-33.66342086,136095.234375,0.4387218749631389,56516.42498439783,20.162277,0.140246
1876,40.84831265,-33.66342086,136095.234375,0.4387218749631389,56552.38604081981,20.392524,0.199143
1876,40.84831265,-33.66342086,136095.234375,0.4387218749631389,56570.28420051187,20.798887,0.171168
1876,40.84831265,-33.66342086,136095.234375,0.4387218749631389,56570.33928928943,20.362318,0.131467
1876,40.84831265,-33.66342086,136095.234375,0.4387218749631389,56572.256772224326,20.541723,0.152968
1876,40.84831265,-33.66342086,136095.234375,0.4387218749631389,56576.26882115938,20.561094,0.14807
1876,40.84831265,-33.66342086,136095.234375,0.4387218749631389,56578.31928177038,20.332677,0.179523
1876,40.84831265,-33.66342086,136095.234375,0.4387218749631389,56618.20807043277,20.253497,0.191216
1876,40.84831265,-33.66342086,136095.234375,0.4387218749631389,56622.11946544284,20.094067,0.158039
1876,40.84831265,-33.66342086,136095.234375,0.4387218749631389,56622.20388302673,20.099144,0.183738
1876,40.84831265,-33.66342086,136095.234375,0.4387218749631389,56626.11162357265,20.01197,0.168025
1876,40.84831265,-33.66342086,136095.234375,0.4387218749631389,56626.1970368051,20.485124,0.158605
1876,40.84831265,-33.66342086,136095.234375,0.4387218749631389,56628.09792286623,20.85959,0.198281
1876,40.84831265,-33.66342086,136095.234375,0.4387218749631389,56630.09397107363,20.270632,0.159526
1876,40.84831265,-33.66342086,136095.234375,0.4387218749631389,56632.1016201172,20.755028,0.175581
1876,40.84831265,-33.66342086,136095.234375,0.4387218749631389,56636.17702144431,20.347634,0.260539
1876,40.84831265,-33.66342086,136095.234375,0.4387218749631389,56943.32015553303,20.276428,0.146111
1876,40.84831265,-33.66342086,136095.234375,0.4387218749631389,56951.32999254111,20.640566,0.16672
1876,40.84831265,-33.66342086,136095.234375,0.4387218749631389,56955.25322766835,20.492417,0.155496
1876,40.84831265,-33.66342086,136095.234375,0.4387218749631389,56955.313628798816,20.684464,0.157874
1876,40.84831265,-33.66342086,136095.234375,0.4387218749631389,56959.23969395459,20.793888,0.19927
1876,40.84831265,-33.66342086,136095.234375,0.4387218749631389,57362.170605310705,20.832652,0.195317
1876,40.84831265,-33.66342086,136095.234375,0.4387218749631389,57364.088040574454,20.385055,0.226076
1879,40.89549247,-33.88983004,131858.4375,0.6460557079761365,56211.36359450221,20.604606,0.181495
1879,40.89549247,-33.88983004,131858.4375,0.6460557079761365,56217.3381174081,19.95655,0.104403
1879,40.89549247,-33.88983004,131858.4375,0.6460557079761365,56221.31148507586,20.283835,0.14707
1879,40.89549247,-33.88983004,131858.4375,0.6460557079761365,56267.17982552387,20.382196,0.139268
1879,40.89549247,-33.88983004,131858.4375,0.6460557079761365,56269.09421888739,20.38311,0.169672
1879,40.89549247,-33.88983004,131858.4375,0.6460557079761365,56271.09678475093,20.506627,0.138293
1879,40.89549247,-33.88983004,131858.4375,0.6460557079761365,56271.179675817024,20.839593,0.200258
1879,40.89549247,-33.88983004,131858.4375,0.6460557079761365,56273.08794313716,20.667029,0.196305
1879,40.89549247,-33.88983004,131858.4375,0.6460557079761365,56273.17275562277,20.715911,0.182482
1879,40.89549247,-33.88983004,131858.4375,0.6460557079761365,56508.35837244894,20.870929,0.207183
1879,40.89549247,-33.88983004,131858.4375,0.6460557079761365,56508.430453584995,20.591978,0.18051
1879,40.89549247,-33.88983004,131858.4375,0.6460557079761365,56516.42496743705,20.172813,0.152969
1879,40.89549247,-33.88983004,131858.4375,0.6460557079761365,56560.34655274358,20.041287,0.203181
1879,40.89549247,-33.88983004,131858.4375,0.6460557079761365,56568.271751204506,20.365581,0.140452
1879,40.89549247,-33.88983004,131858.4375,0.6460557079761365,56570.28419347899,20.379654,0.126604
1879,40.89549247,-33.88983004,131858.4375,0.6460557079761365,56570.33928227192,20.532197,0.149049
1879,40.89549247,-33.88983004,131858.4375,0.6460557079761365,56572.25676574698,20.605503,0.172626
1879,40.89549247,-33.88983004,131858.4375,0.6460557079761365,56576.2688158364,20.795946,0.189389
1879,40.89549247,-33.88983004,131858.4375,0.6460557079761365,56622.11947372137,20.920941,0.200258
1879,40.89549247,-33.88983004,131858.4375,0.6460557079761365,56626.11163290916,20.568551,0.151989
1879,40.89549247,-33.88983004,131858.4375,0.6460557079761365,56626.19704616396,20.36603,0.133415
1879,40.89549247,-33.88983004,131858.4375,0.6460557079761365,56630.09398142109,20.300217,0.116998
1879,40.89549247,-33.88983004,131858.4375,0.6460557079761365,56632.1016309564,20.175089,0.149702
1879,40.89549247,-33.88983004,131858.4375,0.6460557079761365,56632.18485729396,20.438887,0.17984
1879,40.89549247,-33.88983004,131858.4375,0.6460557079761365,56636.093632951844,20.355562,0.17558
1879,40.89549247,-33.88983004,131858.4375,0.6460557079761365,56949.330471332185,20.072009,0.141866
1879,40.89549247,-33.88983004,131858.4375,0.6460557079761365,56951.329990141094,20.337701,0.146915
1879,40.89549247,-33.88983004,131858.4375,0.6460557079761365,56953.2842354211,20.54544,0.178449
1879,40.89549247,-33.88983004,131858.4375,0.6460557079761365,56953.3296143692,20.549726,0.17558
1879,40.89549247,-33.88983004,131858.4375,0.6460557079761365,56955.25322646182,20.327582,0.136437
1879,40.89549247,-33.88983004,131858.4375,0.6460557079761365,56955.31362761045,20.714116,0.17558
1879,40.89549247,-33.88983004,131858.4375,0.6460557079761365,57346.15702091204,20.138187,0.203226
1879,40.89549247,-33.88983004,131858.4375,0.6460557079761365,57360.171450936235,20.062239,0.178922
1879,40.89549247,-33.88983004,131858.4375,0.6460557079761365,57362.086429135874,20.170038,0.152391
1879,40.89549247,-33.88983004,131858.4375,0.6460557079761365,57362.170616042335,20.080017,0.116704
1879,40.89549247,-33.88983004,131858.4375,0.6460557079761365,57364.08805176616,20.124812,0.159906
1888,41.03155169,-33.94826985,133146.734375,0.7113113030695228,56211.33847696334,20.147744,0.151478
1888,41.03155169,-33.94826985,133146.734375,0.7113113030695228,56211.363602554426,20.261389,0.14053
1888,41.03155169,-33.94826985,133146.734375,0.7113113030695228,56221.246741564944,19.978025,0.16611
1888,41.03155169,-33.94826985,133146.734375,0.7113113030695228,56221.31149420841,20.214399,0.139384
1888,41.03155169,-33.94826985,133146.734375,0.7113113030695228,56267.17983579775,20.840227,0.208172
1888,41.03155169,-33.94826985,133146.734375,0.7113113030695228,56271.09679481713,20.185667,0.117661
1888,41.03155169,-33.94826985,133146.734375,0.7113113030695228,56271.17968587857,20.22359,0.128466
1888,41.03155169,-33.94826985,133146.734375,0.7113113030695228,56273.08795308089,20.29959,0.141222
1888,41.03155169,-33.94826985,133146.734375,0.7113113030695228,56273.172765560914,20.144701,0.128598
1888,41.03155169,-33.94826985,133146.734375,0.7113113030695228,56283.06555626681,20.204389,0.234566
1888,41.03155169,-33.94826985,133146.734375,0.7113113030695228,56516.42496533133,20.104569,0.150718
1888,41.03155169,-33.94826985,133146.734375,0.7113113030695228,56570.284200711176,20.84259,0.187416
1888,41.03155169,-33.94826985,133146.734375,0.7113113030695228,56570.33928951202,20.828039,0.197293
1888,41.03155169,-33.94826985,133146.734375,0.7113113030695228,56576.26882384438,20.535592,0.155913
1888,41.03155169,-33.94826985,133146.734375,0.7113113030695228,56618.125140796416,20.301768,0.200577
1888,41.03155169,-33.94826985,133146.734375,0.7113113030695228,56618.208088264335,20.325819,0.194836
1888,41.03155169,-33.94826985,133146.734375,0.7113113030695228,56626.1128123533,20.371002,0.141533
1888,41.03155169,-33.94826985,133146.734375,0.7113113030695228,56626.19705667067,20.165014,0.132867
1888,41.03155169,-33.94826985,133146.734375,0.7113113030695228,56628.0991352452,20.526633,0.16377
1888,41.03155169,-33.94826985,133146.734375,0.7113113030695228,56630.09399179602,20.813472,0.164754
1888,41.03155169,-33.94826985,133146.734375,0.7113113030695228,56630.09517230932,20.771162,0.146111
1888,41.03155169,-33.94826985,133146.734375,0.7113113030695228,56943.22673942661,20.048109,0.156894
1888,41.03155169,-33.94826985,133146.734375,0.7113113030695228,56949.330480218865,20.748393,0.202235
1888,41.03155169,-33.94826985,133146.734375,0.7113113030695228,56951.32999922568,20.459808,0.158562
1888,41.03155169,-33.94826985,133146.734375,0.7113113030695228,56953.28424468916,20.516376,0.175101
1888,41.03155169,-33.94826985,133146.734375,0.7113113030695228,56953.285425167065,20.418379,0.181495
1888,41.03155169,-33.94826985,133146.734375,0.7113113030695228,56953.32962364098,20.546158,0.179523
1888,41.03155169,-33.94826985,133146.734375,0.7113113030695228,56955.2532359031,20.525614,0.152969
1888,41.03155169,-33.94826985,133146.734375,0.7113113030695228,56955.254404808395,20.29925,0.16328
1888,41.03155169,-33.94826985,133146.734375,0.7113113030695228,56955.31363705732,19.983571,0.122195
1888,41.03155169,-33.94826985,133146.734375,0.7113113030695228,56955.31481753569,20.194518,0.116914
1888,41.03155169,-33.94826985,133146.734375,0.7113113030695228,56963.212487618905,20.265699,0.184487
1888,41.03155169,-33.94826985,133146.734375,0.7113113030695228,57283.33515994158,20.705465,0.235913
1888,41.03155169,-33.94826985,133146.734375,0.7113113030695228,57303.25882265717,20.421623,0.178538
1888,41.03155169,-33.94826985,133146.734375,0.7113113030695228,57362.086439448874,20.579632,0.185386
1888,41.03155169,-33.94826985,133146.734375,0.7113113030695228,57362.17062635161,20.062692,0.131101
1924,41.82796803,-34.81125387,136866.078125,0.4579091138689404,56179.38407306606,20.351669,0.196305
1924,41.82796803,-34.81125387,136866.078125,0.4579091138689404,56185.27357267123,20.367101,0.152969
1924,41.82796803,-34.81125387,136866.078125,0.4579091138689404,56185.36253699288,20.660651,0.174595
1924,41.82796803,-34.81125387,136866.078125,0.4579091138689404,56215.220395819284,20.818903,0.208171
1924,41.82796803,-34.81125387,136866.078125,0.4579091138689404,56263.0949436049,20.146392,0.162788
1924,41.82796803,-34.81125387,136866.078125,0.4579091138689404,56265.095912433695,20.160112,0.143175
1924,41.82796803,-34.81125387,136866.078125,0.4579091138689404,56273.08333506901,20.793396,0.193341
1924,41.82796803,-34.81125387,136866.078125,0.4579091138689404,56273.168159144,20.277444,0.19641
1924,41.82796803,-34.81125387,136866.078125,0.4579091138689404,56508.35084136436,20.84738,0.181494
1924,41.82796803,-34.81125387,136866.078125,0.4579091138689404,56514.32045079861,20.712102,0.167702
1924,41.82796803,-34.81125387,136866.078125,0.4579091138689404,56514.42994921608,20.880904,0.194328
1924,41.82796803,-34.81125387,136866.078125,0.4579091138689404,56518.37297225697,20.733054,0.161803
1924,41.82796803,-34.81125387,136866.078125,0.4579091138689404,56520.42214850662,20.374516,0.117879
1924,41.82796803,-34.81125387,136866.078125,0.4579091138689404,56560.3142490522,19.809408,0.140244
1924,41.82796803,-34.81125387,136866.078125,0.4579091138689404,56562.243241454475,20.793396,0.181494
1924,41.82796803,-34.81125387,136866.078125,0.4579091138689404,56564.26473850338,20.647824,0.158856
1924,41.82796803,-34.81125387,136866.078125,0.4579091138689404,56572.22683007782,20.577844,0.13634
1924,41.82796803,-34.81125387,136866.078125,0.4579091138689404,56572.36516565457,20.776106,0.192351
1924,41.82796803,-34.81125387,136866.078125,0.4579091138689404,56576.2275443594,21.00341,0.176567
1924,41.82796803,-34.81125387,136866.078125,0.4579091138689404,56576.358287884854,20.114472,0.154903
1924,41.82796803,-34.81125387,136866.078125,0.4579091138689404,56578.20876553375,19.868384,0.120783
1924,41.82796803,-34.81125387,136866.078125,0.4579091138689404,56578.294211197644,20.496294,0.15199
1924,41.82796803,-34.81125387,136866.078125,0.4579091138689404,56624.12266789144,20.560681,0.141222
1924,41.82796803,-34.81125387,136866.078125,0.4579091138689404,56626.10699743917,20.798225,0.148069
1924,41.82796803,-34.81125387,136866.078125,0.4579091138689404,56626.19242231082,20.581123,0.162465
1924,41.82796803,-34.81125387,136866.078125,0.4579091138689404,56628.178862116765,20.614191,0.189761
1924,41.82796803,-34.81125387,136866.078125,0.4579091138689404,56632.09700963413,20.661142,0.15984
1924,41.82796803,-34.81125387,136866.078125,0.4579091138689404,56632.18025914859,19.975732,0.099622
1924,41.82796803,-34.81125387,136866.078125,0.4579091138689404,56949.20738772489,20.629295,0.217808
1924,41.82796803,-34.81125387,136866.078125,0.4579091138689404,56951.21111032786,20.66854,0.169671
1924,41.82796803,-34.81125387,136866.078125,0.4579091138689404,56951.29828055622,20.82109,0.172625
1924,41.82796803,-34.81125387,136866.078125,0.4579091138689404,56953.174720982555,19.847395,0.094868
1924,41.82796803,-34.81125387,136866.078125,0.4579091138689404,56953.25808364153,20.509776,0.152969
1924,41.82796803,-34.81125387,136866.078125,0.4579091138689404,56955.22948450595,20.802397,0.179524
1924,41.82796803,-34.81125387,136866.078125,0.4579091138689404,56955.30163266603,20.811106,0.238658
1924,41.82796803,-34.81125387,136866.078125,0.4579091138689404,56959.21593386959,20.776744,0.157876
1924,41.82796803,-34.81125387,136866.078125,0.4579091138689404,56961.21328705596,20.872632,0.182482
1924,41.82796803,-34.81125387,136866.078125,0.4579091138689404,56963.27446933091,20.324395,0.139268
1924,41.82796803,-34.81125387,136866.078125,0.4579091138689404,57346.060913280584,20.421395,0.207183
1924,41.82796803,-34.81125387,136866.078125,0.4579091138689404,57362.074469915126,20.283165,0.1092
1924,41.82796803,-34.81125387,136866.078125,0.4579091138689404,57362.158679998945,20.564799,0.120783
1924,41.82796803,-34.81125387,136866.078125,0.4579091138689404,57364.07576914504,20.785562,0.200258
1955,42.84792045,-30.06190395,132148.109375,0.4966841167005789,55484.27918300312,19.937859,0.100523
1955,42.84792045,-30.06190395,132148.109375,0.4966841167005789,56215.2741479855,20.359941,0.161803
1955,42.84792045,-30.06190395,132148.109375,0.4966841167005789,56215.32857692987,20.66433,0.172626
1955,42.84792045,-30.06190395,132148.109375,0.4966841167005789,56221.31291660061,20.142646,0.14905
1955,42.84792045,-30.06190395,132148.109375,0.4966841167005789,56223.269490993116,20.529324,0.160821
1955,42.84792045,-30.06190395,132148.109375,0.4966841167005789,56242.18542847829,20.338936,0.14905
1955,42.84792045,-30.06190395,132148.109375,0.4966841167005789,56244.1988012013,20.173891,0.153951
1955,42.84792045,-30.06190395,132148.109375,0.4966841167005789,56246.19845071621,19.8339,0.110161
1955,42.84792045,-30.06190395,132148.109375,0.4966841167005789,56252.169270735234,20.190323,0.131468
1955,42.84792045,-30.06190395,132148.109375,0.4966841167005789,56263.10076840781,20.311939,0.154931
1955,42.84792045,-30.06190395,132148.109375,0.4966841167005789,56265.185388908256,20.446333,0.144156
1955,42.84792045,-30.06190395,132148.109375,0.4966841167005789,56267.09785633208,20.525328,0.161803
1955,42.84792045,-30.06190395,132148.109375,0.4966841167005789,56269.09537055297,20.431034,0.155912
1955,42.84792045,-30.06190395,132148.109375,0.4966841167005789,56269.17932568351,20.464332,0.153951
1955,42.84792045,-30.06190395,132148.109375,0.4966841167005789,56273.08908064617,20.375329,0.11498
1955,42.84792045,-30.06190395,132148.109375,0.4966841167005789,56273.17389258696,20.509724,0.127576
1955,42.84792045,-30.06190395,132148.109375,0.4966841167005789,56277.161220095586,20.391096,0.131572
1955,42.84792045,-30.06190395,132148.109375,0.4966841167005789,56279.078874036204,20.121893,0.159839
1955,42.84792045,-30.06190395,132148.109375,0.4966841167005789,56508.40050297463,20.487334,0.14709
1955,42.84792045,-30.06190395,132148.109375,0.4966841167005789,56552.38757276535,20.507114,0.216562
1955,42.84792045,-30.06190395,132148.109375,0.4966841167005789,56568.27330914512,20.838033,0.162788
1955,42.84792045,-30.06190395,132148.109375,0.4966841167005789,56570.338438415434,20.491887,0.143175
1955,42.84792045,-30.06190395,132148.109375,0.4966841167005789,56572.2582536065,20.60031,0.13678
1955,42.84792045,-30.06190395,132148.109375,0.4966841167005789,56572.32411690429,20.658499,0.164753
1955,42.84792045,-30.06190395,132148.109375,0.4966841167005789,56576.270289811306,20.487388,0.160593
1955,42.84792045,-30.06190395,132148.109375,0.4966841167005789,56576.3277277844,20.623546,0.154931
1955,42.84792045,-30.06190395,132148.109375,0.4966841167005789,56578.237670635805,20.808894,0.182482
1955,42.84792045,-30.06190395,132148.109375,0.4966841167005789,56578.31067461707,20.330729,0.145134
1955,42.84792045,-30.06190395,132148.109375,0.4966841167005789,56618.12639749469,20.541887,0.179522
1955,42.84792045,-30.06190395,132148.109375,0.4966841167005789,56620.20605639182,20.304883,0.131468
1955,42.84792045,-30.06190395,132148.109375,0.4966841167005789,56624.128568310756,20.612477,0.13634
1955,42.84792045,-30.06190395,132148.109375,0.4966841167005789,56624.21205965243,20.138578,0.132441
1955,42.84792045,-30.06190395,132148.109375,0.4966841167005789,56626.11283775885,20.390214,0.135559
1955,42.84792045,-30.06190395,132148.109375,0.4966841167005789,56626.198262037244,20.583787,0.13634
1955,42.84792045,-30.06190395,132148.109375,0.4966841167005789,56628.099147908855,20.199755,0.11788
1955,42.84792045,-30.06190395,132148.109375,0.4966841167005789,56628.184676513076,20.341114,0.176102
1955,42.84792045,-30.06190395,132148.109375,0.4966841167005789,56632.10280871671,20.451697,0.11498
1955,42.84792045,-30.06190395,132148.109375,0.4966841167005789,56632.186092384625,20.283951,0.125634
1955,42.84792045,-30.06190395,132148.109375,0.4966841167005789,56636.09478494432,20.150889,0.134388
1955,42.84792045,-30.06190395,132148.109375,0.4966841167005789,56636.17817312153,20.337893,0.151008
1955,42.84792045,-30.06190395,132148.109375,0.4966841167005789,56951.26017896924,20.882885,0.165736
1955,42.84792045,-30.06190395,132148.109375,0.4966841167005789,56951.3184850011,20.542337,0.190376
1955,42.84792045,-30.06190395,132148.109375,0.4966841167005789,56953.33105049189,20.437946,0.173611
1955,42.84792045,-30.06190395,132148.109375,0.4966841167005789,56955.315054292325,20.808228,0.160821
1955,42.84792045,-30.06190395,132148.109375,0.4966841167005789,56959.24108952843,20.705349,0.231526
1955,42.84792045,-30.06190395,132148.109375,0.4966841167005789,56961.23841838073,20.675885,0.205205
1955,42.84792045,-30.06190395,132148.109375,0.4966841167005789,57362.08759875316,21.013428,0.190376
1955,42.84792045,-30.06190395,132148.109375,0.4966841167005789,57362.171854557004,20.574338,0.165736
1997,44.33180668,-34.71206652,120858.335938,0.4001895693768646,55484.276579093654,20.396776,0.170852
1997,44.33180668,-34.71206652,120858.335938,0.4001895693768646,55510.10591709567,20.480885,0.130687
1997,44.33180668,-34.71206652,120858.335938,0.4001895693768646,55510.19206962921,20.581848,0.167168
1997,44.33180668,-34.71206652,120858.335938,0.4001895693768646,56215.22293916624,20.378938,0.056404
1997,44.33180668,-34.71206652,120858.335938,0.4001895693768646,56246.20213867305,20.778338,0.139271
1997,44.33180668,-34.71206652,120858.335938,0.4001895693768646,56248.09651870513,20.616158,0.033538
1997,44.33180668,-34.71206652,120858.335938,0.4001895693768646,56265.10553500475,20.213507,0.033538
1997,44.33180668,-34.71206652,120858.335938,0.4001895693768646,56267.101700349245,20.493095,0.033538
1997,44.33180668,-34.71206652,120858.335938,0.4001895693768646,56271.18466463778,19.963093,0.033538
1997,44.33180668,-34.71206652,120858.335938,0.4001895693768646,56273.09288143879,20.268796,0.097705
1997,44.33180668,-34.71206652,120858.335938,0.4001895693768646,56273.17769373115,19.862785,0.107937
1997,44.33180668,-34.71206652,120858.335938,0.4001895693768646,56277.08177533606,20.549942,0.086295
1997,44.33180668,-34.71206652,120858.335938,0.4001895693768646,56277.165048661176,20.165511,0.137476
1997,44.33180668,-34.71206652,120858.335938,0.4001895693768646,56514.322839787696,20.38615,0.033538
1997,44.33180668,-34.71206652,120858.335938,0.4001895693768646,56518.41721378546,20.59791,0.193759
1997,44.33180668,-34.71206652,120858.335938,0.4001895693768646,56564.267274399754,20.529427,0.081095
1997,44.33180668,-34.71206652,120858.335938,0.4001895693768646,56568.23754625674,20.303707,0.105354
1997,44.33180668,-34.71206652,120858.335938,0.4001895693768646,56570.312872159295,20.445291,0.225171
1997,44.33180668,-34.71206652,120858.335938,0.4001895693768646,56572.2293772134,20.312585,0.154123
1997,44.33180668,-34.71206652,120858.335938,0.4001895693768646,56572.30945292581,20.732145,0.18677
1997,44.33180668,-34.71206652,120858.335938,0.4001895693768646,56576.23007262172,20.477115,0.172924
1997,44.33180668,-34.71206652,120858.335938,0.4001895693768646,56576.30774108507,20.4678,0.12682
1997,44.33180668,-34.71206652,120858.335938,0.4001895693768646,56578.296764445025,20.544478,0.129404
1997,44.33180668,-34.71206652,120858.335938,0.4001895693768646,56951.2973085572,20.629489,0.148283
1997,44.33180668,-34.71206652,120858.335938,0.4001895693768646,56953.26063052425,20.697808,0.037022
1997,44.33180668,-34.71206652,120858.335938,0.4001895693768646,56955.35468595149,20.41527,0.173273
1997,44.33180668,-34.71206652,120858.335938,0.4001895693768646,56959.21846954618,20.77252,0.033538
1997,44.33180668,-34.71206652,120858.335938,0.4001895693768646,56963.19367575878,20.33209,0.030087
1997,44.33180668,-34.71206652,120858.335938,0.4001895693768646,56963.27701559942,20.452093,0.053905
1997,44.33180668,-34.71206652,120858.335938,0.4001895693768646,57311.21775083151,20.152973,0.135672
1997,44.33180668,-34.71206652,120858.335938,0.4001895693768646,57342.26265583467,20.437779,0.152591
1997,44.33180668,-34.71206652,120858.335938,0.4001895693768646,57362.09391591884,20.07848,0.151614
1997,44.33180668,-34.71206652,120858.335938,0.4001895693768646,57362.17807952501,20.151716,0.117116
1997,44.33180668,-34.71206652,120858.335938,0.4001895693768646,57364.09545377409,20.360718,0.121178
2023,45.2822452844578,-8.60797993424305,129000.414062,0.604004281044648,55456.336327637546,20.767236,0.197095
2023,45.2822452844578,-8.60797993424305,129000.414062,0.604004281044648,55457.30551497778,20.552855,0.178933
2023,45.2822452844578,-8.60797993424305,129000.414062,0.604004281044648,55480.15625291737,20.096446,0.141259
2023,45.2822452844578,-8.60797993424305,129000.414062,0.604004281044648,55480.264310388826,20.522315,0.110243
2023,45.2822452844578,-8.60797993424305,129000.414062,0.604004281044648,55480.37376819365,20.667067,0.147213
2023,45.2822452844578,-8.60797993424305,129000.414062,0.604004281044648,55497.06116338028,20.22696,0.147972
2023,45.2822452844578,-8.60797993424305,129000.414062,0.604004281044648,55497.145160359796,20.66172,0.176369
2023,45.2822452844578,-8.60797993424305,129000.414062,0.604004281044648,55526.033727819566,20.389753,0.204605
2023,45.2822452844578,-8.60797993424305,129000.414062,0.604004281044648,55526.11875608703,20.183564,0.12509
2023,45.2822452844578,-8.60797993424305,129000.414062,0.604004281044648,55527.11871538125,20.750268,0.15552
2023,45.2822452844578,-8.60797993424305,129000.414062,0.604004281044648,55541.1612561224,19.972059,0.104594
2023,45.2822452844578,-8.60797993424305,129000.414062,0.604004281044648,55542.154773132876,20.878051,0.188699
2023,45.2822452844578,-8.60797993424305,129000.414062,0.604004281044648,55543.070830528624,20.25264,0.152774
2023,45.2822452844578,-8.60797993424305,129000.414062,0.604004281044648,55554.042166466825,20.612911,0.206095
2023,45.2822452844578,-8.60797993424305,129000.414062,0.604004281044648,55555.085338773206,20.138558,0.163354
2023,45.2822452844578,-8.60797993424305,129000.414062,0.604004281044648,55556.0888729929,20.501755,0.139813
2023,45.2822452844578,-8.60797993424305,129000.414062,0.604004281044648,55557.042792522814,20.739264,0.212527
2023,45.2822452844578,-8.60797993424305,129000.414062,0.604004281044648,55557.086043108255,20.698468,0.175089
2023,45.2822452844578,-8.60797993424305,129000.414062,0.604004281044648,55558.04852843797,20.152292,0.102393
2023,45.2822452844578,-8.60797993424305,129000.414062,0.604004281044648,55558.090378675144,20.287552,0.107086
2023,45.2822452844578,-8.60797993424305,129000.414062,0.604004281044648,55559.04695122037,20.591067,0.171248
2023,45.2822452844578,-8.60797993424305,129000.414062,0.604004281044648,56182.340492455754,20.423625,0.196192
2023,45.2822452844578,-8.60797993424305,129000.414062,0.604004281044648,56184.32898697257,20.767122,0.179523
2023,45.2822452844578,-8.60797993424305,129000.414062,0.604004281044648,56184.40173641313,20.446103,0.173611
2023,45.2822452844578,-8.60797993424305,129000.414062,0.604004281044648,56186.25894012069,20.385641,0.133416
2023,45.2822452844578,-8.60797993424305,129000.414062,0.604004281044648,56186.338494479656,20.481828,0.174596
2023,45.2822452844578,-8.60797993424305,129000.414062,0.604004281044648,56212.307228606194,20.172625,0.133416
2023,45.2822452844578,-8.60797993424305,129000.414062,0.604004281044648,56218.298676582985,20.284464,0.125634
2023,45.2822452844578,-8.60797993424305,129000.414062,0.604004281044648,56220.22907924326,20.457741,0.204214
2023,45.2822452844578,-8.60797993424305,129000.414062,0.604004281044648,56220.347471214365,20.495091,0.175582
2023,45.2822452844578,-8.60797993424305,129000.414062,0.604004281044648,56224.29988801107,20.127165,0.183506
2023,45.2822452844578,-8.60797993424305,129000.414062,0.604004281044648,56264.11145580234,20.632301,0.198282
2023,45.2822452844578,-8.60797993424305,129000.414062,0.604004281044648,56264.11262470344,20.516691,0.175582
2023,45.2822452844578,-8.60797993424305,129000.414062,0.604004281044648,56264.19570927508,20.298588,0.185442
2023,45.2822452844578,-8.60797993424305,129000.414062,0.604004281044648,56266.10818409128,20.20063,0.118848
2023,45.2822452844578,-8.60797993424305,129000.414062,0.604004281044648,56266.10935299471,20.65304,0.195569
2023,45.2822452844578,-8.60797993424305,129000.414062,0.604004281044648,56268.10344683286,20.426892,0.187416
2023,45.2822452844578,-8.60797993424305,129000.414062,0.604004281044648,56270.18354667723,20.085524,0.10741
2023,45.2822452844578,-8.60797993424305,129000.414062,0.604004281044648,56270.184727159794,20.119217,0.10536
2023,45.2822452844578,-8.60797993424305,129000.414062,0.604004281044648,56272.09537450457,20.215225,0.215089
2023,45.2822452844578,-8.60797993424305,129000.414062,0.604004281044648,56272.09656656301,20.631424,0.146112
2023,45.2822452844578,-8.60797993424305,129000.414062,0.604004281044648,56272.178482958116,20.760621,0.160822
2023,45.2822452844578,-8.60797993424305,129000.414062,0.604004281044648,56276.08328182297,20.732877,0.152969
2023,45.2822452844578,-8.60797993424305,129000.414062,0.604004281044648,56280.12977073155,20.885057,0.218072
2023,45.2822452844578,-8.60797993424305,129000.414062,0.604004281044648,56601.11560183857,20.737411,0.165736
2023,45.2822452844578,-8.60797993424305,129000.414062,0.604004281044648,56601.19927495532,20.088823,0.101533
2023,45.2822452844578,-8.60797993424305,129000.414062,0.604004281044648,56603.11150153354,20.557731,0.14807
2023,45.2822452844578,-8.60797993424305,129000.414062,0.604004281044648,56603.11267041182,20.515602,0.152969
2023,45.2822452844578,-8.60797993424305,129000.414062,0.604004281044648,56603.19476966001,20.341221,0.119816
2023,45.2822452844578,-8.60797993424305,129000.414062,0.604004281044648,56658.15587447584,20.340099,0.142819
2023,45.2822452844578,-8.60797993424305,129000.414062,0.604004281044648,56973.304879633244,20.270616,0.211141
2023,45.2822452844578,-8.60797993424305,129000.414062,0.604004281044648,56975.127710292116,20.158485,0.126162
2023,45.2822452844578,-8.60797993424305,129000.414062,0.604004281044648,56975.12887917459,20.197103,0.118848
2023,45.2822452844578,-8.60797993424305,129000.414062,0.604004281044648,56975.210365326144,20.381968,0.129521
2023,45.2822452844578,-8.60797993424305,129000.414062,0.604004281044648,56977.24154871423,21.037204,0.206193
2023,45.2822452844578,-8.60797993424305,129000.414062,0.604004281044648,56979.11477321945,20.785212,0.155912
2023,45.2822452844578,-8.60797993424305,129000.414062,0.604004281044648,56979.1986089251,20.631814,0.155341
2023,45.2822452844578,-8.60797993424305,129000.414062,0.604004281044648,56983.10317814443,20.285179,0.16123
2023,45.2822452844578,-8.60797993424305,129000.414062,0.604004281044648,56983.186562747695,20.648278,0.155552
2023,45.2822452844578,-8.60797993424305,129000.414062,0.604004281044648,56985.09858885221,20.689643,0.194761
2023,45.2822452844578,-8.60797993424305,129000.414062,0.604004281044648,56985.18174212659,20.535984,0.218507
2023,45.2822452844578,-8.60797993424305,129000.414062,0.604004281044648,56985.18292259099,20.788106,0.183468
2023,45.2822452844578,-8.60797993424305,129000.414062,0.604004281044648,56987.119776395615,20.813233,0.171641
2023,45.2822452844578,-8.60797993424305,129000.414062,0.604004281044648,56987.20387881715,20.377173,0.223161
2023,45.2822452844578,-8.60797993424305,129000.414062,0.604004281044648,57344.2276558443,20.175307,0.162788
2023,45.2822452844578,-8.60797993424305,129000.414062,0.604004281044648,57346.06957735866,20.36864,0.200259
2023,45.2822452844578,-8.60797993424305,129000.414062,0.604004281044648,57362.08267283486,20.622501,0.169672
2023,45.2822452844578,-8.60797993424305,129000.414062,0.604004281044648,57362.166868637316,20.846552,0.192352
2023,45.2822452844578,-8.60797993424305,129000.414062,0.604004281044648,57364.08410463249,20.007638,0.125634
2023,45.2822452844578,-8.60797993424305,129000.414062,0.604004281044648,57364.16858995333,19.98264,0.184455
2023,45.2822452844578,-8.60797993424305,129000.414062,0.604004281044648,57399.100221338216,20.221531,0.153465
2088,47.10956443106087,-55.44546483584412,159934.265625,0.1304501547451232,55514.343208099715,20.665381,0.089291
2088,47.10956443106087,-55.44546483584412,159934.265625,0.1304501547451232,56193.16230983753,20.979132,0.161803
2088,47.10956443106087,-55.44546483584412,159934.265625,0.1304501547451232,56193.247063457035,20.925415,0.17164
2088,47.10956443106087,-55.44546483584412,159934.265625,0.1304501547451232,56218.08161963895,20.813921,0.188147
2088,47.10956443106087,-55.44546483584412,159934.265625,0.1304501547451232,56218.16613061912,20.961363,0.129519
2088,47.10956443106087,-55.44546483584412,159934.265625,0.1304501547451232,56218.253477151506,20.837612,0.125634
2088,47.10956443106087,-55.44546483584412,159934.265625,0.1304501547451232,56862.37286673067,20.914884,0.169672
2088,47.10956443106087,-55.44546483584412,159934.265625,0.1304501547451232,56866.34673835244,20.878615,0.193341
2088,47.10956443106087,-55.44546483584412,159934.265625,0.1304501547451232,56866.39449188532,21.098297,0.201246
2088,47.10956443106087,-55.44546483584412,159934.265625,0.1304501547451232,56870.34609821858,21.027098,0.203225
2088,47.10956443106087,-55.44546483584412,159934.265625,0.1304501547451232,56870.429105390795,21.102848,0.209161
2088,47.10956443106087,-55.44546483584412,159934.265625,0.1304501547451232,56872.34278312558,20.845342,0.202067
2088,47.10956443106087,-55.44546483584412,159934.265625,0.1304501547451232,56872.39157814486,21.20285,0.21015
2088,47.10956443106087,-55.44546483584412,159934.265625,0.1304501547451232,56874.345623218454,21.120159,0.205202
2088,47.10956443106087,-55.44546483584412,159934.265625,0.1304501547451232,56874.391871960834,20.853471,0.128547
2088,47.10956443106087,-55.44546483584412,159934.265625,0.1304501547451232,56888.340452342294,20.808444,0.134388
2088,47.10956443106087,-55.44546483584412,159934.265625,0.1304501547451232,56888.41091295658,20.917845,0.234657
2088,47.10956443106087,-55.44546483584412,159934.265625,0.1304501547451232,56890.34289647173,20.565642,0.14905
2088,47.10956443106087,-55.44546483584412,159934.265625,0.1304501547451232,56891.35617199307,20.453531,0.191383
2088,47.10956443106087,-55.44546483584412,159934.265625,0.1304501547451232,56895.273893627804,20.856021,0.205632
2088,47.10956443106087,-55.44546483584412,159934.265625,0.1304501547451232,56895.35036081122,20.933487,0.228084
2088,47.10956443106087,-55.44546483584412,159934.265625,0.1304501547451232,56903.26563765714,20.726382,0.198169
2088,47.10956443106087,-55.44546483584412,159934.265625,0.1304501547451232,56903.3421162623,20.769843,0.151988
2088,47.10956443106087,-55.44546483584412,159934.265625,0.1304501547451232,56920.357463371474,20.910665,0.17558
2088,47.10956443106087,-55.44546483584412,159934.265625,0.1304501547451232,56924.35088284919,20.867753,0.181716
2088,47.10956443106087,-55.44546483584412,159934.265625,0.1304501547451232,56924.37643740326,20.615323,0.166203
2088,47.10956443106087,-55.44546483584412,159934.265625,0.1304501547451232,56928.255047433544,20.895732,0.160821
2088,47.10956443106087,-55.44546483584412,159934.265625,0.1304501547451232,56928.32635252969,21.012931,0.167702
2088,47.10956443106087,-55.44546483584412,159934.265625,0.1304501547451232,56930.26102285646,20.962998,0.205745
2088,47.10956443106087,-55.44546483584412,159934.265625,0.1304501547451232,56930.32821933227,20.903656,0.18248
2088,47.10956443106087,-55.44546483584412,159934.265625,0.1304501547451232,56932.32670713775,20.857073,0.212238
2088,47.10956443106087,-55.44546483584412,159934.265625,0.1304501547451232,56932.36127757002,20.48589,0.2849
2088,47.10956443106087,-55.44546483584412,159934.265625,0.1304501547451232,57004.093235147186,20.715325,0.229345
2088,47.10956443106087,-55.44546483584412,159934.265625,0.1304501547451232,57012.077214112505,20.764114,0.151009
2088,47.10956443106087,-55.44546483584412,159934.265625,0.1304501547451232,57016.077037625946,20.649362,0.219019
2092,47.334869999999995,-55.33020467641418,157011.578125,0.457535415873475,55514.343218632974,20.787902,0.157097
2092,47.334869999999995,-55.33020467641418,157011.578125,0.457535415873475,56193.162326961756,20.570991,0.116011
2092,47.334869999999995,-55.33020467641418,157011.578125,0.457535415873475,56218.081635149196,20.87964,0.171463
2092,47.334869999999995,-55.33020467641418,157011.578125,0.457535415873475,56218.166146118194,21.027101,0.172618
2092,47.334869999999995,-55.33020467641418,157011.578125,0.457535415873475,56218.2534926394,20.919655,0.150408
2092,47.334869999999995,-55.33020467641418,157011.578125,0.457535415873475,56864.358423294034,20.794693,0.189124
2092,47.334869999999995,-55.33020467641418,157011.578125,0.457535415873475,56872.342793618795,20.930448,0.239379
2092,47.334869999999995,-55.33020467641418,157011.578125,0.457535415873475,56874.34563418385,20.886085,0.214821
2092,47.334869999999995,-55.33020467641418,157011.578125,0.457535415873475,56874.391882936936,20.792087,0.140249
2092,47.334869999999995,-55.33020467641418,157011.578125,0.457535415873475,56876.352616130374,20.473213,0.11375
2092,47.334869999999995,-55.33020467641418,157011.578125,0.457535415873475,56876.395068647806,20.935113,0.187701
2092,47.334869999999995,-55.33020467641418,157011.578125,0.457535415873475,56886.34369133739,20.540874,0.176369
2092,47.334869999999995,-55.33020467641418,157011.578125,0.457535415873475,56888.34046619758,20.96348,0.120078
2092,47.334869999999995,-55.33020467641418,157011.578125,0.457535415873475,56888.410926824436,21.02586,0.226945
2092,47.334869999999995,-55.33020467641418,157011.578125,0.457535415873475,56891.35618636571,20.681784,0.169228
2092,47.334869999999995,-55.33020467641418,157011.578125,0.457535415873475,56891.392782335635,20.567009,0.161518
2092,47.334869999999995,-55.33020467641418,157011.578125,0.457535415873475,56895.35037580598,21.103592,0.033541
2092,47.334869999999995,-55.33020467641418,157011.578125,0.457535415873475,56920.35748046264,21.060979,0.230244
2092,47.334869999999995,-55.33020467641418,157011.578125,0.457535415873475,56930.26103986846,20.662864,0.175434
2092,47.334869999999995,-55.33020467641418,157011.578125,0.457535415873475,56930.32823634194,20.56674,0.147884
2092,47.334869999999995,-55.33020467641418,157011.578125,0.457535415873475,56932.326724067796,20.950244,0.219318
2092,47.334869999999995,-55.33020467641418,157011.578125,0.457535415873475,57004.093237882946,20.936575,0.194981
2122,48.13924606791152,-56.08721306764363,139437.609375,0.1161390885353172,56218.07909494918,20.505591,0.126743
2122,48.13924606791152,-56.08721306764363,139437.609375,0.1161390885353172,56218.081652734894,20.613549,0.132442
2122,48.13924606791152,-56.08721306764363,139437.609375,0.1161390885353172,56218.163594464306,20.740946,0.116913
2122,48.13924606791152,-56.08721306764363,139437.609375,0.1161390885353172,56218.16616382357,20.555389,0.133274
2122,48.13924606791152,-56.08721306764363,139437.609375,0.1161390885353172,56218.25095268246,20.475075,0.141556
2122,48.13924606791152,-56.08721306764363,139437.609375,0.1161390885353172,56218.253510468174,20.503204,0.163019
2122,48.13924606791152,-56.08721306764363,139437.609375,0.1161390885353172,56862.372795644216,20.751499,0.171641
2122,48.13924606791152,-56.08721306764363,139437.609375,0.1161390885353172,56864.35834504897,20.669944,0.184454
2122,48.13924606791152,-56.08721306764363,139437.609375,0.1161390885353172,56864.400473787915,20.665385,0.162908
2122,48.13924606791152,-56.08721306764363,139437.609375,0.1161390885353172,56866.34667000547,20.564914,0.168687
2122,48.13924606791152,-56.08721306764363,139437.609375,0.1161390885353172,56866.39442357328,20.48526,0.188349
2122,48.13924606791152,-56.08721306764363,139437.609375,0.1161390885353172,56870.346032964066,20.530325,0.144154
2122,48.13924606791152,-56.08721306764363,139437.609375,0.1161390885353172,56872.39151459839,20.790861,0.170655
2122,48.13924606791152,-56.08721306764363,139437.609375,0.1161390885353172,56874.34556137957,20.580298,0.141222
2122,48.13924606791152,-56.08721306764363,139437.609375,0.1161390885353172,56874.39181016339,20.422677,0.147663
2122,48.13924606791152,-56.08721306764363,139437.609375,0.1161390885353172,56876.35254469793,20.632406,0.15297
2122,48.13924606791152,-56.08721306764363,139437.609375,0.1161390885353172,56876.39499724517,20.424074,0.134391
2122,48.13924606791152,-56.08721306764363,139437.609375,0.1161390885353172,56888.34040476056,20.570928,0.127576
2122,48.13924606791152,-56.08721306764363,139437.609375,0.1161390885353172,56888.410865454935,20.711983,0.144895
2122,48.13924606791152,-56.08721306764363,139437.609375,0.1161390885353172,56890.3428511899,20.610678,0.217625
2122,48.13924606791152,-56.08721306764363,139437.609375,0.1161390885353172,56890.3856159877,20.779066,0.195315
2122,48.13924606791152,-56.08721306764363,139437.609375,0.1161390885353172,56891.35612789728,20.393306,0.156894
2122,48.13924606791152,-56.08721306764363,139437.609375,0.1161390885353172,56895.273854244966,20.701875,0.192506
2122,48.13924606791152,-56.08721306764363,139437.609375,0.1161390885353172,56895.35032152245,20.533313,0.130495
2122,48.13924606791152,-56.08721306764363,139437.609375,0.1161390885353172,56903.26560844667,20.982626,0.193702
2122,48.13924606791152,-56.08721306764363,139437.609375,0.1161390885353172,56903.34208715195,20.459497,0.141222
2122,48.13924606791152,-56.08721306764363,139437.609375,0.1161390885353172,56916.366555684246,20.753498,0.210152
2122,48.13924606791152,-56.08721306764363,139437.609375,0.1161390885353172,56920.357457612175,20.914301,0.192353
2122,48.13924606791152,-56.08721306764363,139437.609375,0.1161390885353172,56924.35088272579,20.497501,0.133415
2122,48.13924606791152,-56.08721306764363,139437.609375,0.1161390885353172,56924.37643731525,20.669342,0.151009
2122,48.13924606791152,-56.08721306764363,139437.609375,0.1161390885353172,56928.32635801518,20.521615,0.114015
2122,48.13924606791152,-56.08721306764363,139437.609375,0.1161390885353172,56930.26103106327,20.467296,0.135975
2122,48.13924606791152,-56.08721306764363,139437.609375,0.1161390885353172,56932.32671823958,20.699741,0.194287
2122,48.13924606791152,-56.08721306764363,139437.609375,0.1161390885353172,56932.361288720276,20.220553,0.127576
2153,49.17976659451008,-58.43930662884392,140853.4375,0.5438112984631129,56217.079260712024,20.46586,0.147158
2153,49.17976659451008,-58.43930662884392,140853.4375,0.5438112984631129,56217.16386470478,20.348189,0.086377
2153,49.17976659451008,-58.43930662884392,140853.4375,0.5438112984631129,56862.33800638281,20.734766,0.220696
2153,49.17976659451008,-58.43930662884392,140853.4375,0.5438112984631129,56864.3437633533,20.508457,0.204564
2153,49.17976659451008,-58.43930662884392,140853.4375,0.5438112984631129,56866.37726084096,20.725753,0.259459
2153,49.17976659451008,-58.43930662884392,140853.4375,0.5438112984631129,56870.38505013846,20.501882,0.135364
2153,49.17976659451008,-58.43930662884392,140853.4375,0.5438112984631129,56872.382917964365,20.393145,0.145008
2153,49.17976659451008,-58.43930662884392,140853.4375,0.5438112984631129,56874.378226291854,20.893701,0.173611
2153,49.17976659451008,-58.43930662884392,140853.4375,0.5438112984631129,56876.365257742815,20.544903,0.150029
2153,49.17976659451008,-58.43930662884392,140853.4375,0.5438112984631129,56891.30490337778,20.791164,0.204215
2153,49.17976659451008,-58.43930662884392,140853.4375,0.5438112984631129,56895.33044616738,20.541665,0.190878
2153,49.17976659451008,-58.43930662884392,140853.4375,0.5438112984631129,56920.24546602601,20.278939,0.197621
2153,49.17976659451008,-58.43930662884392,140853.4375,0.5438112984631129,56920.3245720854,20.555515,0.145134
2153,49.17976659451008,-58.43930662884392,140853.4375,0.5438112984631129,56924.23606920708,20.627293,0.2285
2153,49.17976659451008,-58.43930662884392,140853.4375,0.5438112984631129,56928.227217808366,20.827245,0.236126
2153,49.17976659451008,-58.43930662884392,140853.4375,0.5438112984631129,56930.23276359029,20.63445,0.22572
2153,49.17976659451008,-58.43930662884392,140853.4375,0.5438112984631129,56932.216898660176,20.246767,0.175093
2158,49.479761712539506,-57.14058359834402,123791.632812,0.5700832628808149,55514.34079505177,20.637552,0.123292
2158,49.479761712539506,-57.14058359834402,123791.632812,0.5700832628808149,56193.24448546022,20.723981,0.281244
2158,49.479761712539506,-57.14058359834402,123791.632812,0.5700832628808149,56193.32903105114,20.752518,0.175439
2158,49.479761712539506,-57.14058359834402,123791.632812,0.5700832628808149,56217.07676338451,20.404985,0.126678
2158,49.479761712539506,-57.14058359834402,123791.632812,0.5700832628808149,56217.16136720823,20.599581,0.151148
2158,49.479761712539506,-57.14058359834402,123791.632812,0.5700832628808149,56864.43362472812,20.111285,0.121811
2158,49.479761712539506,-57.14058359834402,123791.632812,0.5700832628808149,56872.39021730842,20.404376,0.160823
2158,49.479761712539506,-57.14058359834402,123791.632812,0.5700832628808149,56874.34427771857,20.139497,0.133822
2158,49.479761712539506,-57.14058359834402,123791.632812,0.5700832628808149,56874.42258592881,20.42693,0.156187
2158,49.479761712539506,-57.14058359834402,123791.632812,0.5700832628808149,56876.35127484845,20.683693,0.194232
2158,49.479761712539506,-57.14058359834402,123791.632812,0.5700832628808149,56886.34237114992,20.387545,0.167798
2158,49.479761712539506,-57.14058359834402,123791.632812,0.5700832628808149,56888.339150814805,20.663554,0.286951
2158,49.479761712539506,-57.14058359834402,123791.632812,0.5700832628808149,56888.41194950603,20.234499,0.095144
2158,49.479761712539506,-57.14058359834402,123791.632812,0.5700832628808149,56890.34160029376,20.421022,0.104432
2158,49.479761712539506,-57.14058359834402,123791.632812,0.5700832628808149,56895.3490786911,20.174247,0.219777
2158,49.479761712539506,-57.14058359834402,123791.632812,0.5700832628808149,56924.38462507771,20.039522,0.220048
2188,50.3831335920822,4.98470252429464,124685.148438,0.3787708423036679,55486.33785384707,20.592219,0.161216
2188,50.3831335920822,4.98470252429464,124685.148438,0.3787708423036679,55488.318904176354,20.710092,0.198084
2188,50.3831335920822,4.98470252429464,124685.148438,0.3787708423036679,55502.078215615824,20.967556,0.157993
2188,50.3831335920822,4.98470252429464,124685.148438,0.3787708423036679,55502.27676098235,20.366466,0.123554
2188,50.3831335920822,4.98470252429464,124685.148438,0.3787708423036679,55502.3437914541,20.572307,0.126017
2188,50.3831335920822,4.98470252429464,124685.148438,0.3787708423036679,55825.399697104935,20.094637,0.174595
2188,50.3831335920822,4.98470252429464,124685.148438,0.3787708423036679,56268.17265822226,20.178246,0.157253
2188,50.3831335920822,4.98470252429464,124685.148438,0.3787708423036679,56270.083932118025,20.331085,0.117881
2188,50.3831335920822,4.98470252429464,124685.148438,0.3787708423036679,56270.166981252376,20.699866,0.163771
2188,50.3831335920822,4.98470252429464,124685.148438,0.3787708423036679,56272.08147642948,20.962008,0.194329
2188,50.3831335920822,4.98470252429464,124685.148438,0.3787708423036679,56276.152128279675,20.402426,0.164753
2188,50.3831335920822,4.98470252429464,124685.148438,0.3787708423036679,56600.26994641498,20.706656,0.200259
2188,50.3831335920822,4.98470252429464,124685.148438,0.3787708423036679,56602.19485102175,20.537492,0.135366
2188,50.3831335920822,4.98470252429464,124685.148438,0.3787708423036679,56604.10574136581,20.178122,0.121752
2188,50.3831335920822,4.98470252429464,124685.148438,0.3787708423036679,56604.18851110106,20.479853,0.141426
2188,50.3831335920822,4.98470252429464,124685.148438,0.3787708423036679,56623.12184495572,20.448998,0.139267
2188,50.3831335920822,4.98470252429464,124685.148438,0.3787708423036679,56623.20497420244,20.939267,0.21114
2188,50.3831335920822,4.98470252429464,124685.148438,0.3787708423036679,56625.11649697833,20.824335,0.176565
2188,50.3831335920822,4.98470252429464,124685.148438,0.3787708423036679,56629.104306165595,20.279462,0.189389
2188,50.3831335920822,4.98470252429464,124685.148438,0.3787708423036679,56629.18734323373,20.560316,0.135366
2188,50.3831335920822,4.98470252429464,124685.148438,0.3787708423036679,56637.16566786822,20.50752,0.210152
2188,50.3831335920822,4.98470252429464,124685.148438,0.3787708423036679,56948.323410738725,20.901127,0.201246
2188,50.3831335920822,4.98470252429464,124685.148438,0.3787708423036679,56954.24578173505,20.860971,0.184386
2188,50.3831335920822,4.98470252429464,124685.148438,0.3787708423036679,56956.31056957133,20.694071,0.202236
2188,50.3831335920822,4.98470252429464,124685.148438,0.3787708423036679,56958.23796266131,20.494577,0.171486
2188,50.3831335920822,4.98470252429464,124685.148438,0.3787708423036679,56960.30475138407,20.778825,0.170656
2188,50.3831335920822,4.98470252429464,124685.148438,0.3787708423036679,56960.30711226445,20.676408,0.172626
2188,50.3831335920822,4.98470252429464,124685.148438,0.3787708423036679,57001.075469155796,20.363375,0.17361
2188,50.3831335920822,4.98470252429464,124685.148438,0.3787708423036679,57007.12952575879,20.35878,0.195704
2188,50.3831335920822,4.98470252429464,124685.148438,0.3787708423036679,57007.13186355727,20.373434,0.208766
2188,50.3831335920822,4.98470252429464,124685.148438,0.3787708423036679,57009.132986962795,20.632002,0.274445
2188,50.3831335920822,4.98470252429464,124685.148438,0.3787708423036679,57009.135347913485,20.745307,0.182481
2188,50.3831335920822,4.98470252429464,124685.148438,0.3787708423036679,57015.131143927574,20.546324,0.234166
2188,50.3831335920822,4.98470252429464,124685.148438,0.3787708423036679,57015.133504896425,20.672503,0.169282
2188,50.3831335920822,4.98470252429464,124685.148438,0.3787708423036679,57306.37352684094,20.222458,0.156894
2188,50.3831335920822,4.98470252429464,124685.148438,0.3787708423036679,57332.260716326535,20.681707,0.182481
2188,50.3831335920822,4.98470252429464,124685.148438,0.3787708423036679,57340.10851013148,20.131453,0.174595
2188,50.3831335920822,4.98470252429464,124685.148438,0.3787708423036679,57361.096568350215,20.777445,0.178538
2188,50.3831335920822,4.98470252429464,124685.148438,0.3787708423036679,57363.17583276378,20.515869,0.152969
2188,50.3831335920822,4.98470252429464,124685.148438,0.3787708423036679,57363.17701322492,20.34309,0.131467
2188,50.3831335920822,4.98470252429464,124685.148438,0.3787708423036679,57365.086098362226,20.479743,0.168688
2188,50.3831335920822,4.98470252429464,124685.148438,0.3787708423036679,57365.08729039878,20.383039,0.144155
2188,50.3831335920822,4.98470252429464,124685.148438,0.3787708423036679,57365.17097599339,20.738559,0.182481
2188,50.3831335920822,4.98470252429464,124685.148438,0.3787708423036679,57367.08419662574,20.781447,0.179522
2188,50.3831335920822,4.98470252429464,124685.148438,0.3787708423036679,57367.167442612816,20.998949,0.240368
2188,50.3831335920822,4.98470252429464,124685.148438,0.3787708423036679,57373.06633071648,20.453428,0.200259
2954,137.536399920763,18.1454166723292,131670.53125,0.4622564455007509,55565.28721649572,20.620269,0.187614
2954,137.536399920763,18.1454166723292,131670.53125,0.4622564455007509,55565.32774521783,20.667361,0.175089
2954,137.536399920763,18.1454166723292,131670.53125,0.4622564455007509,55566.2861878667,20.709746,0.180609
2954,137.536399920763,18.1454166723292,131670.53125,0.4622564455007509,55959.20663596038,20.847807,0.164753
2954,137.536399920763,18.1454166723292,131670.53125,0.4622564455007509,55976.15788473934,20.447119,0.144155
2954,137.536399920763,18.1454166723292,131670.53125,0.4622564455007509,55977.155062797014,20.692776,0.118848
2954,137.536399920763,18.1454166723292,131670.53125,0.4622564455007509,55979.15332097467,20.318236,0.117616
2954,137.536399920763,18.1454166723292,131670.53125,0.4622564455007509,56680.13247098029,20.528603,0.16377
2954,137.536399920763,18.1454166723292,131670.53125,0.4622564455007509,56682.21067000413,20.647481,0.187417
2954,137.536399920763,18.1454166723292,131670.53125,0.4622564455007509,56688.19232884096,20.694857,0.200258
2954,137.536399920763,18.1454166723292,131670.53125,0.4622564455007509,56694.209787386004,20.524215,0.127577
2954,137.536399920763,18.1454166723292,131670.53125,0.4622564455007509,56711.06558133522,20.586091,0.179523
2954,137.536399920763,18.1454166723292,131670.53125,0.4622564455007509,56711.149867892265,20.548613,0.141223
2954,137.536399920763,18.1454166723292,131670.53125,0.4622564455007509,56713.15550296847,20.436357,0.150029
2954,137.536399920763,18.1454166723292,131670.53125,0.4622564455007509,56715.06691307062,20.381188,0.137316
2954,137.536399920763,18.1454166723292,131670.53125,0.4622564455007509,56715.15072539309,20.376824,0.146529
2954,137.536399920763,18.1454166723292,131670.53125,0.4622564455007509,56717.03656207118,20.336461,0.153951
2954,137.536399920763,18.1454166723292,131670.53125,0.4622564455007509,56719.10560449073,20.55604,0.167705
2954,137.536399920763,18.1454166723292,131670.53125,0.4622564455007509,56721.014351096004,20.519012,0.19927
2954,137.536399920763,18.1454166723292,131670.53125,0.4622564455007509,56721.09735374246,20.46137,0.146113
2954,137.536399920763,18.1454166723292,131670.53125,0.4622564455007509,56723.04733920656,20.503496,0.19433
2954,137.536399920763,18.1454166723292,131670.53125,0.4622564455007509,56723.13006426208,20.571946,0.154932
2954,137.536399920763,18.1454166723292,131670.53125,0.4622564455007509,57017.25563837169,20.675415,0.15199
2954,137.536399920763,18.1454166723292,131670.53125,0.4622564455007509,57042.23444583919,20.691333,0.215102
2954,137.536399920763,18.1454166723292,131670.53125,0.4622564455007509,57046.22079229634,20.379769,0.181496
2954,137.536399920763,18.1454166723292,131670.53125,0.4622564455007509,57069.15596328443,20.394847,0.188893
2954,137.536399920763,18.1454166723292,131670.53125,0.4622564455007509,57404.23426482594,20.758305,0.184455
2954,137.536399920763,18.1454166723292,131670.53125,0.4622564455007509,57418.10925101023,20.683445,0.208866
2954,137.536399920763,18.1454166723292,131670.53125,0.4622564455007509,57420.104229439516,20.206773,0.202237
2954,137.536399920763,18.1454166723292,131670.53125,0.4622564455007509,57420.18846889539,20.431319,0.15984
2954,137.536399920763,18.1454166723292,131670.53125,0.4622564455007509,57422.18215183681,20.744764,0.208173
2954,137.536399920763,18.1454166723292,131670.53125,0.4622564455007509,57424.176715207286,20.441443,0.173611
2954,137.536399920763,18.1454166723292,131670.53125,0.4622564455007509,57428.08105033683,20.523257,0.173611
2954,137.536399920763,18.1454166723292,131670.53125,0.4622564455007509,57428.16523211356,20.534007,0.168386
2954,137.536399920763,18.1454166723292,131670.53125,0.4622564455007509,57432.06956161605,20.153732,0.201249
2954,137.536399920763,18.1454166723292,131670.53125,0.4622564455007509,57432.154021289665,20.432585,0.158909
2954,137.536399920763,18.1454166723292,131670.53125,0.4622564455007509,57450.10129446909,20.274786,0.138293
2954,137.536399920763,18.1454166723292,131670.53125,0.4622564455007509,57452.01294670999,20.231644,0.166721
2954,137.536399920763,18.1454166723292,131670.53125,0.4622564455007509,57452.0960651231,20.515263,0.162787
2954,137.536399920763,18.1454166723292,131670.53125,0.4622564455007509,57458.08562052576,20.533203,0.14807
3560,149.27694273,6.32509463,125692.335938,0.2844158554825363,55954.25377200404,20.136194,0.177551
3560,149.27694273,6.32509463,125692.335938,0.2844158554825363,56262.3223667182,20.122231,0.187416
3560,149.27694273,6.32509463,125692.335938,0.2844158554825363,56686.267333485186,20.23694,0.223025
3560,149.27694273,6.32509463,125692.335938,0.2844158554825363,56692.109366827644,20.988756,0.197294
3560,149.27694273,6.32509463,125692.335938,0.2844158554825363,56709.14725425327,20.561593,0.214112
3560,149.27694273,6.32509463,125692.335938,0.2844158554825363,56711.22070186259,20.797676,0.206193
3560,149.27694273,6.32509463,125692.335938,0.2844158554825363,56713.13549689669,20.540267,0.178537
3560,149.27694273,6.32509463,125692.335938,0.2844158554825363,56715.14015757339,21.207914,0.247821
3560,149.27694273,6.32509463,125692.335938,0.2844158554825363,56715.22413117997,20.766722,0.196306
3560,149.27694273,6.32509463,125692.335938,0.2844158554825363,56719.16882285476,20.640229,0.171641
3560,149.27694273,6.32509463,125692.335938,0.2844158554825363,56721.05852296995,20.138372,0.161804
3560,149.27694273,6.32509463,125692.335938,0.2844158554825363,56723.19269400183,20.802969,0.191365
3560,149.27694273,6.32509463,125692.335938,0.2844158554825363,56739.06399599137,20.417063,0.161804
3560,149.27694273,6.32509463,125692.335938,0.2844158554825363,56739.08063823683,20.631625,0.162787
3560,149.27694273,6.32509463,125692.335938,0.2844158554825363,56739.14789003832,20.35191,0.198282
3560,149.27694273,6.32509463,125692.335938,0.2844158554825363,56741.05827828357,20.662752,0.226
3560,149.27694273,6.32509463,125692.335938,0.2844158554825363,56741.074827977456,20.764718,0.171641
3560,149.27694273,6.32509463,125692.335938,0.2844158554825363,56741.15817825636,20.581393,0.164753
3560,149.27694273,6.32509463,125692.335938,0.2844158554825363,56745.05655395845,20.917613,0.248814
3560,149.27694273,6.32509463,125692.335938,0.2844158554825363,56745.12100546062,20.386763,0.195316
3560,149.27694273,6.32509463,125692.335938,0.2844158554825363,56765.09310901724,20.216137,0.240875
3560,149.27694273,6.32509463,125692.335938,0.2844158554825363,56993.321898999624,20.72405,0.226991
3560,149.27694273,6.32509463,125692.335938,0.2844158554825363,57011.33033795515,20.196271,0.284586
3560,149.27694273,6.32509463,125692.335938,0.2844158554825363,57019.32913300069,20.195138,0.21015
3560,149.27694273,6.32509463,125692.335938,0.2844158554825363,57071.116609890014,20.045882,0.15199
3560,149.27694273,6.32509463,125692.335938,0.2844158554825363,57077.19639744377,20.28545,0.188403
3560,149.27694273,6.32509463,125692.335938,0.2844158554825363,57361.27580642281,20.234609,0.226991
3560,149.27694273,6.32509463,125692.335938,0.2844158554825363,57361.32935761893,20.22888,0.199271
3560,149.27694273,6.32509463,125692.335938,0.2844158554825363,57363.33347929921,20.576165,0.177551
3560,149.27694273,6.32509463,125692.335938,0.2844158554825363,57365.262123642955,20.32039,0.156894
3560,149.27694273,6.32509463,125692.335938,0.2844158554825363,57365.3404419329,20.744918,0.183469
3560,149.27694273,6.32509463,125692.335938,0.2844158554825363,57404.15328625729,19.869723,0.208171
3560,149.27694273,6.32509463,125692.335938,0.2844158554825363,57404.238082014024,20.481627,0.162787
3560,149.27694273,6.32509463,125692.335938,0.2844158554825363,57406.23880680371,19.780392,0.184456
3560,149.27694273,6.32509463,125692.335938,0.2844158554825363,57422.10942797735,20.070693,0.165736
3560,149.27694273,6.32509463,125692.335938,0.2844158554825363,57424.103124307934,20.090733,0.176566
3560,149.27694273,6.32509463,125692.335938,0.2844158554825363,57432.160224288236,20.4681,0.203225
3674,151.02552054,-15.27018323,120154.078125,0.3430639504897345,55557.2622397528,20.490438,0.237006
3674,151.02552054,-15.27018323,120154.078125,0.3430639504897345,55559.35867078649,20.458594,0.182483
3674,151.02552054,-15.27018323,120154.078125,0.3430639504897345,55559.36338118557,20.169725,0.169869
3674,151.02552054,-15.27018323,120154.078125,0.3430639504897345,55931.24006540282,19.993297,0.143177
3674,151.02552054,-15.27018323,120154.078125,0.3430639504897345,55981.19158075377,20.539645,0.126255
3674,151.02552054,-15.27018323,120154.078125,0.3430639504897345,55998.14217611728,20.329948,0.189022
3674,151.02552054,-15.27018323,120154.078125,0.3430639504897345,55999.13976639509,20.185631,0.146744
3674,151.02552054,-15.27018323,120154.078125,0.3430639504897345,56000.13713725563,20.276217,0.118354
3674,151.02552054,-15.27018323,120154.078125,0.3430639504897345,56001.134242431726,20.65251,0.137512
3674,151.02552054,-15.27018323,120154.078125,0.3430639504897345,56003.126973011065,20.504357,0.127577
3674,151.02552054,-15.27018323,120154.078125,0.3430639504897345,56004.12440386973,20.523864,0.127132
3674,151.02552054,-15.27018323,120154.078125,0.3430639504897345,56005.12095576152,20.407508,0.124907
3674,151.02552054,-15.27018323,120154.078125,0.3430639504897345,56005.12351342756,20.35946,0.13634
3674,151.02552054,-15.27018323,120154.078125,0.3430639504897345,56006.120251106564,20.308531,0.145447
3674,151.02552054,-15.27018323,120154.078125,0.3430639504897345,56008.114202900324,20.485288,0.181691
3674,151.02552054,-15.27018323,120154.078125,0.3430639504897345,56015.09492580779,20.630184,0.188403
3674,151.02552054,-15.27018323,120154.078125,0.3430639504897345,56270.297570710536,20.412096,0.17361
3674,151.02552054,-15.27018323,120154.078125,0.3430639504897345,56272.30188945215,20.205029,0.131467
3674,151.02552054,-15.27018323,120154.078125,0.3430639504897345,56280.22164619854,20.365128,0.181495
3674,151.02552054,-15.27018323,120154.078125,0.3430639504897345,56282.196216283366,19.939534,0.167314
3674,151.02552054,-15.27018323,120154.078125,0.3430639504897345,56282.27961545391,20.580993,0.185442
3674,151.02552054,-15.27018323,120154.078125,0.3430639504897345,56285.29521966912,20.056876,0.125174
3674,151.02552054,-15.27018323,120154.078125,0.3430639504897345,56287.32457723981,20.15338,0.22622
3674,151.02552054,-15.27018323,120154.078125,0.3430639504897345,56299.29300531838,20.313588,0.17361
3674,151.02552054,-15.27018323,120154.078125,0.3430639504897345,56301.145027108956,20.521751,0.183468
3674,151.02552054,-15.27018323,120154.078125,0.3430639504897345,56303.13795034774,20.277955,0.135365
3674,151.02552054,-15.27018323,120154.078125,0.3430639504897345,56305.133682091255,20.124463,0.158857
3674,151.02552054,-15.27018323,120154.078125,0.3430639504897345,56305.21827113954,20.491973,0.191365
3674,151.02552054,-15.27018323,120154.078125,0.3430639504897345,56307.12826443277,20.330903,0.15631
3674,151.02552054,-15.27018323,120154.078125,0.3430639504897345,56307.21140667377,20.134984,0.126913
3674,151.02552054,-15.27018323,120154.078125,0.3430639504897345,56368.05476606451,20.35611,0.134171
3674,151.02552054,-15.27018323,120154.078125,0.3430639504897345,56368.13980544498,20.570425,0.122722
3674,151.02552054,-15.27018323,120154.078125,0.3430639504897345,56370.13732938329,20.581337,0.14807
3674,151.02552054,-15.27018323,120154.078125,0.3430639504897345,56372.121940088924,20.221844,0.148234
3674,151.02552054,-15.27018323,120154.078125,0.3430639504897345,56372.207014399115,20.589118,0.131086
3674,151.02552054,-15.27018323,120154.078125,0.3430639504897345,56374.093776558526,20.109057,0.145134
3674,151.02552054,-15.27018323,120154.078125,0.3430639504897345,56382.03326522326,20.146084,0.137678
3674,151.02552054,-15.27018323,120154.078125,0.3430639504897345,56388.02748300973,20.576046,0.124663
3674,151.02552054,-15.27018323,120154.078125,0.3430639504897345,56390.06015210319,20.581635,0.118031
3674,151.02552054,-15.27018323,120154.078125,0.3430639504897345,56390.146130415145,20.448762,0.114732
3674,151.02552054,-15.27018323,120154.078125,0.3430639504897345,56395.99600717705,20.532209,0.162044
3674,151.02552054,-15.27018323,120154.078125,0.3430639504897345,56415.993321043905,20.424354,0.160822
3674,151.02552054,-15.27018323,120154.078125,0.3430639504897345,56420.06456816755,20.216881,0.138292
3674,151.02552054,-15.27018323,120154.078125,0.3430639504897345,56423.97279850161,20.344649,0.188403
3674,151.02552054,-15.27018323,120154.078125,0.3430639504897345,56625.311815775,20.264804,0.192352
3674,151.02552054,-15.27018323,120154.078125,0.3430639504897345,56627.25414058985,20.560217,0.160822
3674,151.02552054,-15.27018323,120154.078125,0.3430639504897345,56627.30865370203,20.328884,0.123692
3674,151.02552054,-15.27018323,120154.078125,0.3430639504897345,56629.33571651718,20.367601,0.156098
3674,151.02552054,-15.27018323,120154.078125,0.3430639504897345,56635.34374495782,20.723635,0.178537
3674,151.02552054,-15.27018323,120154.078125,0.3430639504897345,56637.29455895908,20.153583,0.143134
3674,151.02552054,-15.27018323,120154.078125,0.3430639504897345,56654.213741421234,20.549603,0.155216
3674,151.02552054,-15.27018323,120154.078125,0.3430639504897345,56658.20305060083,20.195166,0.116914
3674,151.02552054,-15.27018323,120154.078125,0.3430639504897345,56660.25172865251,20.155415,0.150676
3674,151.02552054,-15.27018323,120154.078125,0.3430639504897345,56662.23976916447,20.559043,0.186468
3674,151.02552054,-15.27018323,120154.078125,0.3430639504897345,56664.23477257136,20.464888,0.15297
3674,151.02552054,-15.27018323,120154.078125,0.3430639504897345,56680.10683442559,20.100588,0.149224
3674,151.02552054,-15.27018323,120154.078125,0.3430639504897345,56680.19046222372,20.162476,0.169673
3674,151.02552054,-15.27018323,120154.078125,0.3430639504897345,56684.20542421751,20.205624,0.171606
3674,151.02552054,-15.27018323,120154.078125,0.3430639504897345,56684.28897077637,20.438226,0.14807
3674,151.02552054,-15.27018323,120154.078125,0.3430639504897345,56686.13540768577,20.547113,0.193341
3674,151.02552054,-15.27018323,120154.078125,0.3430639504897345,56687.11936697364,20.503496,0.116075
3674,151.02552054,-15.27018323,120154.078125,0.3430639504897345,56687.20390868047,20.634537,0.136033
3674,151.02552054,-15.27018323,120154.078125,0.3430639504897345,56711.14627106674,20.566214,0.162788
3674,151.02552054,-15.27018323,120154.078125,0.3430639504897345,56713.14597942261,20.096799,0.192889
3674,151.02552054,-15.27018323,120154.078125,0.3430639504897345,56714.059579713736,20.138538,0.172626
3674,151.02552054,-15.27018323,120154.078125,0.3430639504897345,56716.07110472536,20.654075,0.179523
3674,151.02552054,-15.27018323,120154.078125,0.3430639504897345,56716.15451177629,20.314308,0.172626
3674,151.02552054,-15.27018323,120154.078125,0.3430639504897345,56718.109618763905,20.377402,0.148089
3674,151.02552054,-15.27018323,120154.078125,0.3430639504897345,56720.02498461818,20.208927,0.157321
3674,151.02552054,-15.27018323,120154.078125,0.3430639504897345,56722.05093214288,20.330027,0.170657
3674,151.02552054,-15.27018323,120154.078125,0.3430639504897345,56724.04932537489,20.393841,0.154932
3674,151.02552054,-15.27018323,120154.078125,0.3430639504897345,56724.13456114149,20.128455,0.239052
3674,151.02552054,-15.27018323,120154.078125,0.3430639504897345,56728.12960448023,20.129849,0.223027
3674,151.02552054,-15.27018323,120154.078125,0.3430639504897345,56738.04481571866,20.515457,0.15984
3674,151.02552054,-15.27018323,120154.078125,0.3430639504897345,56738.12796891527,20.275606,0.184454
3674,151.02552054,-15.27018323,120154.078125,0.3430639504897345,56740.035054352134,20.780827,0.176566
3674,151.02552054,-15.27018323,120154.078125,0.3430639504897345,56740.11821923684,20.431024,0.133415
3674,151.02552054,-15.27018323,120154.078125,0.3430639504897345,56742.03323502373,20.422554,0.1422
3674,151.02552054,-15.27018323,120154.078125,0.3430639504897345,56742.11850635288,20.51757,0.15297
3674,151.02552054,-15.27018323,120154.078125,0.3430639504897345,56744.03015724197,20.366004,0.155912
3674,151.02552054,-15.27018323,120154.078125,0.3430639504897345,56744.11533611873,20.531927,0.17361
3674,151.02552054,-15.27018323,120154.078125,0.3430639504897345,56746.022256617434,20.359053,0.16136
3674,151.02552054,-15.27018323,120154.078125,0.3430639504897345,56746.107458780054,20.640752,0.208173
3674,151.02552054,-15.27018323,120154.078125,0.3430639504897345,56750.01558530098,20.487479,0.15984
3674,151.02552054,-15.27018323,120154.078125,0.3430639504897345,56750.098704574164,20.031325,0.123692
3674,151.02552054,-15.27018323,120154.078125,0.3430639504897345,56765.99754148582,20.404847,0.182483
3674,151.02552054,-15.27018323,120154.078125,0.3430639504897345,56767.9897436155,20.273368,0.192325
3674,151.02552054,-15.27018323,120154.078125,0.3430639504897345,56769.98804988759,20.266808,0.190378
3674,151.02552054,-15.27018323,120154.078125,0.3430639504897345,56772.02273690095,20.271426,0.163872
3674,151.02552054,-15.27018323,120154.078125,0.3430639504897345,56772.107096582185,20.29037,0.176566
3674,151.02552054,-15.27018323,120154.078125,0.3430639504897345,56988.291073767,20.439306,0.182483
3674,151.02552054,-15.27018323,120154.078125,0.3430639504897345,56988.32811051747,20.502916,0.183468
3674,151.02552054,-15.27018323,120154.078125,0.3430639504897345,56990.28521039337,20.506752,0.204214
3674,151.02552054,-15.27018323,120154.078125,0.3430639504897345,57010.27947696997,20.121301,0.1936
3674,151.02552054,-15.27018323,120154.078125,0.3430639504897345,57010.32210258022,20.563067,0.196305
3674,151.02552054,-15.27018323,120154.078125,0.3430639504897345,57014.276760242414,20.177052,0.140245
3674,151.02552054,-15.27018323,120154.078125,0.3430639504897345,57014.27792917052,20.088329,0.14194
3674,151.02552054,-15.27018323,120154.078125,0.3430639504897345,57016.2812386849,20.355671,0.155912
3674,151.02552054,-15.27018323,120154.078125,0.3430639504897345,57016.32389868051,20.023294,0.118767
3674,151.02552054,-15.27018323,120154.078125,0.3430639504897345,57020.277021392714,20.64202,0.215101
3674,151.02552054,-15.27018323,120154.078125,0.3430639504897345,57020.27819031291,20.331107,0.201066
3674,151.02552054,-15.27018323,120154.078125,0.3430639504897345,57020.32200744329,20.521813,0.194328
3674,151.02552054,-15.27018323,120154.078125,0.3430639504897345,57022.258152911905,20.160347,0.145134
3674,151.02552054,-15.27018323,120154.078125,0.3430639504897345,57026.35007041041,20.107633,0.145134
3674,151.02552054,-15.27018323,120154.078125,0.3430639504897345,57035.21795931086,19.754808,0.141222
3674,151.02552054,-15.27018323,120154.078125,0.3430639504897345,57035.219128211495,20.354904,0.215007
3674,151.02552054,-15.27018323,120154.078125,0.3430639504897345,57037.21126927994,20.16819,0.140404
3674,151.02552054,-15.27018323,120154.078125,0.3430639504897345,57037.21244975133,20.302206,0.182207
3674,151.02552054,-15.27018323,120154.078125,0.3430639504897345,57041.117352376226,20.323326,0.18051
3674,151.02552054,-15.27018323,120154.078125,0.3430639504897345,57043.11208750261,20.251042,0.187011
3674,151.02552054,-15.27018323,120154.078125,0.3430639504897345,57045.106206237804,20.244232,0.208707
3674,151.02552054,-15.27018323,120154.078125,0.3430639504897345,57045.19196352083,20.2504,0.17021
3674,151.02552054,-15.27018323,120154.078125,0.3430639504897345,57045.193132412154,20.046715,0.128205
3674,151.02552054,-15.27018323,120154.078125,0.3430639504897345,57067.304859093856,20.214109,0.204214
3674,151.02552054,-15.27018323,120154.078125,0.3430639504897345,57071.29481060896,20.307764,0.194328
3674,151.02552054,-15.27018323,120154.078125,0.3430639504897345,57123.06093425909,20.429662,0.188403
3674,151.02552054,-15.27018323,120154.078125,0.3430639504897345,57346.28408658877,20.400103,0.209387
3674,151.02552054,-15.27018323,120154.078125,0.3430639504897345,57362.253078071866,20.439353,0.168688
3674,151.02552054,-15.27018323,120154.078125,0.3430639504897345,57362.33862025291,20.476505,0.197212
3674,151.02552054,-15.27018323,120154.078125,0.3430639504897345,57364.25414422387,20.46589,0.214111
3674,151.02552054,-15.27018323,120154.078125,0.3430639504897345,57364.309397528414,20.533884,0.206193
3674,151.02552054,-15.27018323,120154.078125,0.3430639504897345,57377.282483852,20.360713,0.155626
3674,151.02552054,-15.27018323,120154.078125,0.3430639504897345,57377.28600222152,20.09957,0.188374
3674,151.02552054,-15.27018323,120154.078125,0.3430639504897345,57389.17021266045,20.165779,0.167705
3674,151.02552054,-15.27018323,120154.078125,0.3430639504897345,57397.14457204845,20.001861,0.206083
3674,151.02552054,-15.27018323,120154.078125,0.3430639504897345,57397.22644167207,20.33773,0.164858
3674,151.02552054,-15.27018323,120154.078125,0.3430639504897345,57397.22762215044,20.500114,0.160822
3674,151.02552054,-15.27018323,120154.078125,0.3430639504897345,57399.16762014711,20.51876,0.185442
3674,151.02552054,-15.27018323,120154.078125,0.3430639504897345,57399.25071637845,20.305635,0.1422
3674,151.02552054,-15.27018323,120154.078125,0.3430639504897345,57401.16850153543,20.42603,0.141335
3674,151.02552054,-15.27018323,120154.078125,0.3430639504897345,57401.25299797766,19.989962,0.135365
3674,151.02552054,-15.27018323,120154.078125,0.3430639504897345,57417.087108512875,20.231597,0.15112
3674,151.02552054,-15.27018323,120154.078125,0.3430639504897345,57419.16468131961,20.169318,0.13491
3674,151.02552054,-15.27018323,120154.078125,0.3430639504897345,57421.07673331071,20.582261,0.174597
3674,151.02552054,-15.27018323,120154.078125,0.3430639504897345,57425.065343806054,20.530941,0.187417
3674,151.02552054,-15.27018323,120154.078125,0.3430639504897345,57427.05870354781,20.123101,0.212184
3674,151.02552054,-15.27018323,120154.078125,0.3430639504897345,57427.14448322402,20.227464,0.197308
3674,151.02552054,-15.27018323,120154.078125,0.3430639504897345,57429.05283740861,20.075679,0.143177
3674,151.02552054,-15.27018323,120154.078125,0.3430639504897345,57429.05400628876,20.140291,0.13634
3674,151.02552054,-15.27018323,120154.078125,0.3430639504897345,57429.137633323204,20.453287,0.222035
3674,151.02552054,-15.27018323,120154.078125,0.3430639504897345,57431.163950752,20.306464,0.15297
3674,151.02552054,-15.27018323,120154.078125,0.3430639504897345,57445.107426476665,20.239018,0.223027
3674,151.02552054,-15.27018323,120154.078125,0.3430639504897345,57447.019550543744,20.178429,0.118847
3674,151.02552054,-15.27018323,120154.078125,0.3430639504897345,57447.02073099604,20.550151,0.174161
3674,151.02552054,-15.27018323,120154.078125,0.3430639504897345,57451.01760500623,20.411203,0.146112
3674,151.02552054,-15.27018323,120154.078125,0.3430639504897345,57457.012357326224,20.611914,0.191365
3674,151.02552054,-15.27018323,120154.078125,0.3430639504897345,57459.00858967239,20.052539,0.17361
3674,151.02552054,-15.27018323,120154.078125,0.3430639504897345,57463.00752932532,20.230079,0.187548
3750,152.156790486039,3.24289188850069,138956.671875,0.4911366543483892,55648.10226429207,20.748361,0.097391
3750,152.156790486039,3.24289188850069,138956.671875,0.4911366543483892,55685.97698693862,20.85497,0.033541
3750,152.156790486039,3.24289188850069,138956.671875,0.4911366543483892,56006.12543810764,20.626822,0.080436
3750,152.156790486039,3.24289188850069,138956.671875,0.4911366543483892,56007.122312703636,20.658318,0.080467
3750,152.156790486039,3.24289188850069,138956.671875,0.4911366543483892,56008.11937334947,20.638449,0.082983
3750,152.156790486039,3.24289188850069,138956.671875,0.4911366543483892,56009.115728934295,20.751174,0.053467
3750,152.156790486039,3.24289188850069,138956.671875,0.4911366543483892,56031.99047978828,20.193502,0.13015
3750,152.156790486039,3.24289188850069,138956.671875,0.4911366543483892,56031.992817627266,20.321142,0.139133
3750,152.156790486039,3.24289188850069,138956.671875,0.4911366543483892,56033.07577030547,20.531873,0.104812
3750,152.156790486039,3.24289188850069,138956.671875,0.4911366543483892,56033.078119721264,20.487441,0.135865
3750,152.156790486039,3.24289188850069,138956.671875,0.4911366543483892,56035.970395622775,20.40443,0.033541
3750,152.156790486039,3.24289188850069,138956.671875,0.4911366543483892,56035.97509447392,20.524301,0.190191
3750,152.156790486039,3.24289188850069,138956.671875,0.4911366543483892,56036.972131245304,20.301207,0.223208
3750,152.156790486039,3.24289188850069,138956.671875,0.4911366543483892,56055.019036272075,20.110132,0.152839
3750,152.156790486039,3.24289188850069,138956.671875,0.4911366543483892,56055.9665198368,20.589241,0.075878
3750,152.156790486039,3.24289188850069,138956.671875,0.4911366543483892,56055.97120725922,20.614229,0.090514
3750,152.156790486039,3.24289188850069,138956.671875,0.4911366543483892,56059.95673299115,20.111669,0.167287
3750,152.156790486039,3.24289188850069,138956.671875,0.4911366543483892,56067.964159999974,20.738565,0.184228
3750,152.156790486039,3.24289188850069,138956.671875,0.4911366543483892,56088.9528601747,20.203985,0.189291
3750,152.156790486039,3.24289188850069,138956.671875,0.4911366543483892,56693.17414897308,21.005406,0.260521
3750,152.156790486039,3.24289188850069,138956.671875,0.4911366543483892,56694.17305829562,20.820529,0.14884
3750,152.156790486039,3.24289188850069,138956.671875,0.4911366543483892,56694.296264115255,20.820938,0.128963
3750,152.156790486039,3.24289188850069,138956.671875,0.4911366543483892,56707.056954931,20.662865,0.184074
3750,152.156790486039,3.24289188850069,138956.671875,0.4911366543483892,56707.06208175048,20.800022,0.085799
3750,152.156790486039,3.24289188850069,138956.671875,0.4911366543483892,56708.05899943318,20.930065,0.104088
3750,152.156790486039,3.24289188850069,138956.671875,0.4911366543483892,56708.069276219234,20.862786,0.047372
3750,152.156790486039,3.24289188850069,138956.671875,0.4911366543483892,56709.05605611671,20.680347,0.192586
3750,152.156790486039,3.24289188850069,138956.671875,0.4911366543483892,56709.06628661323,20.994432,0.065997
3750,152.156790486039,3.24289188850069,138956.671875,0.4911366543483892,56711.04931357596,20.875918,0.208734
3750,152.156790486039,3.24289188850069,138956.671875,0.4911366543483892,56711.054451972246,21.083346,0.107992
3750,152.156790486039,3.24289188850069,138956.671875,0.4911366543483892,56715.04833005741,20.897865,0.056094
3750,152.156790486039,3.24289188850069,138956.671875,0.4911366543483892,56715.05859528715,21.155858,0.159618
3750,152.156790486039,3.24289188850069,138956.671875,0.4911366543483892,56767.01519693853,20.703699,0.246636
3750,152.156790486039,3.24289188850069,138956.671875,0.4911366543483892,56824.95508240629,21.181844,0.201447
3750,152.156790486039,3.24289188850069,138956.671875,0.4911366543483892,56825.960303457454,20.693135,0.175476
4570,160.62853499,-22.11608663,125489.976562,0.6231942681781649,55646.05884631071,20.684347,0.095628
4570,160.62853499,-22.11608663,125489.976562,0.6231942681781649,55646.17473959783,20.277039,0.108288
4570,160.62853499,-22.11608663,125489.976562,0.6231942681781649,56035.07185552362,20.077866,0.134123
4570,160.62853499,-22.11608663,125489.976562,0.6231942681781649,56035.15601670882,20.142666,0.127576
4570,160.62853499,-22.11608663,125489.976562,0.6231942681781649,56037.0591353355,20.124808,0.137206
4570,160.62853499,-22.11608663,125489.976562,0.6231942681781649,56037.14992820984,20.46046,0.167703
4570,160.62853499,-22.11608663,125489.976562,0.6231942681781649,56271.28037443338,20.005224,0.140921
4570,160.62853499,-22.11608663,125489.976562,0.6231942681781649,56271.337897075806,20.279571,0.124016
4570,160.62853499,-22.11608663,125489.976562,0.6231942681781649,56273.25879171025,20.295636,0.146112
4570,160.62853499,-22.11608663,125489.976562,0.6231942681781649,56273.339531501755,20.425124,0.15984
4570,160.62853499,-22.11608663,125489.976562,0.6231942681781649,56277.303107343614,20.604826,0.176565
4570,160.62853499,-22.11608663,125489.976562,0.6231942681781649,56279.32494368963,20.573255,0.178537
4570,160.62853499,-22.11608663,125489.976562,0.6231942681781649,56281.231742097996,20.298953,0.213121
4570,160.62853499,-22.11608663,125489.976562,0.6231942681781649,56281.30081455782,20.048334,0.144621
4570,160.62853499,-22.11608663,125489.976562,0.6231942681781649,56283.241808070336,20.498596,0.15991
4570,160.62853499,-22.11608663,125489.976562,0.6231942681781649,56283.3042948572,20.33375,0.13422
4570,160.62853499,-22.11608663,125489.976562,0.6231942681781649,56284.30336512346,20.643388,0.15984
4570,160.62853499,-22.11608663,125489.976562,0.6231942681781649,56286.22690881789,20.228349,0.162788
4570,160.62853499,-22.11608663,125489.976562,0.6231942681781649,56286.313376094215,20.262206,0.138292
4570,160.62853499,-22.11608663,125489.976562,0.6231942681781649,56298.338768746704,20.329627,0.220954
4570,160.62853499,-22.11608663,125489.976562,0.6231942681781649,56300.29645343963,20.775721,0.16377
4570,160.62853499,-22.11608663,125489.976562,0.6231942681781649,56302.21589472005,20.579641,0.172626
4570,160.62853499,-22.11608663,125489.976562,0.6231942681781649,56302.29512678459,20.60505,0.15101
4570,160.62853499,-22.11608663,125489.976562,0.6231942681781649,56306.24396685418,20.013626,0.151208
4570,160.62853499,-22.11608663,125489.976562,0.6231942681781649,56308.28205720615,20.77413,0.168689
4570,160.62853499,-22.11608663,125489.976562,0.6231942681781649,56396.02627622243,20.195635,0.138112
4570,160.62853499,-22.11608663,125489.976562,0.6231942681781649,56396.109302900266,20.495773,0.13634
4570,160.62853499,-22.11608663,125489.976562,0.6231942681781649,56398.028373550624,20.473904,0.141222
4570,160.62853499,-22.11608663,125489.976562,0.6231942681781649,56412.10790643981,20.043136,0.160822
4570,160.62853499,-22.11608663,125489.976562,0.6231942681781649,56416.02331079496,20.2035,0.139976
4570,160.62853499,-22.11608663,125489.976562,0.6231942681781649,56416.106570683885,20.631042,0.196304
4570,160.62853499,-22.11608663,125489.976562,0.6231942681781649,56424.002805034164,20.277845,0.138942
4570,160.62853499,-22.11608663,125489.976562,0.6231942681781649,56424.08728100266,20.170764,0.162104
4570,160.62853499,-22.11608663,125489.976562,0.6231942681781649,56636.25735569792,20.621407,0.178537
4570,160.62853499,-22.11608663,125489.976562,0.6231942681781649,56636.31238996005,20.803976,0.179522
4570,160.62853499,-22.11608663,125489.976562,0.6231942681781649,56645.33385114791,20.091333,0.165737
4570,160.62853499,-22.11608663,125489.976562,0.6231942681781649,56653.36059893714,20.212821,0.191085
4570,160.62853499,-22.11608663,125489.976562,0.6231942681781649,56655.229470107704,20.109751,0.135838
4570,160.62853499,-22.11608663,125489.976562,0.6231942681781649,56655.29913198156,20.311209,0.129757
4570,160.62853499,-22.11608663,125489.976562,0.6231942681781649,56659.218716005795,20.646144,0.176565
4570,160.62853499,-22.11608663,125489.976562,0.6231942681781649,56659.36438134825,20.589903,0.17361
4570,160.62853499,-22.11608663,125489.976562,0.6231942681781649,56661.21333118342,20.458421,0.168131
4570,160.62853499,-22.11608663,125489.976562,0.6231942681781649,56661.36237563705,20.486675,0.158857
4570,160.62853499,-22.11608663,125489.976562,0.6231942681781649,56663.36359389173,20.395794,0.132811
4570,160.62853499,-22.11608663,125489.976562,0.6231942681781649,56665.20872677583,20.103858,0.179254
4570,160.62853499,-22.11608663,125489.976562,0.6231942681781649,56665.351590234786,20.476301,0.175377
4570,160.62853499,-22.11608663,125489.976562,0.6231942681781649,56667.25458610896,20.69741,0.145134
4570,160.62853499,-22.11608663,125489.976562,0.6231942681781649,56685.20435681846,20.359988,0.139306
4570,160.62853499,-22.11608663,125489.976562,0.6231942681781649,56687.23790638847,20.648272,0.160822
4570,160.62853499,-22.11608663,125489.976562,0.6231942681781649,56689.10883706622,20.807427,0.19927
4570,160.62853499,-22.11608663,125489.976562,0.6231942681781649,56689.19350685645,20.774063,0.186429
4570,160.62853499,-22.11608663,125489.976562,0.6231942681781649,56691.10438545002,20.65831,0.178537
4570,160.62853499,-22.11608663,125489.976562,0.6231942681781649,56691.187515875325,20.766535,0.164753
4570,160.62853499,-22.11608663,125489.976562,0.6231942681781649,56698.17077867687,19.921737,0.130615
4570,160.62853499,-22.11608663,125489.976562,0.6231942681781649,56708.07614349341,20.536799,0.136855
4570,160.62853499,-22.11608663,125489.976562,0.6231942681781649,56708.16026842315,20.201349,0.155912
4570,160.62853499,-22.11608663,125489.976562,0.6231942681781649,56710.07086077845,20.03908,0.121991
4570,160.62853499,-22.11608663,125489.976562,0.6231942681781649,56710.155193968676,20.235587,0.128951
4570,160.62853499,-22.11608663,125489.976562,0.6231942681781649,56712.06110961363,20.603885,0.150029
4570,160.62853499,-22.11608663,125489.976562,0.6231942681781649,56712.14631073782,20.530324,0.146112
4570,160.62853499,-22.11608663,125489.976562,0.6231942681781649,56718.09566467302,20.087367,0.157287
4570,160.62853499,-22.11608663,125489.976562,0.6231942681781649,56718.180460643955,20.093842,0.127956
4570,160.62853499,-22.11608663,125489.976562,0.6231942681781649,56720.04138888279,20.156581,0.131468
4570,160.62853499,-22.11608663,125489.976562,0.6231942681781649,56720.12649731198,20.458914,0.150029
4570,160.62853499,-22.11608663,125489.976562,0.6231942681781649,56722.06736055901,20.708501,0.175581
4570,160.62853499,-22.11608663,125489.976562,0.6231942681781649,56724.15095449798,20.795977,0.190377
4570,160.62853499,-22.11608663,125489.976562,0.6231942681781649,56728.062019007746,19.681873,0.148668
4570,160.62853499,-22.11608663,125489.976562,0.6231942681781649,56728.14600486355,20.248493,0.182483
4570,160.62853499,-22.11608663,125489.976562,0.6231942681781649,56738.0612175609,19.954293,0.125321
4570,160.62853499,-22.11608663,125489.976562,0.6231942681781649,56738.14434720157,20.277733,0.17361
4570,160.62853499,-22.11608663,125489.976562,0.6231942681781649,56740.05143421888,20.2372,0.144551
4570,160.62853499,-22.11608663,125489.976562,0.6231942681781649,56740.13459864212,20.616858,0.138643
4570,160.62853499,-22.11608663,125489.976562,0.6231942681781649,56742.049637936056,20.72739,0.14709
4570,160.62853499,-22.11608663,125489.976562,0.6231942681781649,56744.04652412329,20.724455,0.177552
4570,160.62853499,-22.11608663,125489.976562,0.6231942681781649,56744.13169085048,20.716904,0.178537
4570,160.62853499,-22.11608663,125489.976562,0.6231942681781649,56746.12383412896,19.922834,0.128868
4570,160.62853499,-22.11608663,125489.976562,0.6231942681781649,56750.03189485194,20.055684,0.144009
4570,160.62853499,-22.11608663,125489.976562,0.6231942681781649,56750.11501341546,20.599067,0.167703
4570,160.62853499,-22.11608663,125489.976562,0.6231942681781649,56766.096660302486,19.972443,0.140246
4570,160.62853499,-22.11608663,125489.976562,0.6231942681781649,56768.0071403184,19.979501,0.138686
4570,160.62853499,-22.11608663,125489.976562,0.6231942681781649,56768.091081806924,20.248672,0.132441
4570,160.62853499,-22.11608663,125489.976562,0.6231942681781649,56770.0041464814,20.357165,0.155323
4570,160.62853499,-22.11608663,125489.976562,0.6231942681781649,56772.038805021904,20.504735,0.146112
4570,160.62853499,-22.11608663,125489.976562,0.6231942681781649,56772.12315192958,20.439599,0.154454
4570,160.62853499,-22.11608663,125489.976562,0.6231942681781649,57014.26998882508,20.415378,0.191366
4570,160.62853499,-22.11608663,125489.976562,0.6231942681781649,57014.355113842525,20.360347,0.158857
4570,160.62853499,-22.11608663,125489.976562,0.6231942681781649,57020.36302813282,19.85259,0.139269
4570,160.62853499,-22.11608663,125489.976562,0.6231942681781649,57037.18830613792,19.869215,0.132759
4570,160.62853499,-22.11608663,125489.976562,0.6231942681781649,57037.272641676944,20.12008,0.14709
4570,160.62853499,-22.11608663,125489.976562,0.6231942681781649,57039.15048553003,20.315444,0.188765
4570,160.62853499,-22.11608663,125489.976562,0.6231942681781649,57047.12892320985,20.261713,0.176565
4570,160.62853499,-22.11608663,125489.976562,0.6231942681781649,57072.06613294035,20.436216,0.178537
4570,160.62853499,-22.11608663,125489.976562,0.6231942681781649,57072.149968585465,20.416924,0.201248
4570,160.62853499,-22.11608663,125489.976562,0.6231942681781649,57092.07329483889,19.956243,0.144027
4570,160.62853499,-22.11608663,125489.976562,0.6231942681781649,57092.15855371812,19.915485,0.169672
4570,160.62853499,-22.11608663,125489.976562,0.6231942681781649,57095.13548597647,20.070494,0.152969
4570,160.62853499,-22.11608663,125489.976562,0.6231942681781649,57097.0487022982,20.101819,0.175381
4570,160.62853499,-22.11608663,125489.976562,0.6231942681781649,57362.318581795786,20.599829,0.183469
4570,160.62853499,-22.11608663,125489.976562,0.6231942681781649,57364.31808939064,20.474778,0.158685
4570,160.62853499,-22.11608663,125489.976562,0.6231942681781649,57374.33169498481,20.066663,0.146217
4570,160.62853499,-22.11608663,125489.976562,0.6231942681781649,57376.33491695253,20.402628,0.17442
4570,160.62853499,-22.11608663,125489.976562,0.6231942681781649,57390.192285311874,20.787037,0.185443
4570,160.62853499,-22.11608663,125489.976562,0.6231942681781649,57396.18511641631,20.406034,0.146112
4570,160.62853499,-22.11608663,125489.976562,0.6231942681781649,57396.26836465811,20.324048,0.188174
4570,160.62853499,-22.11608663,125489.976562,0.6231942681781649,57398.2146328236,20.487639,0.150673
4570,160.62853499,-22.11608663,125489.976562,0.6231942681781649,57402.202960792,20.76519,0.192353
4570,160.62853499,-22.11608663,125489.976562,0.6231942681781649,57403.161078083795,20.702832,0.208171
4570,160.62853499,-22.11608663,125489.976562,0.6231942681781649,57419.19291919842,20.12138,0.119816
4570,160.62853499,-22.11608663,125489.976562,0.6231942681781649,57421.104307672475,20.326042,0.157261
4570,160.62853499,-22.11608663,125489.976562,0.6231942681781649,57421.18793577328,20.23245,0.112088
4570,160.62853499,-22.11608663,125489.976562,0.6231942681781649,57423.098673302215,20.116271,0.180549
4570,160.62853499,-22.11608663,125489.976562,0.6231942681781649,57425.09204084426,20.36447,0.178537
4570,160.62853499,-22.11608663,125489.976562,0.6231942681781649,57429.16482627718,19.988419,0.129521
4570,160.62853499,-22.11608663,125489.976562,0.6231942681781649,57431.201354234945,20.517216,0.151452
4570,160.62853499,-22.11608663,125489.976562,0.6231942681781649,57445.04548328463,20.557727,0.18697
4570,160.62853499,-22.11608663,125489.976562,0.6231942681781649,57449.11984536564,20.267202,0.147769
4570,160.62853499,-22.11608663,125489.976562,0.6231942681781649,57451.04106917558,20.303949,0.126944
4570,160.62853499,-22.11608663,125489.976562,0.6231942681781649,57451.12549478561,20.375404,0.175301
4570,160.62853499,-22.11608663,125489.976562,0.6231942681781649,57453.03873295477,20.705409,0.18051
4570,160.62853499,-22.11608663,125489.976562,0.6231942681781649,57457.036583543755,20.690038,0.168689
4570,160.62853499,-22.11608663,125489.976562,0.6231942681781649,57457.119736123364,20.684347,0.160822
4570,160.62853499,-22.11608663,125489.976562,0.6231942681781649,57459.03320622491,20.42564,0.206931
4570,160.62853499,-22.11608663,125489.976562,0.6231942681781649,57459.11619680049,20.324631,0.186509
4570,160.62853499,-22.11608663,125489.976562,0.6231942681781649,57463.03118675528,20.367539,0.185443
4570,160.62853499,-22.11608663,125489.976562,0.6231942681781649,57463.114165816456,20.361198,0.176565
4667,162.028011827099,4.49336421886253,137262.375,0.2988554896609986,55260.14015606837,20.468727,0.182876
4667,162.028011827099,4.49336421886253,137262.375,0.2988554896609986,55261.050473497715,20.351171,0.209936
4667,162.028011827099,4.49336421886253,137262.375,0.2988554896609986,55261.09057380771,20.595976,0.183663
4667,162.028011827099,4.49336421886253,137262.375,0.2988554896609986,55262.17030808283,20.905776,0.208963
4667,162.028011827099,4.49336421886253,137262.375,0.2988554896609986,55264.04111304367,20.300379,0.138585
4667,162.028011827099,4.49336421886253,137262.375,0.2988554896609986,55264.1130737802,20.318151,0.133654
4667,162.028011827099,4.49336421886253,137262.375,0.2988554896609986,55265.040983221494,20.492935,0.188008
4667,162.028011827099,4.49336421886253,137262.375,0.2988554896609986,55265.143542931415,20.763679,0.166622
4667,162.028011827099,4.49336421886253,137262.375,0.2988554896609986,55266.09523520293,20.555435,0.134682
4667,162.028011827099,4.49336421886253,137262.375,0.2988554896609986,55266.174602701794,20.492651,0.152283
4667,162.028011827099,4.49336421886253,137262.375,0.2988554896609986,55267.10526725231,20.555806,0.138585
4667,162.028011827099,4.49336421886253,137262.375,0.2988554896609986,55267.18338490231,20.642142,0.140538
4667,162.028011827099,4.49336421886253,137262.375,0.2988554896609986,55268.12168802833,20.74847,0.166032
4667,162.028011827099,4.49336421886253,137262.375,0.2988554896609986,55269.123156962916,20.492407,0.128105
4667,162.028011827099,4.49336421886253,137262.375,0.2988554896609986,55271.07203878835,20.723186,0.16377
4667,162.028011827099,4.49336421886253,137262.375,0.2988554896609986,55271.15153377503,20.853399,0.17627
4667,162.028011827099,4.49336421886253,137262.375,0.2988554896609986,55272.11225566501,20.558428,0.143861
4667,162.028011827099,4.49336421886253,137262.375,0.2988554896609986,55273.133018896915,20.598519,0.237162
4667,162.028011827099,4.49336421886253,137262.375,0.2988554896609986,55273.17798008118,20.803575,0.179031
4667,162.028011827099,4.49336421886253,137262.375,0.2988554896609986,55274.03546010796,20.700397,0.174694
4667,162.028011827099,4.49336421886253,137262.375,0.2988554896609986,55274.105511638336,20.749291,0.19591
4667,162.028011827099,4.49336421886253,137262.375,0.2988554896609986,55275.03348349081,20.706383,0.172823
4667,162.028011827099,4.49336421886253,137262.375,0.2988554896609986,55275.11187922163,20.386441,0.144955
4667,162.028011827099,4.49336421886253,137262.375,0.2988554896609986,55276.108340917155,20.444754,0.169225
4667,162.028011827099,4.49336421886253,137262.375,0.2988554896609986,55277.11606383696,20.550779,0.147654
4667,162.028011827099,4.49336421886253,137262.375,0.2988554896609986,55278.12023451412,20.558017,0.211851
4667,162.028011827099,4.49336421886253,137262.375,0.2988554896609986,55278.17299608234,20.61589,0.171345
4667,162.028011827099,4.49336421886253,137262.375,0.2988554896609986,55645.04925570823,20.631432,0.139074
4667,162.028011827099,4.49336421886253,137262.375,0.2988554896609986,55645.133010020945,20.439433,0.174989
4667,162.028011827099,4.49336421886253,137262.375,0.2988554896609986,55658.98907920113,20.940527,0.174483
4667,162.028011827099,4.49336421886253,137262.375,0.2988554896609986,55659.071978160646,20.673675,0.116238
4667,162.028011827099,4.49336421886253,137262.375,0.2988554896609986,56013.13275168603,20.602842,0.16672
4667,162.028011827099,4.49336421886253,137262.375,0.2988554896609986,56711.18026896473,20.402794,0.201287
4667,162.028011827099,4.49336421886253,137262.375,0.2988554896609986,56711.263594182674,20.692572,0.201248
4667,162.028011827099,4.49336421886253,137262.375,0.2988554896609986,56713.14742689021,20.605963,0.163202
4667,162.028011827099,4.49336421886253,137262.375,0.2988554896609986,56713.23017346067,20.734053,0.194329
4667,162.028011827099,4.49336421886253,137262.375,0.2988554896609986,56723.20803847443,20.878614,0.16377
4667,162.028011827099,4.49336421886253,137262.375,0.2988554896609986,56725.20813684212,20.552882,0.135364
4667,162.028011827099,4.49336421886253,137262.375,0.2988554896609986,56737.12513590325,20.299538,0.17204
4667,162.028011827099,4.49336421886253,137262.375,0.2988554896609986,56739.09587557148,20.8105,0.197293
4667,162.028011827099,4.49336421886253,137262.375,0.2988554896609986,56739.17962978082,20.54359,0.170656
4667,162.028011827099,4.49336421886253,137262.375,0.2988554896609986,56741.173367993906,20.546514,0.143177
4667,162.028011827099,4.49336421886253,137262.375,0.2988554896609986,57071.29633547319,20.447464,0.184455
4907,165.1670934,-16.81677495,124931.796875,0.6562703210471507,55931.28015821194,20.515217,0.187414
4907,165.1670934,-16.81677495,124931.796875,0.6562703210471507,55943.3371715853,20.050883,0.184342
4907,165.1670934,-16.81677495,124931.796875,0.6562703210471507,55945.331796327606,20.20284,0.183199
4907,165.1670934,-16.81677495,124931.796875,0.6562703210471507,55946.32987085031,20.528479,0.162347
4907,165.1670934,-16.81677495,124931.796875,0.6562703210471507,55949.32011823449,20.378155,0.203225
4907,165.1670934,-16.81677495,124931.796875,0.6562703210471507,55951.315597998444,20.447194,0.14709
4907,165.1670934,-16.81677495,124931.796875,0.6562703210471507,55952.312867646106,20.810828,0.185533
4907,165.1670934,-16.81677495,124931.796875,0.6562703210471507,55954.30637398781,20.735018,0.184453
4907,165.1670934,-16.81677495,124931.796875,0.6562703210471507,55955.3043930023,20.301549,0.125632
4907,165.1670934,-16.81677495,124931.796875,0.6562703210471507,55958.294787422754,20.687307,0.176567
4907,165.1670934,-16.81677495,124931.796875,0.6562703210471507,55959.29220104031,20.616715,0.167703
4907,165.1670934,-16.81677495,124931.796875,0.6562703210471507,55960.28926661564,20.211143,0.128364
4907,165.1670934,-16.81677495,124931.796875,0.6562703210471507,55961.286470242776,20.676633,0.193342
4907,165.1670934,-16.81677495,124931.796875,0.6562703210471507,55962.28448318597,20.291692,0.206496
4907,165.1670934,-16.81677495,124931.796875,0.6562703210471507,55971.258234416135,20.588318,0.189195
4907,165.1670934,-16.81677495,124931.796875,0.6562703210471507,55973.25332028372,20.658114,0.259345
4907,165.1670934,-16.81677495,124931.796875,0.6562703210471507,55974.250584668014,20.356609,0.148409
4907,165.1670934,-16.81677495,124931.796875,0.6562703210471507,55976.24492680235,20.313238,0.151351
4907,165.1670934,-16.81677495,124931.796875,0.6562703210471507,55977.242363367695,20.696088,0.17558
4907,165.1670934,-16.81677495,124931.796875,0.6562703210471507,55978.23913984746,20.49393,0.151007
4907,165.1670934,-16.81677495,124931.796875,0.6562703210471507,55981.23108722828,20.726097,0.199093
4907,165.1670934,-16.81677495,124931.796875,0.6562703210471507,55982.22754979227,20.653693,0.172625
4907,165.1670934,-16.81677495,124931.796875,0.6562703210471507,55985.21920408774,19.960118,0.138691
4907,165.1670934,-16.81677495,124931.796875,0.6562703210471507,55986.21656828374,20.527464,0.175857
4907,165.1670934,-16.81677495,124931.796875,0.6562703210471507,55987.213018002454,20.115361,0.136608
4907,165.1670934,-16.81677495,124931.796875,0.6562703210471507,55988.21015034476,20.614624,0.15984
4907,165.1670934,-16.81677495,124931.796875,0.6562703210471507,55989.20745612169,20.16847,0.171601
4907,165.1670934,-16.81677495,124931.796875,0.6562703210471507,55991.20173166832,19.921109,0.144155
4907,165.1670934,-16.81677495,124931.796875,0.6562703210471507,56004.16502658138,20.618248,0.176838
4907,165.1670934,-16.81677495,124931.796875,0.6562703210471507,56005.1628424176,20.492775,0.202091
4907,165.1670934,-16.81677495,124931.796875,0.6562703210471507,56012.143338199705,20.067291,0.114673
4907,165.1670934,-16.81677495,124931.796875,0.6562703210471507,56016.13112091273,19.909001,0.117826
4907,165.1670934,-16.81677495,124931.796875,0.6562703210471507,56067.997808071785,20.026449,0.252176
4907,165.1670934,-16.81677495,124931.796875,0.6562703210471507,56270.340141422115,20.472583,0.165737
4907,165.1670934,-16.81677495,124931.796875,0.6562703210471507,56272.2727678339,20.662276,0.188403
4907,165.1670934,-16.81677495,124931.796875,0.6562703210471507,56272.338473324664,20.529674,0.143178
4907,165.1670934,-16.81677495,124931.796875,0.6562703210471507,56276.25109170703,20.45488,0.172625
4907,165.1670934,-16.81677495,124931.796875,0.6562703210471507,56276.341715412214,20.659667,0.161803
4907,165.1670934,-16.81677495,124931.796875,0.6562703210471507,56282.300861737225,20.677529,0.177552
4907,165.1670934,-16.81677495,124931.796875,0.6562703210471507,56285.29717343487,20.341694,0.171359
4907,165.1670934,-16.81677495,124931.796875,0.6562703210471507,56299.205880704336,20.774825,0.228386
4907,165.1670934,-16.81677495,124931.796875,0.6562703210471507,56301.207229507156,20.611696,0.181494
4907,165.1670934,-16.81677495,124931.796875,0.6562703210471507,56301.290095710196,20.670799,0.149935
4907,165.1670934,-16.81677495,124931.796875,0.6562703210471507,56305.188200043514,20.651702,0.23223
4907,165.1670934,-16.81677495,124931.796875,0.6562703210471507,56305.27251251275,20.755907,0.161803
4907,165.1670934,-16.81677495,124931.796875,0.6562703210471507,56396.035746407695,20.580532,0.143178
4907,165.1670934,-16.81677495,124931.796875,0.6562703210471507,56396.118818930816,20.16156,0.146923
4907,165.1670934,-16.81677495,124931.796875,0.6562703210471507,56398.03791396599,20.146207,0.143492
4907,165.1670934,-16.81677495,124931.796875,0.6562703210471507,56402.04916951107,20.203855,0.192352
4907,165.1670934,-16.81677495,124931.796875,0.6562703210471507,56416.03385736933,20.749953,0.177552
4907,165.1670934,-16.81677495,124931.796875,0.6562703210471507,56416.11746405298,20.557752,0.148069
4907,165.1670934,-16.81677495,124931.796875,0.6562703210471507,56424.01211011782,20.728646,0.174596
4907,165.1670934,-16.81677495,124931.796875,0.6562703210471507,56631.325309719425,20.697403,0.203225
4907,165.1670934,-16.81677495,124931.796875,0.6562703210471507,56635.32401971286,20.381242,0.208353
4907,165.1670934,-16.81677495,124931.796875,0.6562703210471507,56637.268938542344,20.637185,0.21213
4907,165.1670934,-16.81677495,124931.796875,0.6562703210471507,56637.32574366592,20.645111,0.184656
4907,165.1670934,-16.81677495,124931.796875,0.6562703210471507,56639.32419745019,20.75067,0.186428
4907,165.1670934,-16.81677495,124931.796875,0.6562703210471507,56655.28035744652,20.340201,0.165361
4907,165.1670934,-16.81677495,124931.796875,0.6562703210471507,56655.342623785604,20.058469,0.142162
4907,165.1670934,-16.81677495,124931.796875,0.6562703210471507,56657.34351145942,20.151324,0.130381
4907,165.1670934,-16.81677495,124931.796875,0.6562703210471507,56659.25928120129,19.757263,0.167355
4907,165.1670934,-16.81677495,124931.796875,0.6562703210471507,56659.34565500682,20.233108,0.197247
4907,165.1670934,-16.81677495,124931.796875,0.6562703210471507,56661.23256651545,19.959601,0.12241
4907,165.1670934,-16.81677495,124931.796875,0.6562703210471507,56661.35325572686,20.275961,0.179875
4907,165.1670934,-16.81677495,124931.796875,0.6562703210471507,56663.22731545381,20.27624,0.17784
4907,165.1670934,-16.81677495,124931.796875,0.6562703210471507,56663.35453181667,20.365829,0.239183
4907,165.1670934,-16.81677495,124931.796875,0.6562703210471507,56665.22320486419,20.206504,0.16817
4907,165.1670934,-16.81677495,124931.796875,0.6562703210471507,56665.3448424614,20.416209,0.207642
4907,165.1670934,-16.81677495,124931.796875,0.6562703210471507,56667.26709587453,20.438313,0.157267
4907,165.1670934,-16.81677495,124931.796875,0.6562703210471507,56669.319025103,20.246828,0.144481
4907,165.1670934,-16.81677495,124931.796875,0.6562703210471507,56679.229428561404,20.373694,0.191365
4907,165.1670934,-16.81677495,124931.796875,0.6562703210471507,56681.14661618974,20.463264,0.178539
4907,165.1670934,-16.81677495,124931.796875,0.6562703210471507,56687.187429877464,20.464518,0.168688
4907,165.1670934,-16.81677495,124931.796875,0.6562703210471507,56687.271335772704,20.533438,0.15377
4907,165.1670934,-16.81677495,124931.796875,0.6562703210471507,56689.31487641204,20.631709,0.166144
4907,165.1670934,-16.81677495,124931.796875,0.6562703210471507,56709.241863251664,20.404739,0.164752
4907,165.1670934,-16.81677495,124931.796875,0.6562703210471507,56711.23489381885,20.203855,0.186505
4907,165.1670934,-16.81677495,124931.796875,0.6562703210471507,56713.23969281092,20.560261,0.154025
4907,165.1670934,-16.81677495,124931.796875,0.6562703210471507,56714.18011822365,20.566175,0.14905
4907,165.1670934,-16.81677495,124931.796875,0.6562703210471507,56716.17581916787,20.788983,0.162939
4907,165.1670934,-16.81677495,124931.796875,0.6562703210471507,56718.10058814986,20.570655,0.194328
4907,165.1670934,-16.81677495,124931.796875,0.6562703210471507,56718.1853258824,20.970292,0.2151
4907,165.1670934,-16.81677495,124931.796875,0.6562703210471507,56720.04625740182,20.645688,0.189389
4907,165.1670934,-16.81677495,124931.796875,0.6562703210471507,56720.131377020385,20.823831,0.194328
4907,165.1670934,-16.81677495,124931.796875,0.6562703210471507,56722.157570914365,20.944365,0.174596
4907,165.1670934,-16.81677495,124931.796875,0.6562703210471507,56724.15582724428,20.603213,0.168372
4907,165.1670934,-16.81677495,124931.796875,0.6562703210471507,56726.153585847,20.388828,0.199219
4907,165.1670934,-16.81677495,124931.796875,0.6562703210471507,56738.065997983795,20.110363,0.163744
4907,165.1670934,-16.81677495,124931.796875,0.6562703210471507,56738.149127191864,20.315349,0.184833
4907,165.1670934,-16.81677495,124931.796875,0.6562703210471507,56740.05623895861,20.355036,0.127785
4907,165.1670934,-16.81677495,124931.796875,0.6562703210471507,56740.139379798435,20.396017,0.196577
4907,165.1670934,-16.81677495,124931.796875,0.6562703210471507,56742.05443213973,20.176813,0.150281
4907,165.1670934,-16.81677495,124931.796875,0.6562703210471507,56744.05127299996,20.404878,0.149356
4907,165.1670934,-16.81677495,124931.796875,0.6562703210471507,56744.13645084575,20.479732,0.153949
4907,165.1670934,-16.81677495,124931.796875,0.6562703210471507,56746.04334767489,20.396555,0.16615
4907,165.1670934,-16.81677495,124931.796875,0.6562703210471507,56746.1285950453,20.853761,0.203225
4907,165.1670934,-16.81677495,124931.796875,0.6562703210471507,56750.03669258952,20.727432,0.165737
4907,165.1670934,-16.81677495,124931.796875,0.6562703210471507,56750.11972969212,20.609864,0.160182
4907,165.1670934,-16.81677495,124931.796875,0.6562703210471507,56752.120479635894,20.625914,0.170943
4907,165.1670934,-16.81677495,124931.796875,0.6562703210471507,56756.03323314106,20.544987,0.262193
4907,165.1670934,-16.81677495,124931.796875,0.6562703210471507,56766.01830989262,20.386638,0.138705
4907,165.1670934,-16.81677495,124931.796875,0.6562703210471507,56768.094578461256,20.567589,0.16813
4907,165.1670934,-16.81677495,124931.796875,0.6562703210471507,56770.0087672011,20.616177,0.158856
4907,165.1670934,-16.81677495,124931.796875,0.6562703210471507,56770.09181727329,20.606619,0.164752
4907,165.1670934,-16.81677495,124931.796875,0.6562703210471507,56772.04341507284,20.536703,0.187468
4907,165.1670934,-16.81677495,124931.796875,0.6562703210471507,56772.12774996739,19.963006,0.112681
4907,165.1670934,-16.81677495,124931.796875,0.6562703210471507,56855.96549126366,20.627607,0.150028
4907,165.1670934,-16.81677495,124931.796875,0.6562703210471507,56855.996268514544,20.86991,0.299878
4907,165.1670934,-16.81677495,124931.796875,0.6562703210471507,57043.149596069474,19.975372,0.199271
4907,165.1670934,-16.81677495,124931.796875,0.6562703210471507,57045.262386986054,20.19579,0.193342
4907,165.1670934,-16.81677495,124931.796875,0.6562703210471507,57068.24808509974,20.483535,0.183468
4907,165.1670934,-16.81677495,124931.796875,0.6562703210471507,57068.32276627282,20.165144,0.206722
4907,165.1670934,-16.81677495,124931.796875,0.6562703210471507,57070.07923698891,19.915553,0.154931
4907,165.1670934,-16.81677495,124931.796875,0.6562703210471507,57095.05516518559,20.273312,0.243384
4907,165.1670934,-16.81677495,124931.796875,0.6562703210471507,57133.07959712483,20.128842,0.202237
4907,165.1670934,-16.81677495,124931.796875,0.6562703210471507,57362.28049576515,20.42752,0.182565
4907,165.1670934,-16.81677495,124931.796875,0.6562703210471507,57364.27919859579,20.621991,0.217038
4907,165.1670934,-16.81677495,124931.796875,0.6562703210471507,57364.32072628848,20.581389,0.16672
4907,165.1670934,-16.81677495,124931.796875,0.6562703210471507,57374.30966610834,20.534692,0.158856
4907,165.1670934,-16.81677495,124931.796875,0.6562703210471507,57376.310530278366,20.539113,0.169104
4907,165.1670934,-16.81677495,124931.796875,0.6562703210471507,57390.28922558483,20.357505,0.185859
4907,165.1670934,-16.81677495,124931.796875,0.6562703210471507,57396.246733235195,20.107237,0.219706
4907,165.1670934,-16.81677495,124931.796875,0.6562703210471507,57396.352515050676,20.351949,0.171587
4907,165.1670934,-16.81677495,124931.796875,0.6562703210471507,57398.25149294967,20.023402,0.156065
4907,165.1670934,-16.81677495,124931.796875,0.6562703210471507,57398.35115212714,20.1982,0.163696
4907,165.1670934,-16.81677495,124931.796875,0.6562703210471507,57400.3125408194,20.307324,0.159408
4907,165.1670934,-16.81677495,124931.796875,0.6562703210471507,57402.23710973747,20.432617,0.151135
4907,165.1670934,-16.81677495,124931.796875,0.6562703210471507,57402.30744139012,20.427062,0.139799
4907,165.1670934,-16.81677495,124931.796875,0.6562703210471507,57403.25066269934,20.723648,0.16672
4907,165.1670934,-16.81677495,124931.796875,0.6562703210471507,57405.241077390965,20.843983,0.197293
4907,165.1670934,-16.81677495,124931.796875,0.6562703210471507,57417.12462491961,20.71399,0.196306
4907,165.1670934,-16.81677495,124931.796875,0.6562703210471507,57419.118795350194,20.633481,0.197293
4907,165.1670934,-16.81677495,124931.796875,0.6562703210471507,57419.203025187366,20.149293,0.129522
4907,165.1670934,-16.81677495,124931.796875,0.6562703210471507,57421.19800212467,20.073325,0.124573
4907,165.1670934,-16.81677495,124931.796875,0.6562703210471507,57423.10885037482,20.400896,0.199271
4907,165.1670934,-16.81677495,124931.796875,0.6562703210471507,57423.193600727245,20.262997,0.148239
4907,165.1670934,-16.81677495,124931.796875,0.6562703210471507,57425.102976210415,20.098276,0.255359
4907,165.1670934,-16.81677495,124931.796875,0.6562703210471507,57425.18658069195,20.063308,0.167079
4907,165.1670934,-16.81677495,124931.796875,0.6562703210471507,57427.09624270769,19.773592,0.250681
4907,165.1670934,-16.81677495,124931.796875,0.6562703210471507,57427.18102753116,20.400478,0.144155
4907,165.1670934,-16.81677495,124931.796875,0.6562703210471507,57429.09178636782,19.990466,0.211408
4907,165.1670934,-16.81677495,124931.796875,0.6562703210471507,57429.17486982886,20.215982,0.18208
4907,165.1670934,-16.81677495,124931.796875,0.6562703210471507,57433.07961411169,19.941938,0.167703
4907,165.1670934,-16.81677495,124931.796875,0.6562703210471507,57433.162269169465,20.270146,0.142173
4907,165.1670934,-16.81677495,124931.796875,0.6562703210471507,57447.04586821562,20.638778,0.183468
4907,165.1670934,-16.81677495,124931.796875,0.6562703210471507,57451.04491706146,20.403704,0.215952
4907,165.1670934,-16.81677495,124931.796875,0.6562703210471507,57451.13277947763,20.828411,0.172625
4907,165.1670934,-16.81677495,124931.796875,0.6562703210471507,57455.25539176352,20.294759,0.172959
4907,165.1670934,-16.81677495,124931.796875,0.6562703210471507,57457.04381746054,20.836894,0.195316
4907,165.1670934,-16.81677495,124931.796875,0.6562703210471507,57457.126981214155,20.679501,0.14709
4907,165.1670934,-16.81677495,124931.796875,0.6562703210471507,57459.123466928955,20.806586,0.204213
4907,165.1670934,-16.81677495,124931.796875,0.6562703210471507,57463.12138138339,20.437038,0.161803
5113,167.79180586,-21.78803049,138765.828125,0.3862917005536352,55646.09789529536,20.830758,0.218533
5113,167.79180586,-21.78803049,138765.828125,0.3862917005536352,55646.2138458821,21.300775,0.243753
5113,167.79180586,-21.78803049,138765.828125,0.3862917005536352,55652.05159762176,21.220605,0.192541
5113,167.79180586,-21.78803049,138765.828125,0.3862917005536352,55652.13453042228,20.417913,0.172681
5113,167.79180586,-21.78803049,138765.828125,0.3862917005536352,55652.22092358116,20.339105,0.123475
5113,167.79180586,-21.78803049,138765.828125,0.3862917005536352,55652.99772148533,20.716956,0.150442
5113,167.79180586,-21.78803049,138765.828125,0.3862917005536352,56056.02303312067,20.734593,0.184653
5113,167.79180586,-21.78803049,138765.828125,0.3862917005536352,56068.00161968544,20.909285,0.172625
5113,167.79180586,-21.78803049,138765.828125,0.3862917005536352,56271.324338977225,20.685419,0.21609
5113,167.79180586,-21.78803049,138765.828125,0.3862917005536352,56273.334303549025,20.227269,0.155071
5113,167.79180586,-21.78803049,138765.828125,0.3862917005536352,56277.30980464863,20.54248,0.170656
5113,167.79180586,-21.78803049,138765.828125,0.3862917005536352,56283.3092778069,20.758089,0.160822
5113,167.79180586,-21.78803049,138765.828125,0.3862917005536352,56284.30013974942,20.759407,0.199271
5113,167.79180586,-21.78803049,138765.828125,0.3862917005536352,56300.33919199696,20.467714,0.131468
5113,167.79180586,-21.78803049,138765.828125,0.3862917005536352,56302.34271745384,20.303548,0.163669
5113,167.79180586,-21.78803049,138765.828125,0.3862917005536352,56304.219264423475,20.502557,0.18051
5113,167.79180586,-21.78803049,138765.828125,0.3862917005536352,56304.29841583269,20.965873,0.211141
5113,167.79180586,-21.78803049,138765.828125,0.3862917005536352,56308.28607885353,21.128374,0.213121
5113,167.79180586,-21.78803049,138765.828125,0.3862917005536352,56396.12281491142,20.670786,0.169667
5113,167.79180586,-21.78803049,138765.828125,0.3862917005536352,56412.03281714162,20.299312,0.13439
5113,167.79180586,-21.78803049,138765.828125,0.3862917005536352,56416.03776275227,20.918212,0.194329
5113,167.79180586,-21.78803049,138765.828125,0.3862917005536352,56424.016010416206,20.163505,0.157939
5113,167.79180586,-21.78803049,138765.828125,0.3862917005536352,56424.100392955355,20.478932,0.125634
5113,167.79180586,-21.78803049,138765.828125,0.3862917005536352,56639.31235704897,20.777975,0.194329
5113,167.79180586,-21.78803049,138765.828125,0.3862917005536352,56653.35031277686,20.618586,0.211141
5113,167.79180586,-21.78803049,138765.828125,0.3862917005536352,56659.222610827535,20.438555,0.182481
5113,167.79180586,-21.78803049,138765.828125,0.3862917005536352,56659.296763494145,20.443138,0.173461
5113,167.79180586,-21.78803049,138765.828125,0.3862917005536352,56669.297524789814,20.318873,0.183535
5113,167.79180586,-21.78803049,138765.828125,0.3862917005536352,56685.21783960564,20.786037,0.176567
5113,167.79180586,-21.78803049,138765.828125,0.3862917005536352,56687.24434997095,20.960945,0.225008
5113,167.79180586,-21.78803049,138765.828125,0.3862917005536352,56710.15933030518,21.007028,0.198281
5113,167.79180586,-21.78803049,138765.828125,0.3862917005536352,56712.067607296165,20.748751,0.197293
5113,167.79180586,-21.78803049,138765.828125,0.3862917005536352,56712.15285471734,20.154362,0.145916
5113,167.79180586,-21.78803049,138765.828125,0.3862917005536352,56714.0871810792,20.353782,0.187416
5113,167.79180586,-21.78803049,138765.828125,0.3862917005536352,56714.16992864385,20.435464,0.186981
5113,167.79180586,-21.78803049,138765.828125,0.3862917005536352,56716.179767845664,20.965398,0.176567
5113,167.79180586,-21.78803049,138765.828125,0.3862917005536352,56720.135350786615,20.812256,0.179523
5113,167.79180586,-21.78803049,138765.828125,0.3862917005536352,56724.159778104164,20.081563,0.154661
5113,167.79180586,-21.78803049,138765.828125,0.3862917005536352,56726.07458618749,20.005306,0.1422
5113,167.79180586,-21.78803049,138765.828125,0.3862917005536352,56726.15755340224,20.606244,0.189389
5113,167.79180586,-21.78803049,138765.828125,0.3862917005536352,56738.06999711832,20.31267,0.131336
5113,167.79180586,-21.78803049,138765.828125,0.3862917005536352,56738.15313797444,20.747087,0.199271
5113,167.79180586,-21.78803049,138765.828125,0.3862917005536352,56740.06025121035,20.339343,0.13634
5113,167.79180586,-21.78803049,138765.828125,0.3862917005536352,56740.143368957564,20.654035,0.155913
5113,167.79180586,-21.78803049,138765.828125,0.3862917005536352,56742.05842227163,20.877749,0.174596
5113,167.79180586,-21.78803049,138765.828125,0.3862917005536352,56742.145081424154,20.719204,0.192225
5113,167.79180586,-21.78803049,138765.828125,0.3862917005536352,56748.143769115675,20.394137,0.172767
5113,167.79180586,-21.78803049,138765.828125,0.3862917005536352,56750.04066997534,20.352593,0.118849
5113,167.79180586,-21.78803049,138765.828125,0.3862917005536352,56750.1237185942,20.653754,0.165531
5113,167.79180586,-21.78803049,138765.828125,0.3862917005536352,56752.04001785023,20.855637,0.188403
5113,167.79180586,-21.78803049,138765.828125,0.3862917005536352,56766.022282964084,21.012691,0.205203
5113,167.79180586,-21.78803049,138765.828125,0.3862917005536352,56768.01580838906,20.959605,0.183469
5113,167.79180586,-21.78803049,138765.828125,0.3862917005536352,56770.01271674922,20.86197,0.200258
5113,167.79180586,-21.78803049,138765.828125,0.3862917005536352,56770.09577812487,20.557135,0.138292
5113,167.79180586,-21.78803049,138765.828125,0.3862917005536352,56772.047369346954,20.160133,0.154047
5113,167.79180586,-21.78803049,138765.828125,0.3862917005536352,56772.131692373194,20.465769,0.134984
5113,167.79180586,-21.78803049,138765.828125,0.3862917005536352,56855.973045992665,20.437194,0.162434
5113,167.79180586,-21.78803049,138765.828125,0.3862917005536352,56856.00379985897,20.650317,0.152581
5113,167.79180586,-21.78803049,138765.828125,0.3862917005536352,57041.27631767094,20.495381,0.233931
5113,167.79180586,-21.78803049,138765.828125,0.3862917005536352,57129.04461215017,20.37678,0.171642
5113,167.79180586,-21.78803049,138765.828125,0.3862917005536352,57152.97930411901,20.385339,0.19334
5113,167.79180586,-21.78803049,138765.828125,0.3862917005536352,57364.277882577386,20.476511,0.161804
5113,167.79180586,-21.78803049,138765.828125,0.3862917005536352,57364.33373936685,20.754955,0.174596
5113,167.79180586,-21.78803049,138765.828125,0.3862917005536352,57374.24884503707,20.136854,0.184084
5113,167.79180586,-21.78803049,138765.828125,0.3862917005536352,57374.330777099356,20.757916,0.166721
5113,167.79180586,-21.78803049,138765.828125,0.3862917005536352,57396.22161767166,20.6616,0.185442
5113,167.79180586,-21.78803049,138765.828125,0.3862917005536352,57396.36612553988,20.58839,0.20669
5113,167.79180586,-21.78803049,138765.828125,0.3862917005536352,57398.218603784684,20.572849,0.232719
5113,167.79180586,-21.78803049,138765.828125,0.3862917005536352,57398.29658644553,20.474804,0.195812
5113,167.79180586,-21.78803049,138765.828125,0.3862917005536352,57402.206993690226,20.471864,0.162394
5113,167.79180586,-21.78803049,138765.828125,0.3862917005536352,57402.290276618674,20.847142,0.161804
5113,167.79180586,-21.78803049,138765.828125,0.3862917005536352,57403.25436037686,20.391262,0.124662
5113,167.79180586,-21.78803049,138765.828125,0.3862917005536352,57405.24478969397,20.380692,0.175172
5113,167.79180586,-21.78803049,138765.828125,0.3862917005536352,57417.12975069601,20.559102,0.186428
5113,167.79180586,-21.78803049,138765.828125,0.3862917005536352,57421.201822999865,20.641195,0.174596
5113,167.79180586,-21.78803049,138765.828125,0.3862917005536352,57427.18487255555,20.424203,0.198003
5113,167.79180586,-21.78803049,138765.828125,0.3862917005536352,57429.17874918785,20.872345,0.207182
5113,167.79180586,-21.78803049,138765.828125,0.3862917005536352,57451.05242186785,20.591243,0.191365
5113,167.79180586,-21.78803049,138765.828125,0.3862917005536352,57451.13674320141,20.460992,0.135218
5113,167.79180586,-21.78803049,138765.828125,0.3862917005536352,57453.135121342726,20.682437,0.150029
5113,167.79180586,-21.78803049,138765.828125,0.3862917005536352,57457.13094987394,20.81418,0.17558
5113,167.79180586,-21.78803049,138765.828125,0.3862917005536352,57463.12537360797,20.525577,0.184454
5189,168.64462484,-21.96996329,141273.796875,0.5883429834121168,55646.32238728693,20.500771,0.183568
5189,168.64462484,-21.96996329,141273.796875,0.5883429834121168,56269.32070408482,20.182258,0.194037
5189,168.64462484,-21.96996329,141273.796875,0.5883429834121168,56271.3243466299,20.844089,0.221043
5189,168.64462484,-21.96996329,141273.796875,0.5883429834121168,56279.31346149044,20.09442,0.132619
5189,168.64462484,-21.96996329,141273.796875,0.5883429834121168,56283.30930170184,20.825612,0.161803
5189,168.64462484,-21.96996329,141273.796875,0.5883429834121168,56284.30016495148,20.888214,0.187415
5189,168.64462484,-21.96996329,141273.796875,0.5883429834121168,56292.30122925155,19.994508,0.169672
5189,168.64462484,-21.96996329,141273.796875,0.5883429834121168,56298.227386278566,20.441763,0.198282
5189,168.64462484,-21.96996329,141273.796875,0.5883429834121168,56300.33923711674,21.0804,0.205203
5189,168.64462484,-21.96996329,141273.796875,0.5883429834121168,56302.21989975218,20.469901,0.14807
5189,168.64462484,-21.96996329,141273.796875,0.5883429834121168,56302.342764856294,20.508297,0.126604
5189,168.64462484,-21.96996329,141273.796875,0.5883429834121168,56304.29846540978,20.892351,0.187415
5189,168.64462484,-21.96996329,141273.796875,0.5883429834121168,56308.28613269422,20.628483,0.150029
5189,168.64462484,-21.96996329,141273.796875,0.5883429834121168,56416.03781054402,20.747097,0.169672
5189,168.64462484,-21.96996329,141273.796875,0.5883429834121168,56424.01604885142,20.130739,0.147886
5189,168.64462484,-21.96996329,141273.796875,0.5883429834121168,56424.100431287196,20.438169,0.146536
5189,168.64462484,-21.96996329,141273.796875,0.5883429834121168,56636.31779467454,21.062615,0.201246
5189,168.64462484,-21.96996329,141273.796875,0.5883429834121168,56639.312368456274,20.729893,0.174596
5189,168.64462484,-21.96996329,141273.796875,0.5883429834121168,56655.233375818,20.207961,0.146441
5189,168.64462484,-21.96996329,141273.796875,0.5883429834121168,56655.35860406887,20.673694,0.154932
5189,168.64462484,-21.96996329,141273.796875,0.5883429834121168,56661.21964295069,20.593738,0.192353
5189,168.64462484,-21.96996329,141273.796875,0.5883429834121168,56665.293253561016,20.332678,0.196897
5189,168.64462484,-21.96996329,141273.796875,0.5883429834121168,56667.29352998454,20.989773,0.201246
5189,168.64462484,-21.96996329,141273.796875,0.5883429834121168,56681.145736726,20.181191,0.175338
5189,168.64462484,-21.96996329,141273.796875,0.5883429834121168,56685.21790447272,20.548827,0.151009
5189,168.64462484,-21.96996329,141273.796875,0.5883429834121168,56687.24441650743,20.741275,0.163769
5189,168.64462484,-21.96996329,141273.796875,0.5883429834121168,56691.201300953515,20.352765,0.121165
5189,168.64462484,-21.96996329,141273.796875,0.5883429834121168,56698.18011061521,20.305178,0.150181
5189,168.64462484,-21.96996329,141273.796875,0.5883429834121168,56710.07507672906,20.677101,0.158858
5189,168.64462484,-21.96996329,141273.796875,0.5883429834121168,56710.159409980755,20.764845,0.168688
5189,168.64462484,-21.96996329,141273.796875,0.5883429834121168,56714.08726187283,20.489145,0.205203
5189,168.64462484,-21.96996329,141273.796875,0.5883429834121168,56714.170009457506,20.362425,0.17959
5189,168.64462484,-21.96996329,141273.796875,0.5883429834121168,56718.21644423623,20.131806,0.109567
5189,168.64462484,-21.96996329,141273.796875,0.5883429834121168,56720.050289574545,20.510674,0.172626
5189,168.64462484,-21.96996329,141273.796875,0.5883429834121168,56720.13543261867,20.55727,0.151009
5189,168.64462484,-21.96996329,141273.796875,0.5883429834121168,56724.07468247553,20.421526,0.177773
5189,168.64462484,-21.96996329,141273.796875,0.5883429834121168,56724.159860165324,20.417352,0.141221
5189,168.64462484,-21.96996329,141273.796875,0.5883429834121168,56738.07007712126,20.631291,0.153951
5189,168.64462484,-21.96996329,141273.796875,0.5883429834121168,56740.06033056043,20.631142,0.154932
5189,168.64462484,-21.96996329,141273.796875,0.5883429834121168,56740.14344827877,20.619291,0.144118
5189,168.64462484,-21.96996329,141273.796875,0.5883429834121168,56742.14515999565,21.012519,0.187415
5189,168.64462484,-21.96996329,141273.796875,0.5883429834121168,56744.05535297701,20.34348,0.125927
5189,168.64462484,-21.96996329,141273.796875,0.5883429834121168,56744.14051922178,20.514999,0.150029
5189,168.64462484,-21.96996329,141273.796875,0.5883429834121168,56746.04742670618,20.937861,0.213121
5189,168.64462484,-21.96996329,141273.796875,0.5883429834121168,56750.040744742844,20.509139,0.146111
5189,168.64462484,-21.96996329,141273.796875,0.5883429834121168,56750.12379331514,20.660234,0.167704
5189,168.64462484,-21.96996329,141273.796875,0.5883429834121168,56754.10902940435,19.862078,0.238467
5189,168.64462484,-21.96996329,141273.796875,0.5883429834121168,56766.02234612126,20.630711,0.164753
5189,168.64462484,-21.96996329,141273.796875,0.5883429834121168,56770.0127762584,20.372759,0.143434
5189,168.64462484,-21.96996329,141273.796875,0.5883429834121168,56770.09583755536,20.540346,0.159841
5189,168.64462484,-21.96996329,141273.796875,0.5883429834121168,56855.97299731849,20.455018,0.139357
5189,168.64462484,-21.96996329,141273.796875,0.5883429834121168,56856.003751151264,20.590443,0.139831
5189,168.64462484,-21.96996329,141273.796875,0.5883429834121168,57018.247689430136,20.221777,0.149049
5189,168.64462484,-21.96996329,141273.796875,0.5883429834121168,57018.30724827852,20.430849,0.205203
5189,168.64462484,-21.96996329,141273.796875,0.5883429834121168,57094.1320361956,20.141334,0.156895
5189,168.64462484,-21.96996329,141273.796875,0.5883429834121168,57123.0018716678,20.407243,0.184454
5189,168.64462484,-21.96996329,141273.796875,0.5883429834121168,57137.077593178954,20.367854,0.176567
5189,168.64462484,-21.96996329,141273.796875,0.5883429834121168,57152.97817551857,19.860394,0.235919
5189,168.64462484,-21.96996329,141273.796875,0.5883429834121168,57152.97934444016,20.261296,0.258492
5189,168.64462484,-21.96996329,141273.796875,0.5883429834121168,57364.27788633946,20.230538,0.146645
5189,168.64462484,-21.96996329,141273.796875,0.5883429834121168,57364.333743206225,20.705013,0.184454
5189,168.64462484,-21.96996329,141273.796875,0.5883429834121168,57374.24886246724,20.456366,0.179524
5189,168.64462484,-21.96996329,141273.796875,0.5883429834121168,57374.33079464035,20.687603,0.161803
5189,168.64462484,-21.96996329,141273.796875,0.5883429834121168,57388.33257557219,20.156929,0.182481
5189,168.64462484,-21.96996329,141273.796875,0.5883429834121168,57390.20434665494,20.500471,0.14807
5189,168.64462484,-21.96996329,141273.796875,0.5883429834121168,57398.29663405428,20.511816,0.123743
5189,168.64462484,-21.96996329,141273.796875,0.5883429834121168,57403.16984580364,20.665794,0.198282
5189,168.64462484,-21.96996329,141273.796875,0.5883429834121168,57417.12981671933,20.461589,0.165736
5189,168.64462484,-21.96996329,141273.796875,0.5883429834121168,57421.201892192475,21.087252,0.218073
5189,168.64462484,-21.96996329,141273.796875,0.5883429834121168,57423.112753566355,20.501857,0.228476
5189,168.64462484,-21.96996329,141273.796875,0.5883429834121168,57427.18494581338,20.303043,0.175538
5189,168.64462484,-21.96996329,141273.796875,0.5883429834121168,57429.17882363824,20.630936,0.177553
5189,168.64462484,-21.96996329,141273.796875,0.5883429834121168,57431.29057125375,20.161309,0.122782
5189,168.64462484,-21.96996329,141273.796875,0.5883429834121168,57447.139336228836,20.423511,0.155913
5189,168.64462484,-21.96996329,141273.796875,0.5883429834121168,57451.136825079564,20.876644,0.171641
5189,168.64462484,-21.96996329,141273.796875,0.5883429834121168,57453.05001407489,20.1155,0.152001
5189,168.64462484,-21.96996329,141273.796875,0.5883429834121168,57453.135203357786,20.473495,0.147823
5189,168.64462484,-21.96996329,141273.796875,0.5883429834121168,57457.131031889934,20.254594,0.126835
5189,168.64462484,-21.96996329,141273.796875,0.5883429834121168,57459.04447376588,20.448784,0.165736
5189,168.64462484,-21.96996329,141273.796875,0.5883429834121168,57463.04248774983,20.296585,0.173611
5189,168.64462484,-21.96996329,141273.796875,0.5883429834121168,57463.1254549399,20.417857,0.169672
5611,173.71851168,-19.34602202,122418.875,0.6734333167207517,55300.974217886105,20.560445,0.214331
5611,173.71851168,-19.34602202,122418.875,0.6734333167207517,55301.14328968758,20.228056,0.165631
5611,173.71851168,-19.34602202,122418.875,0.6734333167207517,55643.031751709525,20.730664,0.152723
5611,173.71851168,-19.34602202,122418.875,0.6734333167207517,55647.31072577881,20.148165,0.145202
5611,173.71851168,-19.34602202,122418.875,0.6734333167207517,55648.04572869046,20.242778,0.154043
5611,173.71851168,-19.34602202,122418.875,0.6734333167207517,55648.16954851337,20.36573,0.105211
5611,173.71851168,-19.34602202,122418.875,0.6734333167207517,55648.280418121256,20.431784,0.122032
5611,173.71851168,-19.34602202,122418.875,0.6734333167207517,55653.03156605316,20.475177,0.143837
5611,173.71851168,-19.34602202,122418.875,0.6734333167207517,55653.11515815882,20.551906,0.149138
5611,173.71851168,-19.34602202,122418.875,0.6734333167207517,55653.19841464935,20.52654,0.186498
5611,173.71851168,-19.34602202,122418.875,0.6734333167207517,55931.31364105735,20.545801,0.191992
5611,173.71851168,-19.34602202,122418.875,0.6734333167207517,56016.15844590776,20.570534,0.199315
5611,173.71851168,-19.34602202,122418.875,0.6734333167207517,56056.12300662836,20.063008,0.190379
5611,173.71851168,-19.34602202,122418.875,0.6734333167207517,56276.27472221665,20.760584,0.194328
5611,173.71851168,-19.34602202,122418.875,0.6734333167207517,56276.33010417363,20.342848,0.146112
5611,173.71851168,-19.34602202,122418.875,0.6734333167207517,56282.31288937619,20.509272,0.149145
5611,173.71851168,-19.34602202,122418.875,0.6734333167207517,56285.34897660464,20.366916,0.165234
5611,173.71851168,-19.34602202,122418.875,0.6734333167207517,56299.21104209544,20.078537,0.115947
5611,173.71851168,-19.34602202,122418.875,0.6734333167207517,56299.29197675735,20.389309,0.217313
5611,173.71851168,-19.34602202,122418.875,0.6734333167207517,56301.21238120366,20.153194,0.145595
5611,173.71851168,-19.34602202,122418.875,0.6734333167207517,56301.2952600047,20.492019,0.179595
5611,173.71851168,-19.34602202,122418.875,0.6734333167207517,56303.22322813142,20.196507,0.182482
5611,173.71851168,-19.34602202,122418.875,0.6734333167207517,56305.196351159364,20.541769,0.174595
5611,173.71851168,-19.34602202,122418.875,0.6734333167207517,56305.280653049704,20.336127,0.118847
5611,173.71851168,-19.34602202,122418.875,0.6734333167207517,56307.19200255163,20.701709,0.200258
5611,173.71851168,-19.34602202,122418.875,0.6734333167207517,56307.27555193426,20.026731,0.199751
5611,173.71851168,-19.34602202,122418.875,0.6734333167207517,56396.06007277919,20.758876,0.191531
5611,173.71851168,-19.34602202,122418.875,0.6734333167207517,56396.143202505074,20.273346,0.179925
5611,173.71851168,-19.34602202,122418.875,0.6734333167207517,56398.06228184048,20.449385,0.186644
5611,173.71851168,-19.34602202,122418.875,0.6734333167207517,56416.06009283755,20.507769,0.144155
5611,173.71851168,-19.34602202,122418.875,0.6734333167207517,56416.14474015217,20.68735,0.184455
5611,173.71851168,-19.34602202,122418.875,0.6734333167207517,56424.03632749338,20.497522,0.155913
5611,173.71851168,-19.34602202,122418.875,0.6734333167207517,56424.12197092222,20.499847,0.166273
5611,173.71851168,-19.34602202,122418.875,0.6734333167207517,56425.986280215904,20.272097,0.144269
5611,173.71851168,-19.34602202,122418.875,0.6734333167207517,56441.98478961922,20.201726,0.186982
5611,173.71851168,-19.34602202,122418.875,0.6734333167207517,56442.068733836524,20.034907,0.212711
5611,173.71851168,-19.34602202,122418.875,0.6734333167207517,56443.980715841055,20.026604,0.162761
5611,173.71851168,-19.34602202,122418.875,0.6734333167207517,56445.973951423075,20.344065,0.163002
5611,173.71851168,-19.34602202,122418.875,0.6734333167207517,56446.05759523064,20.121202,0.224923
5611,173.71851168,-19.34602202,122418.875,0.6734333167207517,56655.339308948256,20.685215,0.180509
5611,173.71851168,-19.34602202,122418.875,0.6734333167207517,56657.3402121556,20.60825,0.158857
5611,173.71851168,-19.34602202,122418.875,0.6734333167207517,56659.34132920904,20.50282,0.22441
5611,173.71851168,-19.34602202,122418.875,0.6734333167207517,56661.2627204787,20.570186,0.182482
5611,173.71851168,-19.34602202,122418.875,0.6734333167207517,56663.261106063146,20.802569,0.201249
5611,173.71851168,-19.34602202,122418.875,0.6734333167207517,56663.31720373407,20.508355,0.194861
5611,173.71851168,-19.34602202,122418.875,0.6734333167207517,56665.3417282328,20.638897,0.188509
5611,173.71851168,-19.34602202,122418.875,0.6734333167207517,56669.34473154368,20.558026,0.208773
5611,173.71851168,-19.34602202,122418.875,0.6734333167207517,56681.164884150494,20.500748,0.191365
5611,173.71851168,-19.34602202,122418.875,0.6734333167207517,56685.23873823369,20.547209,0.193169
5611,173.71851168,-19.34602202,122418.875,0.6734333167207517,56691.34439235134,20.53459,0.219513
5611,173.71851168,-19.34602202,122418.875,0.6734333167207517,56691.36759677809,20.526271,0.154931
5611,173.71851168,-19.34602202,122418.875,0.6734333167207517,56709.32357017184,20.174305,0.143178
5611,173.71851168,-19.34602202,122418.875,0.6734333167207517,56711.239242387004,20.714597,0.199915
5611,173.71851168,-19.34602202,122418.875,0.6734333167207517,56711.39030597778,20.036551,0.196716
5611,173.71851168,-19.34602202,122418.875,0.6734333167207517,56713.244059927296,20.524026,0.185808
5611,173.71851168,-19.34602202,122418.875,0.6734333167207517,56713.323428117204,20.231566,0.178295
5611,173.71851168,-19.34602202,122418.875,0.6734333167207517,56714.19279775163,20.472932,0.201249
5611,173.71851168,-19.34602202,122418.875,0.6734333167207517,56716.1477439017,20.179397,0.138291
5611,173.71851168,-19.34602202,122418.875,0.6734333167207517,56716.2311394047,20.523631,0.237167
5611,173.71851168,-19.34602202,122418.875,0.6734333167207517,56718.26903939806,20.699906,0.181795
5611,173.71851168,-19.34602202,122418.875,0.6734333167207517,56718.34154458158,20.33872,0.199347
5611,173.71851168,-19.34602202,122418.875,0.6734333167207517,56720.06833622977,20.314921,0.187848
5611,173.71851168,-19.34602202,122418.875,0.6734333167207517,56720.15575901978,20.228309,0.178068
5611,173.71851168,-19.34602202,122418.875,0.6734333167207517,56722.09197525075,20.176898,0.152364
5611,173.71851168,-19.34602202,122418.875,0.6734333167207517,56722.17745371116,20.061237,0.130664
5611,173.71851168,-19.34602202,122418.875,0.6734333167207517,56724.090383781586,20.644195,0.175408
5611,173.71851168,-19.34602202,122418.875,0.6734333167207517,56724.17558444012,20.25437,0.174314
5611,173.71851168,-19.34602202,122418.875,0.6734333167207517,56726.09033046244,20.544868,0.209161
5611,173.71851168,-19.34602202,122418.875,0.6734333167207517,56726.17382984515,20.36709,0.178532
5611,173.71851168,-19.34602202,122418.875,0.6734333167207517,56728.170708768535,20.304405,0.166721
5611,173.71851168,-19.34602202,122418.875,0.6734333167207517,56738.085763379466,20.45911,0.164493
5611,173.71851168,-19.34602202,122418.875,0.6734333167207517,56740.07600997714,20.690228,0.194188
5611,173.71851168,-19.34602202,122418.875,0.6734333167207517,56740.16094436636,20.547193,0.15593
5611,173.71851168,-19.34602202,122418.875,0.6734333167207517,56742.07413837453,20.701931,0.157813
5611,173.71851168,-19.34602202,122418.875,0.6734333167207517,56742.16086661117,20.835367,0.207182
5611,173.71851168,-19.34602202,122418.875,0.6734333167207517,56744.07095980784,20.752424,0.164895
5611,173.71851168,-19.34602202,122418.875,0.6734333167207517,56744.15614887094,20.526683,0.158439
5611,173.71851168,-19.34602202,122418.875,0.6734333167207517,56746.06304886751,20.844365,0.173611
5611,173.71851168,-19.34602202,122418.875,0.6734333167207517,56746.14837685414,20.414753,0.139554
5611,173.71851168,-19.34602202,122418.875,0.6734333167207517,56750.056361901574,20.568716,0.15586
5611,173.71851168,-19.34602202,122418.875,0.6734333167207517,56750.13941011671,20.714329,0.213163
5611,173.71851168,-19.34602202,122418.875,0.6734333167207517,56754.04158012895,20.452848,0.175581
5611,173.71851168,-19.34602202,122418.875,0.6734333167207517,56754.124605345074,20.6648,0.230965
5611,173.71851168,-19.34602202,122418.875,0.6734333167207517,56756.13587897364,20.524532,0.191365
5611,173.71851168,-19.34602202,122418.875,0.6734333167207517,56766.03792088246,20.536013,0.171807
5611,173.71851168,-19.34602202,122418.875,0.6734333167207517,56768.03164217435,20.401707,0.164327
5611,173.71851168,-19.34602202,122418.875,0.6734333167207517,56768.116994363256,20.624981,0.167828
5611,173.71851168,-19.34602202,122418.875,0.6734333167207517,56770.02834105771,20.176187,0.179642
5611,173.71851168,-19.34602202,122418.875,0.6734333167207517,56770.111367178615,20.530336,0.231577
5611,173.71851168,-19.34602202,122418.875,0.6734333167207517,56772.064322920516,20.327176,0.198357
5611,173.71851168,-19.34602202,122418.875,0.6734333167207517,56772.14726818027,20.378144,0.183575
5611,173.71851168,-19.34602202,122418.875,0.6734333167207517,56773.07125126012,20.521686,0.200298
5611,173.71851168,-19.34602202,122418.875,0.6734333167207517,56773.15416187793,20.643467,0.172625
5611,173.71851168,-19.34602202,122418.875,0.6734333167207517,56775.016574029345,20.803281,0.188886
5611,173.71851168,-19.34602202,122418.875,0.6734333167207517,56775.100595834665,20.601339,0.20056
5611,173.71851168,-19.34602202,122418.875,0.6734333167207517,56779.03658561362,20.567308,0.190667
5611,173.71851168,-19.34602202,122418.875,0.6734333167207517,56780.97123806737,20.494865,0.172625
5611,173.71851168,-19.34602202,122418.875,0.6734333167207517,56781.054577567615,20.428859,0.176505
5611,173.71851168,-19.34602202,122418.875,0.6734333167207517,56783.000865524635,20.482705,0.173611
5611,173.71851168,-19.34602202,122418.875,0.6734333167207517,56797.00204026839,20.506378,0.141336
5611,173.71851168,-19.34602202,122418.875,0.6734333167207517,56855.98552008439,20.548569,0.168784
5611,173.71851168,-19.34602202,122418.875,0.6734333167207517,56856.01630854327,20.61554,0.173408
5611,173.71851168,-19.34602202,122418.875,0.6734333167207517,57010.34328968963,19.906958,0.15136
5611,173.71851168,-19.34602202,122418.875,0.6734333167207517,57035.29185537808,19.95783,0.203224
5611,173.71851168,-19.34602202,122418.875,0.6734333167207517,57039.29126798082,20.316312,0.190379
5611,173.71851168,-19.34602202,122418.875,0.6734333167207517,57041.32960440358,20.20987,0.149048
5611,173.71851168,-19.34602202,122418.875,0.6734333167207517,57043.35126971407,20.063798,0.12952
5611,173.71851168,-19.34602202,122418.875,0.6734333167207517,57043.36670870287,20.171443,0.19078
5611,173.71851168,-19.34602202,122418.875,0.6734333167207517,57045.32844165247,20.183113,0.146112
5611,173.71851168,-19.34602202,122418.875,0.6734333167207517,57068.253587217536,20.224577,0.184815
5611,173.71851168,-19.34602202,122418.875,0.6734333167207517,57068.32942612469,20.189945,0.146112
5611,173.71851168,-19.34602202,122418.875,0.6734333167207517,57095.16013409756,20.374317,0.181494
5611,173.71851168,-19.34602202,122418.875,0.6734333167207517,57097.0732579492,20.461593,0.190379
5611,173.71851168,-19.34602202,122418.875,0.6734333167207517,57374.26868866291,20.650694,0.202236
5611,173.71851168,-19.34602202,122418.875,0.6734333167207517,57376.2637368734,20.701045,0.204215
5611,173.71851168,-19.34602202,122418.875,0.6734333167207517,57390.30539095588,20.335763,0.211106
5611,173.71851168,-19.34602202,122418.875,0.6734333167207517,57396.259282997344,20.277743,0.145134
5611,173.71851168,-19.34602202,122418.875,0.6734333167207517,57396.34565712558,20.138044,0.18913
5611,173.71851168,-19.34602202,122418.875,0.6734333167207517,57398.26189157553,20.093465,0.20367
5611,173.71851168,-19.34602202,122418.875,0.6734333167207517,57398.34693449363,20.340239,0.215843
5611,173.71851168,-19.34602202,122418.875,0.6734333167207517,57400.344502706546,20.211341,0.264978
5611,173.71851168,-19.34602202,122418.875,0.6734333167207517,57402.24746322725,20.401248,0.163755
5611,173.71851168,-19.34602202,122418.875,0.6734333167207517,57402.312657040544,20.153288,0.212169
5611,173.71851168,-19.34602202,122418.875,0.6734333167207517,57403.2748929793,20.693787,0.167704
5611,173.71851168,-19.34602202,122418.875,0.6734333167207517,57425.12904683594,20.565505,0.233686
5611,173.71851168,-19.34602202,122418.875,0.6734333167207517,57429.20056386897,20.421853,0.199266
5611,173.71851168,-19.34602202,122418.875,0.6734333167207517,57431.345527254045,20.395302,0.158641
5611,173.71851168,-19.34602202,122418.875,0.6734333167207517,57433.18967728177,20.511201,0.164722
5611,173.71851168,-19.34602202,122418.875,0.6734333167207517,57447.0728353071,20.587676,0.180157
5611,173.71851168,-19.34602202,122418.875,0.6734333167207517,57451.08012044942,20.622957,0.176566
5611,173.71851168,-19.34602202,122418.875,0.6734333167207517,57451.165668386035,20.556697,0.141223
5611,173.71851168,-19.34602202,122418.875,0.6734333167207517,57453.07042867923,20.365888,0.152298
5611,173.71851168,-19.34602202,122418.875,0.6734333167207517,57453.15574510023,20.666223,0.170738
5611,173.71851168,-19.34602202,122418.875,0.6734333167207517,57457.06845921138,20.483574,0.150029
5611,173.71851168,-19.34602202,122418.875,0.6734333167207517,57457.15155352838,20.830101,0.181494
5611,173.71851168,-19.34602202,122418.875,0.6734333167207517,57459.065002359916,20.304942,0.130495
5611,173.71851168,-19.34602202,122418.875,0.6734333167207517,57463.0629708888,20.512846,0.218784
5611,173.71851168,-19.34602202,122418.875,0.6734333167207517,57463.146053571254,20.618798,0.193341
5625,173.85161726,-20.57695795,128337.773438,0.6191540813524798,55298.060982551426,20.590096,0.161199
5625,173.85161726,-20.57695795,128337.773438,0.6191540813524798,55298.145639816765,20.973476,0.154735
5625,173.85161726,-20.57695795,128337.773438,0.6191540813524798,55300.97684058128,20.497883,0.130397
5625,173.85161726,-20.57695795,128337.773438,0.6191540813524798,55301.059275963344,20.759205,0.108817
5625,173.85161726,-20.57695795,128337.773438,0.6191540813524798,55301.06183362426,20.422491,0.157658
5625,173.85161726,-20.57695795,128337.773438,0.6191540813524798,55301.14592396794,20.586671,0.148418
5625,173.85161726,-20.57695795,128337.773438,0.6191540813524798,55643.03439012915,20.849144,0.156993
5625,173.85161726,-20.57695795,128337.773438,0.6191540813524798,55648.04835807532,20.876366,0.166071
5625,173.85161726,-20.57695795,128337.773438,0.6191540813524798,55648.17218952766,20.204971,0.218683
5625,173.85161726,-20.57695795,128337.773438,0.6191540813524798,55648.28304761276,20.616357,0.152906
5625,173.85161726,-20.57695795,128337.773438,0.6191540813524798,55653.03422060842,20.441343,0.156192
5625,173.85161726,-20.57695795,128337.773438,0.6191540813524798,55653.117789597716,20.253254,0.142453
5625,173.85161726,-20.57695795,128337.773438,0.6191540813524798,55653.20104611758,20.386387,0.171656
5625,173.85161726,-20.57695795,128337.773438,0.6191540813524798,55654.07997310534,20.666656,0.172737
5625,173.85161726,-20.57695795,128337.773438,0.6191540813524798,56019.15039462503,20.368047,0.165736
5625,173.85161726,-20.57695795,128337.773438,0.6191540813524798,56056.12425896758,20.313011,0.166721
5625,173.85161726,-20.57695795,128337.773438,0.6191540813524798,56282.26035976224,20.573788,0.177552
5625,173.85161726,-20.57695795,128337.773438,0.6191540813524798,56282.31285933824,20.499116,0.179589
5625,173.85161726,-20.57695795,128337.773438,0.6191540813524798,56282.35092615802,20.700872,0.205204
5625,173.85161726,-20.57695795,128337.773438,0.6191540813524798,56285.309297913685,20.33732,0.129371
5625,173.85161726,-20.57695795,128337.773438,0.6191540813524798,56285.348950183485,20.528994,0.14807
5625,173.85161726,-20.57695795,128337.773438,0.6191540813524798,56299.21221345756,20.479287,0.187417
5625,173.85161726,-20.57695795,128337.773438,0.6191540813524798,56301.29408457689,20.566154,0.158857
5625,173.85161726,-20.57695795,128337.773438,0.6191540813524798,56301.29525351524,20.4806,0.168416
5625,173.85161726,-20.57695795,128337.773438,0.6191540813524798,56305.19634967344,20.52853,0.178538
5625,173.85161726,-20.57695795,128337.773438,0.6191540813524798,56305.19753017975,20.478759,0.189343
5625,173.85161726,-20.57695795,128337.773438,0.6191540813524798,56305.28182060458,20.615461,0.191365
5625,173.85161726,-20.57695795,128337.773438,0.6191540813524798,56307.192003628705,20.743905,0.18939
5625,173.85161726,-20.57695795,128337.773438,0.6191540813524798,56307.193172557745,20.416362,0.183316
5625,173.85161726,-20.57695795,128337.773438,0.6191540813524798,56307.2755531189,20.753571,0.168688
5625,173.85161726,-20.57695795,128337.773438,0.6191540813524798,56396.06014932413,20.234434,0.141143
5625,173.85161726,-20.57695795,128337.773438,0.6191540813524798,56396.061329782475,20.222799,0.111125
5625,173.85161726,-20.57695795,128337.773438,0.6191540813524798,56396.14327905746,20.222879,0.159323
5625,173.85161726,-20.57695795,128337.773438,0.6191540813524798,56396.144459515344,20.227024,0.129689
5625,173.85161726,-20.57695795,128337.773438,0.6191540813524798,56398.06353897834,20.40159,0.175292
5625,173.85161726,-20.57695795,128337.773438,0.6191540813524798,56416.14481409732,20.32719,0.153544
5625,173.85161726,-20.57695795,128337.773438,0.6191540813524798,56416.145994576626,20.796301,0.203224
5625,173.85161726,-20.57695795,128337.773438,0.6191540813524798,56424.03639805829,20.716699,0.197292
5625,173.85161726,-20.57695795,128337.773438,0.6191540813524798,56424.03756697429,20.353596,0.14807
5625,173.85161726,-20.57695795,128337.773438,0.6191540813524798,56424.12204144336,20.569531,0.209937
5625,173.85161726,-20.57695795,128337.773438,0.6191540813524798,56424.123221933376,20.689509,0.185441
5625,173.85161726,-20.57695795,128337.773438,0.6191540813524798,56425.98634974845,20.560057,0.171642
5625,173.85161726,-20.57695795,128337.773438,0.6191540813524798,56425.987530241255,20.61847,0.176565
5625,173.85161726,-20.57695795,128337.773438,0.6191540813524798,56441.98484790698,20.232401,0.151038
5625,173.85161726,-20.57695795,128337.773438,0.6191540813524798,56441.98602842586,20.679811,0.188403
5625,173.85161726,-20.57695795,128337.773438,0.6191540813524798,56442.06879205257,20.515903,0.183324
5625,173.85161726,-20.57695795,128337.773438,0.6191540813524798,56443.980772400275,20.774424,0.200259
5625,173.85161726,-20.57695795,128337.773438,0.6191540813524798,56445.974006189965,20.737632,0.171642
5625,173.85161726,-20.57695795,128337.773438,0.6191540813524798,56445.975186715834,20.629704,0.172962
5625,173.85161726,-20.57695795,128337.773438,0.6191540813524798,56446.05764992116,20.654782,0.177552
5625,173.85161726,-20.57695795,128337.773438,0.6191540813524798,56449.9757810412,20.085505,0.130649
5625,173.85161726,-20.57695795,128337.773438,0.6191540813524798,56449.97695000097,20.348635,0.142895
5625,173.85161726,-20.57695795,128337.773438,0.6191540813524798,56450.05882344674,20.41969,0.141223
5625,173.85161726,-20.57695795,128337.773438,0.6191540813524798,56641.31990453461,20.234482,0.169672
5625,173.85161726,-20.57695795,128337.773438,0.6191540813524798,56655.328744546045,20.522961,0.162787
5625,173.85161726,-20.57695795,128337.773438,0.6191540813524798,56655.33928831527,20.557544,0.191365
5625,173.85161726,-20.57695795,128337.773438,0.6191540813524798,56657.34019400738,20.080704,0.15803
5625,173.85161726,-20.57695795,128337.773438,0.6191540813524798,56659.26924369158,20.459731,0.137193
5625,173.85161726,-20.57695795,128337.773438,0.6191540813524798,56659.27042421652,20.340601,0.133415
5625,173.85161726,-20.57695795,128337.773438,0.6191540813524798,56659.340144616086,20.301984,0.142952
5625,173.85161726,-20.57695795,128337.773438,0.6191540813524798,56659.34131356655,20.442783,0.162658
5625,173.85161726,-20.57695795,128337.773438,0.6191540813524798,56661.317173268646,20.396037,0.147091
5625,173.85161726,-20.57695795,128337.773438,0.6191540813524798,56663.26109537808,20.585327,0.17558
5625,173.85161726,-20.57695795,128337.773438,0.6191540813524798,56663.26226432249,20.640251,0.17558
5625,173.85161726,-20.57695795,128337.773438,0.6191540813524798,56663.31719312025,20.638458,0.155942
5625,173.85161726,-20.57695795,128337.773438,0.6191540813524798,56667.22901279805,20.323893,0.15003
5625,173.85161726,-20.57695795,128337.773438,0.6191540813524798,56667.30207717372,20.234466,0.126883
5625,173.85161726,-20.57695795,128337.773438,0.6191540813524798,56667.30324611114,20.306801,0.177765
5625,173.85161726,-20.57695795,128337.773438,0.6191540813524798,56669.34352498222,20.608532,0.173611
5625,173.85161726,-20.57695795,128337.773438,0.6191540813524798,56669.34472863702,20.513119,0.155913
5625,173.85161726,-20.57695795,128337.773438,0.6191540813524798,56685.238755595405,20.200538,0.160728
5625,173.85161726,-20.57695795,128337.773438,0.6191540813524798,56685.239924506284,20.242915,0.143823
5625,173.85161726,-20.57695795,128337.773438,0.6191540813524798,56689.32030380564,20.52589,0.165736
5625,173.85161726,-20.57695795,128337.773438,0.6191540813524798,56691.34441724513,20.661311,0.171642
5625,173.85161726,-20.57695795,128337.773438,0.6191540813524798,56691.36762170028,20.249685,0.183593
5625,173.85161726,-20.57695795,128337.773438,0.6191540813524798,56691.36881374987,20.392628,0.146053
5625,173.85161726,-20.57695795,128337.773438,0.6191540813524798,56709.32361544995,20.556888,0.206193
5625,173.85161726,-20.57695795,128337.773438,0.6191540813524798,56711.239289626945,20.452161,0.157882
5625,173.85161726,-20.57695795,128337.773438,0.6191540813524798,56711.240481656976,20.309746,0.148207
5625,173.85161726,-20.57695795,128337.773438,0.6191540813524798,56711.320937886834,20.439519,0.160823
5625,173.85161726,-20.57695795,128337.773438,0.6191540813524798,56711.39035337092,20.489754,0.182483
5625,173.85161726,-20.57695795,128337.773438,0.6191540813524798,56713.24410916865,20.215149,0.127934
5625,173.85161726,-20.57695795,128337.773438,0.6191540813524798,56713.24527805066,20.528386,0.151989
5625,173.85161726,-20.57695795,128337.773438,0.6191540813524798,56713.32347743632,20.74773,0.18939
5625,173.85161726,-20.57695795,128337.773438,0.6191540813524798,56713.3246463188,20.727374,0.180509
5625,173.85161726,-20.57695795,128337.773438,0.6191540813524798,56716.23119152384,20.368927,0.15493
5625,173.85161726,-20.57695795,128337.773438,0.6191540813524798,56716.23236040445,20.241971,0.182563
5625,173.85161726,-20.57695795,128337.773438,0.6191540813524798,56718.26909340639,20.735263,0.177552
5625,173.85161726,-20.57695795,128337.773438,0.6191540813524798,56718.2702622856,20.433021,0.143177
5625,173.85161726,-20.57695795,128337.773438,0.6191540813524798,56718.33808044391,20.480824,0.161805
5625,173.85161726,-20.57695795,128337.773438,0.6191540813524798,56718.34159865556,20.67397,0.183469
5625,173.85161726,-20.57695795,128337.773438,0.6191540813524798,56720.06954915868,20.451873,0.165736
5625,173.85161726,-20.57695795,128337.773438,0.6191540813524798,56720.15581472032,20.689573,0.176565
5625,173.85161726,-20.57695795,128337.773438,0.6191540813524798,56720.15699517215,20.670513,0.176565
5625,173.85161726,-20.57695795,128337.773438,0.6191540813524798,56722.17869161535,20.529554,0.191073
5625,173.85161726,-20.57695795,128337.773438,0.6191540813524798,56724.17564356001,20.566859,0.169672
5625,173.85161726,-20.57695795,128337.773438,0.6191540813524798,56724.17682401044,20.354108,0.155913
5625,173.85161726,-20.57695795,128337.773438,0.6191540813524798,56726.09157156851,20.613493,0.230956
5625,173.85161726,-20.57695795,128337.773438,0.6191540813524798,56738.08583219163,20.822066,0.200259
5625,173.85161726,-20.57695795,128337.773438,0.6191540813524798,56738.08702421328,20.674818,0.182483
5625,173.85161726,-20.57695795,128337.773438,0.6191540813524798,56740.077271904796,20.72659,0.169672
5625,173.85161726,-20.57695795,128337.773438,0.6191540813524798,56740.161014317535,20.756644,0.182483
5625,173.85161726,-20.57695795,128337.773438,0.6191540813524798,56740.16219476564,20.763942,0.197292
5625,173.85161726,-20.57695795,128337.773438,0.6191540813524798,56742.075378175825,20.911862,0.188403
5625,173.85161726,-20.57695795,128337.773438,0.6191540813524798,56742.160937579814,20.593056,0.186428
5625,173.85161726,-20.57695795,128337.773438,0.6191540813524798,56742.16210645577,20.36579,0.164753
5625,173.85161726,-20.57695795,128337.773438,0.6191540813524798,56744.07103167428,20.2091,0.157837
5625,173.85161726,-20.57695795,128337.773438,0.6191540813524798,56744.07220055023,20.353452,0.14072
5625,173.85161726,-20.57695795,128337.773438,0.6191540813524798,56744.15622077556,20.569387,0.157876
5625,173.85161726,-20.57695795,128337.773438,0.6191540813524798,56744.157401225064,20.522753,0.176456
5625,173.85161726,-20.57695795,128337.773438,0.6191540813524798,56746.063121591695,20.570987,0.165736
5625,173.85161726,-20.57695795,128337.773438,0.6191540813524798,56746.064290468115,20.289182,0.143866
5625,173.85161726,-20.57695795,128337.773438,0.6191540813524798,56746.14964163583,20.621046,0.176565
5625,173.85161726,-20.57695795,128337.773438,0.6191540813524798,56750.05643609958,20.651597,0.177552
5625,173.85161726,-20.57695795,128337.773438,0.6191540813524798,56750.14067636663,20.707689,0.198283
5625,173.85161726,-20.57695795,128337.773438,0.6191540813524798,56752.055797824636,20.252614,0.149049
5625,173.85161726,-20.57695795,128337.773438,0.6191540813524798,56752.0569782774,20.488169,0.178538
5625,173.85161726,-20.57695795,128337.773438,0.6191540813524798,56752.14038535161,20.442719,0.215102
5625,173.85161726,-20.57695795,128337.773438,0.6191540813524798,56754.04165546689,20.552151,0.203224
5625,173.85161726,-20.57695795,128337.773438,0.6191540813524798,56754.04281277442,20.334135,0.172626
5625,173.85161726,-20.57695795,128337.773438,0.6191540813524798,56768.03289929265,20.767126,0.193341
5625,173.85161726,-20.57695795,128337.773438,0.6191540813524798,56768.1170710125,20.637946,0.181495
5625,173.85161726,-20.57695795,128337.773438,0.6191540813524798,56770.02841755375,20.33524,0.148659
5625,173.85161726,-20.57695795,128337.773438,0.6191540813524798,56770.02958644647,20.138669,0.139843
5625,173.85161726,-20.57695795,128337.773438,0.6191540813524798,56770.11144366581,20.566666,0.174595
5625,173.85161726,-20.57695795,128337.773438,0.6191540813524798,56770.112635705154,20.677459,0.193341
5625,173.85161726,-20.57695795,128337.773438,0.6191540813524798,56772.06439916603,20.441295,0.152969
5625,173.85161726,-20.57695795,128337.773438,0.6191540813524798,56772.065568060614,20.61855,0.185441
5625,173.85161726,-20.57695795,128337.773438,0.6191540813524798,56772.14734441321,20.456322,0.169672
5625,173.85161726,-20.57695795,128337.773438,0.6191540813524798,56773.072507817764,20.364254,0.166721
5625,173.85161726,-20.57695795,128337.773438,0.6191540813524798,56773.15423795208,20.370511,0.161836
5625,173.85161726,-20.57695795,128337.773438,0.6191540813524798,56773.15540684853,20.224351,0.206098
5625,173.85161726,-20.57695795,128337.773438,0.6191540813524798,56775.016649751924,20.607779,0.177552
5625,173.85161726,-20.57695795,128337.773438,0.6191540813524798,56775.01785336947,20.308306,0.170892
5625,173.85161726,-20.57695795,128337.773438,0.6191540813524798,56775.10067153955,20.570891,0.199081
5625,173.85161726,-20.57695795,128337.773438,0.6191540813524798,56775.101863584016,20.439919,0.18939
5625,173.85161726,-20.57695795,128337.773438,0.6191540813524798,56779.11984917056,20.65467,0.191365
5625,173.85161726,-20.57695795,128337.773438,0.6191540813524798,56781.05465163663,20.540245,0.182483
5625,173.85161726,-20.57695795,128337.773438,0.6191540813524798,56781.05582054239,20.555032,0.178538
5625,173.85161726,-20.57695795,128337.773438,0.6191540813524798,56783.000938895624,20.516015,0.177552
5625,173.85161726,-20.57695795,128337.773438,0.6191540813524798,56783.08545903489,20.31698,0.16377
5625,173.85161726,-20.57695795,128337.773438,0.6191540813524798,56792.989407058805,20.26204,0.186428
5625,173.85161726,-20.57695795,128337.773438,0.6191540813524798,56797.003286816645,20.626456,0.169672
5625,173.85161726,-20.57695795,128337.773438,0.6191540813524798,56855.98552231165,20.675266,0.144482
5625,173.85161726,-20.57695795,128337.773438,0.6191540813524798,56855.988080296665,20.799902,0.145134
5625,173.85161726,-20.57695795,128337.773438,0.6191540813524798,56856.01631073002,20.960513,0.21312
5625,173.85161726,-20.57695795,128337.773438,0.6191540813524798,56856.0188687155,20.602722,0.136224
5625,173.85161726,-20.57695795,128337.773438,0.6191540813524798,57010.27304871846,20.320933,0.15101
5625,173.85161726,-20.57695795,128337.773438,0.6191540813524798,57010.31917121215,20.214093,0.15101
5625,173.85161726,-20.57695795,128337.773438,0.6191540813524798,57012.32498140447,20.338088,0.168688
5625,173.85161726,-20.57695795,128337.773438,0.6191540813524798,57016.272590701,20.480744,0.205204
5625,173.85161726,-20.57695795,128337.773438,0.6191540813524798,57018.31805753661,20.359197,0.172626
5625,173.85161726,-20.57695795,128337.773438,0.6191540813524798,57018.31922649825,20.204091,0.135366
5625,173.85161726,-20.57695795,128337.773438,0.6191540813524798,57020.270151723176,20.344522,0.180509
5625,173.85161726,-20.57695795,128337.773438,0.6191540813524798,57020.31946788216,20.288157,0.162787
5625,173.85161726,-20.57695795,128337.773438,0.6191540813524798,57020.349305255804,20.238178,0.155913
5625,173.85161726,-20.57695795,128337.773438,0.6191540813524798,57041.25861828821,20.076079,0.139268
5625,173.85161726,-20.57695795,128337.773438,0.6191540813524798,57041.32961013913,20.295151,0.161805
5625,173.85161726,-20.57695795,128337.773438,0.6191540813524798,57076.080852190964,20.374336,0.199271
5625,173.85161726,-20.57695795,128337.773438,0.6191540813524798,57097.073322825134,20.087057,0.172626
5625,173.85161726,-20.57695795,128337.773438,0.6191540813524798,57374.320378621574,20.100452,0.155571
5625,173.85161726,-20.57695795,128337.773438,0.6191540813524798,57376.26370470598,20.275291,0.146112
5625,173.85161726,-20.57695795,128337.773438,0.6191540813524798,57376.32478077011,20.148783,0.236351
5625,173.85161726,-20.57695795,128337.773438,0.6191540813524798,57396.34564971691,20.566266,0.15101
5625,173.85161726,-20.57695795,128337.773438,0.6191540813524798,57400.34450042294,20.554632,0.208171
5625,173.85161726,-20.57695795,128337.773438,0.6191540813524798,57402.24746338744,20.288269,0.136026
5625,173.85161726,-20.57695795,128337.773438,0.6191540813524798,57402.31265728455,20.343658,0.163221
5625,173.85161726,-20.57695795,128337.773438,0.6191540813524798,57403.27489445871,20.7207,0.198283
5625,173.85161726,-20.57695795,128337.773438,0.6191540813524798,57405.26811181661,20.121065,0.164629
5625,173.85161726,-20.57695795,128337.773438,0.6191540813524798,57407.262296141125,20.287757,0.165736
5625,173.85161726,-20.57695795,128337.773438,0.6191540813524798,57421.2227816442,20.527042,0.169672
5625,173.85161726,-20.57695795,128337.773438,0.6191540813524798,57425.12907566177,20.29075,0.15101
5625,173.85161726,-20.57695795,128337.773438,0.6191540813524798,57425.21383818844,20.41913,0.17558
5625,173.85161726,-20.57695795,128337.773438,0.6191540813524798,57427.12109741522,20.672722,0.21312
5625,173.85161726,-20.57695795,128337.773438,0.6191540813524798,57429.11676110653,20.47527,0.185441
5625,173.85161726,-20.57695795,128337.773438,0.6191540813524798,57431.345563305076,20.573372,0.182483
5625,173.85161726,-20.57695795,128337.773438,0.6191540813524798,57433.18971540406,20.138829,0.157313
5625,173.85161726,-20.57695795,128337.773438,0.6191540813524798,57451.080176511314,20.249109,0.134485
5625,173.85161726,-20.57695795,128337.773438,0.6191540813524798,57451.165724522434,20.257879,0.137636
5625,173.85161726,-20.57695795,128337.773438,0.6191540813524798,57453.07048645429,20.387299,0.243505
5625,173.85161726,-20.57695795,128337.773438,0.6191540813524798,57453.155802947935,20.295871,0.162103
5625,173.85161726,-20.57695795,128337.773438,0.6191540813524798,57457.06852023257,20.609252,0.175605
5625,173.85161726,-20.57695795,128337.773438,0.6191540813524798,57457.1516146143,20.591344,0.198221
5625,173.85161726,-20.57695795,128337.773438,0.6191540813524798,57459.065064900555,20.698663,0.187417
5625,173.85161726,-20.57695795,128337.773438,0.6191540813524798,57463.14611899946,20.527362,0.188391
5708,174.91233025,-20.96411079,121366.9375,0.4135236911529092,55298.145739823114,20.220272,0.210828
5708,174.91233025,-20.96411079,121366.9375,0.4135236911529092,55301.14346392546,20.643188,0.118749
5708,174.91233025,-20.96411079,121366.9375,0.4135236911529092,55653.994878109545,20.385415,0.128034
5708,174.91233025,-20.96411079,121366.9375,0.4135236911529092,55654.08007888822,19.87668,0.071862
5708,174.91233025,-20.96411079,121366.9375,0.4135236911529092,55654.17240866646,20.184174,0.109159
5708,174.91233025,-20.96411079,121366.9375,0.4135236911529092,55656.069451837335,20.346989,0.134781
5708,174.91233025,-20.96411079,121366.9375,0.4135236911529092,55657.00521464413,20.282965,0.148255
5708,174.91233025,-20.96411079,121366.9375,0.4135236911529092,55931.31248707697,20.349364,0.153948
5708,174.91233025,-20.96411079,121366.9375,0.4135236911529092,55933.328052364755,20.532042,0.183466
5708,174.91233025,-20.96411079,121366.9375,0.4135236911529092,55942.36968023237,20.40702,0.158858
5708,174.91233025,-20.96411079,121366.9375,0.4135236911529092,55943.36664970731,20.369766,0.15003
5708,174.91233025,-20.96411079,121366.9375,0.4135236911529092,55945.36114020692,20.383895,0.167358
5708,174.91233025,-20.96411079,121366.9375,0.4135236911529092,55946.35810573166,20.64642,0.172027
5708,174.91233025,-20.96411079,121366.9375,0.4135236911529092,55947.3550931178,20.563848,0.180507
5708,174.91233025,-20.96411079,121366.9375,0.4135236911529092,55948.35240329057,20.500553,0.167704
5708,174.91233025,-20.96411079,121366.9375,0.4135236911529092,55949.34981636936,20.106481,0.159038
5708,174.91233025,-20.96411079,121366.9375,0.4135236911529092,55951.344951306935,20.13599,0.203062
5708,174.91233025,-20.96411079,121366.9375,0.4135236911529092,55952.34217553958,20.273097,0.150191
5708,174.91233025,-20.96411079,121366.9375,0.4135236911529092,55954.33590289904,20.235034,0.119816
5708,174.91233025,-20.96411079,121366.9375,0.4135236911529092,55955.33379486576,20.409634,0.195492
5708,174.91233025,-20.96411079,121366.9375,0.4135236911529092,55956.330123284366,20.139395,0.153062
5708,174.91233025,-20.96411079,121366.9375,0.4135236911529092,55958.32433916954,20.664936,0.186426
5708,174.91233025,-20.96411079,121366.9375,0.4135236911529092,55959.32192575978,20.199047,0.207907
5708,174.91233025,-20.96411079,121366.9375,0.4135236911529092,55960.319036769215,20.36457,0.193273
5708,174.91233025,-20.96411079,121366.9375,0.4135236911529092,55961.31622773595,20.164422,0.178414
5708,174.91233025,-20.96411079,121366.9375,0.4135236911529092,55962.31274641398,20.181037,0.13108
5708,174.91233025,-20.96411079,121366.9375,0.4135236911529092,55976.273585444316,20.080076,0.168361
5708,174.91233025,-20.96411079,121366.9375,0.4135236911529092,55977.27094745822,20.6918,0.198531
5708,174.91233025,-20.96411079,121366.9375,0.4135236911529092,55978.26764911087,20.296682,0.162745
5708,174.91233025,-20.96411079,121366.9375,0.4135236911529092,55979.26516021462,20.240483,0.216044
5708,174.91233025,-20.96411079,121366.9375,0.4135236911529092,55981.25975230057,20.244396,0.200648
5708,174.91233025,-20.96411079,121366.9375,0.4135236911529092,55982.25730782654,20.498526,0.168383
5708,174.91233025,-20.96411079,121366.9375,0.4135236911529092,55983.25427254476,20.200077,0.142312
5708,174.91233025,-20.96411079,121366.9375,0.4135236911529092,55984.252544466406,20.390595,0.164931
5708,174.91233025,-20.96411079,121366.9375,0.4135236911529092,55985.24956595991,20.032177,0.136383
5708,174.91233025,-20.96411079,121366.9375,0.4135236911529092,55986.24812616175,20.435278,0.137316
5708,174.91233025,-20.96411079,121366.9375,0.4135236911529092,55989.237357715145,20.512971,0.177372
5708,174.91233025,-20.96411079,121366.9375,0.4135236911529092,56019.15050050197,20.475178,0.174593
5708,174.91233025,-20.96411079,121366.9375,0.4135236911529092,56056.03983126208,20.326619,0.186426
5708,174.91233025,-20.96411079,121366.9375,0.4135236911529092,56056.04100017296,20.27552,0.149049
5708,174.91233025,-20.96411079,121366.9375,0.4135236911529092,56277.3256393373,20.417221,0.194328
5708,174.91233025,-20.96411079,121366.9375,0.4135236911529092,56279.269516730215,20.373155,0.174593
5708,174.91233025,-20.96411079,121366.9375,0.4135236911529092,56281.33506583562,20.343931,0.197523
5708,174.91233025,-20.96411079,121366.9375,0.4135236911529092,56282.350939829834,20.4888,0.200259
5708,174.91233025,-20.96411079,121366.9375,0.4135236911529092,56283.3177500912,20.453494,0.144156
5708,174.91233025,-20.96411079,121366.9375,0.4135236911529092,56284.316051648464,19.982298,0.213033
5708,174.91233025,-20.96411079,121366.9375,0.4135236911529092,56298.301949931774,20.223614,0.17755
5708,174.91233025,-20.96411079,121366.9375,0.4135236911529092,56299.21225701831,20.396598,0.195314
5708,174.91233025,-20.96411079,121366.9375,0.4135236911529092,56300.227362637874,20.543653,0.199269
5708,174.91233025,-20.96411079,121366.9375,0.4135236911529092,56300.33840057487,20.309512,0.198175
5708,174.91233025,-20.96411079,121366.9375,0.4135236911529092,56301.2136020395,20.468177,0.247355
5708,174.91233025,-20.96411079,121366.9375,0.4135236911529092,56301.29530056985,20.29513,0.181494
5708,174.91233025,-20.96411079,121366.9375,0.4135236911529092,56302.22376279067,20.331006,0.180507
5708,174.91233025,-20.96411079,121366.9375,0.4135236911529092,56302.341929779854,20.751309,0.200259
5708,174.91233025,-20.96411079,121366.9375,0.4135236911529092,56305.28070524335,20.586958,0.197293
5708,174.91233025,-20.96411079,121366.9375,0.4135236911529092,56307.193229170516,20.459845,0.195314
5708,174.91233025,-20.96411079,121366.9375,0.4135236911529092,56307.275609861594,20.450722,0.168686
5708,174.91233025,-20.96411079,121366.9375,0.4135236911529092,56307.27677879203,20.393509,0.181494
5708,174.91233025,-20.96411079,121366.9375,0.4135236911529092,56308.29002118949,20.470315,0.173485
5708,174.91233025,-20.96411079,121366.9375,0.4135236911529092,56396.061428095214,20.083893,0.13439
5708,174.91233025,-20.96411079,121366.9375,0.4135236911529092,56396.06260855263,20.090118,0.120782
5708,174.91233025,-20.96411079,121366.9375,0.4135236911529092,56396.143377303146,20.509423,0.194328
5708,174.91233025,-20.96411079,121366.9375,0.4135236911529092,56396.1445577601,20.397992,0.159838
5708,174.91233025,-20.96411079,121366.9375,0.4135236911529092,56396.1457266449,20.574698,0.208489
5708,174.91233025,-20.96411079,121366.9375,0.4135236911529092,56398.06363560539,20.193234,0.155913
5708,174.91233025,-20.96411079,121366.9375,0.4135236911529092,56398.064816063736,20.206032,0.122722
5708,174.91233025,-20.96411079,121366.9375,0.4135236911529092,56402.07600958692,20.520812,0.202235
5708,174.91233025,-20.96411079,121366.9375,0.4135236911529092,56402.17695069127,20.476841,0.168686
5708,174.91233025,-20.96411079,121366.9375,0.4135236911529092,56416.062592997216,20.495785,0.155913
5708,174.91233025,-20.96411079,121366.9375,0.4135236911529092,56416.14724017121,20.272083,0.137316
5708,174.91233025,-20.96411079,121366.9375,0.4135236911529092,56420.04575213604,20.444449,0.159838
5708,174.91233025,-20.96411079,121366.9375,0.4135236911529092,56420.12911503948,20.674931,0.205202
5708,174.91233025,-20.96411079,121366.9375,0.4135236911529092,56424.03880151594,20.356112,0.171524
5708,174.91233025,-20.96411079,121366.9375,0.4135236911529092,56424.12446792144,20.425759,0.14424
5708,174.91233025,-20.96411079,121366.9375,0.4135236911529092,56425.98641245486,20.44483,0.215101
5708,174.91233025,-20.96411079,121366.9375,0.4135236911529092,56426.97322246339,20.301355,0.147092
5708,174.91233025,-20.96411079,121366.9375,0.4135236911529092,56427.057511938736,20.344644,0.164754
5708,174.91233025,-20.96411079,121366.9375,0.4135236911529092,56444.95979287522,20.724588,0.269997
5708,174.91233025,-20.96411079,121366.9375,0.4135236911529092,56445.04391085217,20.581953,0.161805
5708,174.91233025,-20.96411079,121366.9375,0.4135236911529092,56445.97521607997,20.106195,0.179875
5708,174.91233025,-20.96411079,121366.9375,0.4135236911529092,56446.958581477404,20.6168,0.174848
5708,174.91233025,-20.96411079,121366.9375,0.4135236911529092,56448.976808597334,20.416112,0.188532
5708,174.91233025,-20.96411079,121366.9375,0.4135236911529092,56449.060834498145,20.729166,0.199269
5708,174.91233025,-20.96411079,121366.9375,0.4135236911529092,56655.2419682364,19.918354,0.144934
5708,174.91233025,-20.96411079,121366.9375,0.4135236911529092,56655.354026369285,20.369718,0.165735
5708,174.91233025,-20.96411079,121366.9375,0.4135236911529092,56657.3569957111,20.232801,0.174335
5708,174.91233025,-20.96411079,121366.9375,0.4135236911529092,56659.22882790724,20.769382,0.204215
5708,174.91233025,-20.96411079,121366.9375,0.4135236911529092,56659.359218247235,20.244047,0.149817
5708,174.91233025,-20.96411079,121366.9375,0.4135236911529092,56661.31721144868,20.467734,0.171639
5708,174.91233025,-20.96411079,121366.9375,0.4135236911529092,56661.318380397744,20.433742,0.210152
5708,174.91233025,-20.96411079,121366.9375,0.4135236911529092,56661.35723349918,20.144955,0.147675
5708,174.91233025,-20.96411079,121366.9375,0.4135236911529092,56663.26113689365,20.374961,0.172625
5708,174.91233025,-20.96411079,121366.9375,0.4135236911529092,56663.31723473128,20.747254,0.182482
5708,174.91233025,-20.96411079,121366.9375,0.4135236911529092,56665.23189619649,20.613632,0.195314
5708,174.91233025,-20.96411079,121366.9375,0.4135236911529092,56667.34559612628,20.202864,0.1871
5708,174.91233025,-20.96411079,121366.9375,0.4135236911529092,56669.35927045951,20.427596,0.156671
5708,174.91233025,-20.96411079,121366.9375,0.4135236911529092,56671.35509263864,20.290457,0.162796
5708,174.91233025,-20.96411079,121366.9375,0.4135236911529092,56681.17042873474,20.196719,0.172625
5708,174.91233025,-20.96411079,121366.9375,0.4135236911529092,56681.25496115163,20.050551,0.173995
5708,174.91233025,-20.96411079,121366.9375,0.4135236911529092,56685.243900044356,20.362084,0.17014
5708,174.91233025,-20.96411079,121366.9375,0.4135236911529092,56689.175289490726,20.204496,0.199169
5708,174.91233025,-20.96411079,121366.9375,0.4135236911529092,56689.25845547253,20.670575,0.165735
5708,174.91233025,-20.96411079,121366.9375,0.4135236911529092,56691.21561992355,20.171407,0.155449
5708,174.91233025,-20.96411079,121366.9375,0.4135236911529092,56691.300267107785,20.031369,0.171576
5708,174.91233025,-20.96411079,121366.9375,0.4135236911529092,56696.187767445575,20.191064,0.172625
5708,174.91233025,-20.96411079,121366.9375,0.4135236911529092,56696.272067011334,20.582048,0.195314
5708,174.91233025,-20.96411079,121366.9375,0.4135236911529092,56697.20713900868,20.295367,0.191365
5708,174.91233025,-20.96411079,121366.9375,0.4135236911529092,56710.17141265189,20.293166,0.156947
5708,174.91233025,-20.96411079,121366.9375,0.4135236911529092,56711.3210398294,20.293467,0.27961
5708,174.91233025,-20.96411079,121366.9375,0.4135236911529092,56712.082423189655,20.596668,0.180385
5708,174.91233025,-20.96411079,121366.9375,0.4135236911529092,56712.1670573242,20.478362,0.197378
5708,174.91233025,-20.96411079,121366.9375,0.4135236911529092,56714.091305200476,20.481466,0.171639
5708,174.91233025,-20.96411079,121366.9375,0.4135236911529092,56714.17402967764,20.206001,0.184317
5708,174.91233025,-20.96411079,121366.9375,0.4135236911529092,56716.20286137611,20.361751,0.189147
5708,174.91233025,-20.96411079,121366.9375,0.4135236911529092,56716.23246531887,20.674503,0.19235
5708,174.91233025,-20.96411079,121366.9375,0.4135236911529092,56718.19187966222,20.689947,0.191365
5708,174.91233025,-20.96411079,121366.9375,0.4135236911529092,56718.26919934573,20.574128,0.194328
5708,174.91233025,-20.96411079,121366.9375,0.4135236911529092,56718.27688386431,20.430225,0.232745
5708,174.91233025,-20.96411079,121366.9375,0.4135236911529092,56720.06614926504,20.062447,0.268446
5708,174.91233025,-20.96411079,121366.9375,0.4135236911529092,56720.15122283809,20.125694,0.109
5708,174.91233025,-20.96411079,121366.9375,0.4135236911529092,56720.15710195294,20.209897,0.147092
5708,174.91233025,-20.96411079,121366.9375,0.4135236911529092,56722.11342300661,20.411392,0.145132
5708,174.91233025,-20.96411079,121366.9375,0.4135236911529092,56722.17879917892,20.358441,0.17558
5708,174.91233025,-20.96411079,121366.9375,0.4135236911529092,56722.1989247161,20.081977,0.14649
5708,174.91233025,-20.96411079,121366.9375,0.4135236911529092,56724.178101104684,20.708131,0.170657
5708,174.91233025,-20.96411079,121366.9375,0.4135236911529092,56726.09286074806,20.39796,0.197293
5708,174.91233025,-20.96411079,121366.9375,0.4135236911529092,56738.08830248611,20.465643,0.133414
5708,174.91233025,-20.96411079,121366.9375,0.4135236911529092,56740.07856143592,20.443673,0.148068
5708,174.91233025,-20.96411079,121366.9375,0.4135236911529092,56740.16347270785,20.687032,0.161805
5708,174.91233025,-20.96411079,121366.9375,0.4135236911529092,56742.076655696146,20.387522,0.189247
5708,174.91233025,-20.96411079,121366.9375,0.4135236911529092,56742.16339552635,20.235446,0.168671
5708,174.91233025,-20.96411079,121366.9375,0.4135236911529092,56744.07347751083,20.230203,0.13714
5708,174.91233025,-20.96411079,121366.9375,0.4135236911529092,56744.1586897322,20.485585,0.209428
5708,174.91233025,-20.96411079,121366.9375,0.4135236911529092,56746.06556675071,20.546187,0.168929
5708,174.91233025,-20.96411079,121366.9375,0.4135236911529092,56746.148556987755,20.13496,0.21708
5708,174.91233025,-20.96411079,121366.9375,0.4135236911529092,56746.150917886756,20.237442,0.17244
5708,174.91233025,-20.96411079,121366.9375,0.4135236911529092,56748.16199952923,20.583347,0.234924
5708,174.91233025,-20.96411079,121366.9375,0.4135236911529092,56750.058891116176,20.383895,0.150485
5708,174.91233025,-20.96411079,121366.9375,0.4135236911529092,56750.14195089089,20.418837,0.140245
5708,174.91233025,-20.96411079,121366.9375,0.4135236911529092,56754.044096727856,20.421878,0.185442
5708,174.91233025,-20.96411079,121366.9375,0.4135236911529092,56754.12715663342,20.538441,0.17755
5708,174.91233025,-20.96411079,121366.9375,0.4135236911529092,56756.05423527956,20.059595,0.166719
5708,174.91233025,-20.96411079,121366.9375,0.4135236911529092,56756.13605694333,20.506968,0.197293
5708,174.91233025,-20.96411079,121366.9375,0.4135236911529092,56756.13841785118,20.142009,0.160821
5708,174.91233025,-20.96411079,121366.9375,0.4135236911529092,56766.03926067008,20.198667,0.139267
5708,174.91233025,-20.96411079,121366.9375,0.4135236911529092,56766.04042955814,19.991628,0.139666
5708,174.91233025,-20.96411079,121366.9375,0.4135236911529092,56768.03181106923,20.538964,0.232938
5708,174.91233025,-20.96411079,121366.9375,0.4135236911529092,56768.11951252073,20.309132,0.182264
5708,174.91233025,-20.96411079,121366.9375,0.4135236911529092,56770.03085710993,20.547644,0.153948
5708,174.91233025,-20.96411079,121366.9375,0.4135236911529092,56770.113894708455,20.324908,0.154213
5708,174.91233025,-20.96411079,121366.9375,0.4135236911529092,56772.06683654012,20.510865,0.196504
5708,174.91233025,-20.96411079,121366.9375,0.4135236911529092,56772.1486012293,20.265066,0.164754
5708,174.91233025,-20.96411079,121366.9375,0.4135236911529092,56772.1497816965,20.245108,0.178063
5708,174.91233025,-20.96411079,121366.9375,0.4135236911529092,56773.073879337404,20.157832,0.181295
5708,174.91233025,-20.96411079,121366.9375,0.4135236911529092,56773.15667411592,20.434185,0.152981
5708,174.91233025,-20.96411079,121366.9375,0.4135236911529092,56775.01915321825,20.48107,0.149049
5708,174.91233025,-20.96411079,121366.9375,0.4135236911529092,56775.10315176146,20.404359,0.147525
5708,174.91233025,-20.96411079,121366.9375,0.4135236911529092,56779.12237078743,20.818548,0.199039
5708,174.91233025,-20.96411079,121366.9375,0.4135236911529092,56781.05707817711,20.282759,0.188758
5708,174.91233025,-20.96411079,121366.9375,0.4135236911529092,56783.00336284796,20.155647,0.166856
5708,174.91233025,-20.96411079,121366.9375,0.4135236911529092,56783.08553348668,20.407955,0.210152
5708,174.91233025,-20.96411079,121366.9375,0.4135236911529092,56783.087871299125,20.320853,0.153948
5708,174.91233025,-20.96411079,121366.9375,0.4135236911529092,56797.002160011325,20.093825,0.156093
5708,174.91233025,-20.96411079,121366.9375,0.4135236911529092,56797.00334051065,20.114812,0.169671
5708,174.91233025,-20.96411079,121366.9375,0.4135236911529092,56797.0045094369,20.07515,0.137883
5708,174.91233025,-20.96411079,121366.9375,0.4135236911529092,56855.98802911071,20.613854,0.168321
5708,174.91233025,-20.96411079,121366.9375,0.4135236911529092,56856.01881747926,20.645216,0.146112
5708,174.91233025,-20.96411079,121366.9375,0.4135236911529092,57016.269728686195,19.961406,0.166719
5708,174.91233025,-20.96411079,121366.9375,0.4135236911529092,57065.19639494317,20.427644,0.174593
5708,174.91233025,-20.96411079,121366.9375,0.4135236911529092,57068.28993354039,20.377701,0.149049
5708,174.91233025,-20.96411079,121366.9375,0.4135236911529092,57078.213148817886,20.332939,0.149049
5708,174.91233025,-20.96411079,121366.9375,0.4135236911529092,57152.994887766894,20.308958,0.19235
5708,174.91233025,-20.96411079,121366.9375,0.4135236911529092,57153.07779954234,20.166433,0.178536
5708,174.91233025,-20.96411079,121366.9375,0.4135236911529092,57374.2724107909,20.538647,0.195314
5708,174.91233025,-20.96411079,121366.9375,0.4135236911529092,57374.31804735074,20.213144,0.207528
5708,174.91233025,-20.96411079,121366.9375,0.4135236911529092,57376.31774256099,20.668294,0.241735
5708,174.91233025,-20.96411079,121366.9375,0.4135236911529092,57390.31718193926,20.435548,0.188403
5708,174.91233025,-20.96411079,121366.9375,0.4135236911529092,57396.225514463615,20.085065,0.143177
5708,174.91233025,-20.96411079,121366.9375,0.4135236911529092,57396.36533610802,20.660137,0.176566
5708,174.91233025,-20.96411079,121366.9375,0.4135236911529092,57398.22251580702,20.386698,0.162785
5708,174.91233025,-20.96411079,121366.9375,0.4135236911529092,57398.26193565596,20.684292,0.201249
5708,174.91233025,-20.96411079,121366.9375,0.4135236911529092,57398.36234862683,20.399433,0.145132
5708,174.91233025,-20.96411079,121366.9375,0.4135236911529092,57402.21094633965,20.499619,0.191198
5708,174.91233025,-20.96411079,121366.9375,0.4135236911529092,57402.294218281284,20.608088,0.194373
5708,174.91233025,-20.96411079,121366.9375,0.4135236911529092,57403.192860234994,20.643173,0.199269
5708,174.91233025,-20.96411079,121366.9375,0.4135236911529092,57403.277300995775,20.162109,0.175994
5708,174.91233025,-20.96411079,121366.9375,0.4135236911529092,57405.27052144427,20.675026,0.300915
5708,174.91233025,-20.96411079,121366.9375,0.4135236911529092,57419.147141189314,20.465532,0.169671
5708,174.91233025,-20.96411079,121366.9375,0.4135236911529092,57421.22756268922,20.52973,0.168686
5708,174.91233025,-20.96411079,121366.9375,0.4135236911529092,57423.13579217857,20.463393,0.172603
5708,174.91233025,-20.96411079,121366.9375,0.4135236911529092,57423.22063598223,20.442865,0.189869
5708,174.91233025,-20.96411079,121366.9375,0.4135236911529092,57425.131511875894,20.34805,0.196303
5708,174.91233025,-20.96411079,121366.9375,0.4135236911529092,57425.2162744971,20.469302,0.210048
5708,174.91233025,-20.96411079,121366.9375,0.4135236911529092,57427.21053190436,20.222537,0.206211
5708,174.91233025,-20.96411079,121366.9375,0.4135236911529092,57429.11921315594,20.552887,0.199269
5708,174.91233025,-20.96411079,121366.9375,0.4135236911529092,57431.212541632354,20.694223,0.229833
5708,174.91233025,-20.96411079,121366.9375,0.4135236911529092,57431.29753524531,20.271402,0.178259
5708,174.91233025,-20.96411079,121366.9375,0.4135236911529092,57433.19215981336,20.529064,0.206664
5708,174.91233025,-20.96411079,121366.9375,0.4135236911529092,57435.185269109905,20.174211,0.173611
5708,174.91233025,-20.96411079,121366.9375,0.4135236911529092,57447.06821313407,20.217421,0.133414
5708,174.91233025,-20.96411079,121366.9375,0.4135236911529092,57447.15292807156,20.266064,0.151989
5708,174.91233025,-20.96411079,121366.9375,0.4135236911529092,57449.26687711803,20.251824,0.174593
5708,174.91233025,-20.96411079,121366.9375,0.4135236911529092,57451.0732238926,20.700211,0.226703
5708,174.91233025,-20.96411079,121366.9375,0.4135236911529092,57451.16114441585,20.792666,0.247336
5708,174.91233025,-20.96411079,121366.9375,0.4135236911529092,57453.07763056317,20.569614,0.224377
5708,174.91233025,-20.96411079,121366.9375,0.4135236911529092,57453.16768046282,20.557845,0.179365
5708,174.91233025,-20.96411079,121366.9375,0.4135236911529092,57457.07098996639,20.26882,0.312491
5708,174.91233025,-20.96411079,121366.9375,0.4135236911529092,57457.154072793666,20.252553,0.148795
5708,174.91233025,-20.96411079,121366.9375,0.4135236911529092,57459.06751187518,20.613806,0.185442
5708,174.91233025,-20.96411079,121366.9375,0.4135236911529092,57463.14858953282,20.452337,0.166719
5719,174.984816640187,0.112562326037524,124070.984375,0.390729029217536,55260.16264447896,20.212955,0.179423
5719,174.984816640187,0.112562326037524,124070.984375,0.390729029217536,55260.20371688437,20.165921,0.158267
5719,174.984816640187,0.112562326037524,124070.984375,0.390729029217536,55262.26411861414,20.597899,0.191562
5719,174.984816640187,0.112562326037524,124070.984375,0.390729029217536,55263.2868547542,20.246128,0.142787
5719,174.984816640187,0.112562326037524,124070.984375,0.390729029217536,55263.328702532686,20.456768,0.1743
5719,174.984816640187,0.112562326037524,124070.984375,0.390729029217536,55264.226740093436,20.82565,0.173314
5719,174.984816640187,0.112562326037524,124070.984375,0.390729029217536,55264.26832169201,20.552188,0.163574
5719,174.984816640187,0.112562326037524,124070.984375,0.390729029217536,55265.277390067466,20.198303,0.106127
5719,174.984816640187,0.112562326037524,124070.984375,0.390729029217536,55265.32007109467,20.321992,0.180132
5719,174.984816640187,0.112562326037524,124070.984375,0.390729029217536,55266.257202020846,20.527513,0.121754
5719,174.984816640187,0.112562326037524,124070.984375,0.390729029217536,55266.29981361097,20.329512,0.139465
5719,174.984816640187,0.112562326037524,124070.984375,0.390729029217536,55267.26527512586,20.306146,0.117382
5719,174.984816640187,0.112562326037524,124070.984375,0.390729029217536,55267.30762053933,20.310244,0.131857
5719,174.984816640187,0.112562326037524,124070.984375,0.390729029217536,55268.23632641509,20.389214,0.120784
5719,174.984816640187,0.112562326037524,124070.984375,0.390729029217536,55268.281854391564,20.1693,0.107087
5719,174.984816640187,0.112562326037524,124070.984375,0.390729029217536,55269.24584625242,20.368868,0.125637
5719,174.984816640187,0.112562326037524,124070.984375,0.390729029217536,55269.28824953642,20.683124,0.165637
5719,174.984816640187,0.112562326037524,124070.984375,0.390729029217536,55271.24149731966,20.453374,0.122818
5719,174.984816640187,0.112562326037524,124070.984375,0.390729029217536,55271.28398162499,20.606224,0.162492
5719,174.984816640187,0.112562326037524,124070.984375,0.390729029217536,55272.22155279666,20.058322,0.161801
5719,174.984816640187,0.112562326037524,124070.984375,0.390729029217536,55272.267948766705,20.157739,0.142862
5719,174.984816640187,0.112562326037524,124070.984375,0.390729029217536,55273.044505574275,20.068143,0.117449
5719,174.984816640187,0.112562326037524,124070.984375,0.390729029217536,55273.12828219775,20.445883,0.076986
5719,174.984816640187,0.112562326037524,124070.984375,0.390729029217536,55273.212591178715,20.512228,0.102743
5719,174.984816640187,0.112562326037524,124070.984375,0.390729029217536,55274.216649337206,20.125918,0.088536
5719,174.984816640187,0.112562326037524,124070.984375,0.390729029217536,55274.269584048074,20.311035,0.156927
5719,174.984816640187,0.112562326037524,124070.984375,0.390729029217536,55275.23070676485,20.504133,0.162983
5719,174.984816640187,0.112562326037524,124070.984375,0.390729029217536,55275.27652411768,20.332244,0.123595
5719,174.984816640187,0.112562326037524,124070.984375,0.390729029217536,55276.23257812252,20.148364,0.116051
5719,174.984816640187,0.112562326037524,124070.984375,0.390729029217536,55276.27734234743,20.493549,0.136437
5719,174.984816640187,0.112562326037524,124070.984375,0.390729029217536,55277.22844339069,20.343043,0.11614
5719,174.984816640187,0.112562326037524,124070.984375,0.390729029217536,55277.27487413632,20.309698,0.12553
5719,174.984816640187,0.112562326037524,124070.984375,0.390729029217536,55278.28363201069,20.247724,0.204906
5719,174.984816640187,0.112562326037524,124070.984375,0.390729029217536,55279.23361108126,20.219368,0.141319
5719,174.984816640187,0.112562326037524,124070.984375,0.390729029217536,55279.280747808516,20.163016,0.140542
5719,174.984816640187,0.112562326037524,124070.984375,0.390729029217536,55280.223806574475,20.169429,0.139171
5719,174.984816640187,0.112562326037524,124070.984375,0.390729029217536,55281.16869420931,20.230699,0.189885
5719,174.984816640187,0.112562326037524,124070.984375,0.390729029217536,55281.21265997412,20.003134,0.240932
5719,174.984816640187,0.112562326037524,124070.984375,0.390729029217536,55287.99920718977,20.626873,0.192056
5719,174.984816640187,0.112562326037524,124070.984375,0.390729029217536,55288.99618865643,20.280307,0.15568
5719,174.984816640187,0.112562326037524,124070.984375,0.390729029217536,55289.038221899886,20.082407,0.103636
5719,174.984816640187,0.112562326037524,124070.984375,0.390729029217536,55289.99494140595,20.298353,0.205797
5719,174.984816640187,0.112562326037524,124070.984375,0.390729029217536,55290.037900518626,20.654208,0.196305
5719,174.984816640187,0.112562326037524,124070.984375,0.390729029217536,55290.99990951782,20.261945,0.141319
5719,174.984816640187,0.112562326037524,124070.984375,0.390729029217536,55291.04239416355,20.158472,0.124115
5719,174.984816640187,0.112562326037524,124070.984375,0.390729029217536,55292.061956596095,20.433301,0.187514
5719,174.984816640187,0.112562326037524,124070.984375,0.390729029217536,55293.0044663134,20.073348,0.129228
5719,174.984816640187,0.112562326037524,124070.984375,0.390729029217536,55293.04629135411,20.354345,0.152152
5719,174.984816640187,0.112562326037524,124070.984375,0.390729029217536,55294.98010488041,20.232511,0.183333
5719,174.984816640187,0.112562326037524,124070.984375,0.390729029217536,55295.022878974676,20.397784,0.127701
5719,174.984816640187,0.112562326037524,124070.984375,0.390729029217536,55295.97856094595,20.496871,0.213418
5719,174.984816640187,0.112562326037524,124070.984375,0.390729029217536,55296.02116147801,20.228182,0.106127
5719,174.984816640187,0.112562326037524,124070.984375,0.390729029217536,55297.00597369205,20.658737,0.155912
5719,174.984816640187,0.112562326037524,124070.984375,0.390729029217536,55297.04874785617,20.517994,0.126312
5719,174.984816640187,0.112562326037524,124070.984375,0.390729029217536,55298.00232508965,20.236364,0.133707
5719,174.984816640187,0.112562326037524,124070.984375,0.390729029217536,55298.044809961226,19.978848,0.112762
5719,174.984816640187,0.112562326037524,124070.984375,0.390729029217536,55299.01728689717,20.545818,0.153068
5719,174.984816640187,0.112562326037524,124070.984375,0.390729029217536,55299.9889082443,19.969372,0.132115
5719,174.984816640187,0.112562326037524,124070.984375,0.390729029217536,55301.02853418328,20.283024,0.15633
5719,174.984816640187,0.112562326037524,124070.984375,0.390729029217536,55542.32780329371,20.353152,0.144741
5719,174.984816640187,0.112562326037524,124070.984375,0.390729029217536,55542.34545364557,20.265324,0.128646
5719,174.984816640187,0.112562326037524,124070.984375,0.390729029217536,55543.33769191569,20.147904,0.175582
5719,174.984816640187,0.112562326037524,124070.984375,0.390729029217536,55546.334813162684,20.675287,0.21421
5719,174.984816640187,0.112562326037524,124070.984375,0.390729029217536,55547.29932527011,19.929772,0.120687
5719,174.984816640187,0.112562326037524,124070.984375,0.390729029217536,55547.33255394874,20.402875,0.156894
5719,174.984816640187,0.112562326037524,124070.984375,0.390729029217536,55548.33270043926,20.7674,0.200556
5719,174.984816640187,0.112562326037524,124070.984375,0.390729029217536,55658.255543708336,19.888073,0.157287
5719,174.984816640187,0.112562326037524,124070.984375,0.390729029217536,56394.039733391255,20.157595,0.106319
5719,174.984816640187,0.112562326037524,124070.984375,0.390729029217536,56394.15055748401,20.460621,0.116913
5719,174.984816640187,0.112562326037524,124070.984375,0.390729029217536,56394.21763522923,20.569673,0.127599
5719,174.984816640187,0.112562326037524,124070.984375,0.390729029217536,56397.0740560214,20.411085,0.082637
5719,174.984816640187,0.112562326037524,124070.984375,0.390729029217536,56397.194833313115,20.175871,0.138057
5719,174.984816640187,0.112562326037524,124070.984375,0.390729029217536,56397.262941249646,20.634551,0.1422
5719,174.984816640187,0.112562326037524,124070.984375,0.390729029217536,56415.12948197825,20.224775,0.16878
5719,174.984816640187,0.112562326037524,124070.984375,0.390729029217536,56709.34921343671,20.250283,0.193341
5719,174.984816640187,0.112562326037524,124070.984375,0.390729029217536,56711.30597457476,20.279516,0.117724
5719,174.984816640187,0.112562326037524,124070.984375,0.390729029217536,56711.36453387886,20.257746,0.159847
5719,174.984816640187,0.112562326037524,124070.984375,0.390729029217536,56713.29932786338,20.216967,0.103445
5719,174.984816640187,0.112562326037524,124070.984375,0.390729029217536,56713.37084885407,20.686029,0.196305
5719,174.984816640187,0.112562326037524,124070.984375,0.390729029217536,56715.31531643728,20.319504,0.110163
5719,174.984816640187,0.112562326037524,124070.984375,0.390729029217536,56715.35836787848,20.701529,0.182483
5719,174.984816640187,0.112562326037524,124070.984375,0.390729029217536,56717.225816215854,20.117003,0.127576
5719,174.984816640187,0.112562326037524,124070.984375,0.390729029217536,56719.21915428573,20.335882,0.1092
5719,174.984816640187,0.112562326037524,124070.984375,0.390729029217536,56719.30290777283,20.626499,0.147089
5719,174.984816640187,0.112562326037524,124070.984375,0.390729029217536,56723.28630649904,20.770506,0.179522
5719,174.984816640187,0.112562326037524,124070.984375,0.390729029217536,56723.35700564738,20.438822,0.161803
5719,174.984816640187,0.112562326037524,124070.984375,0.390729029217536,56725.29366915673,20.437543,0.123692
5719,174.984816640187,0.112562326037524,124070.984375,0.390729029217536,56725.35486690514,20.15101,0.128549
5719,174.984816640187,0.112562326037524,124070.984375,0.390729029217536,56727.281924684066,20.185793,0.131927
5719,174.984816640187,0.112562326037524,124070.984375,0.390729029217536,56727.359856911935,20.08314,0.134577
5719,174.984816640187,0.112562326037524,124070.984375,0.390729029217536,56774.144155855756,20.339261,0.143178
5719,174.984816640187,0.112562326037524,124070.984375,0.390729029217536,56776.02796435915,20.531827,0.159839
5719,174.984816640187,0.112562326037524,124070.984375,0.390729029217536,56776.11191714695,20.138945,0.106659
5719,174.984816640187,0.112562326037524,124070.984375,0.390729029217536,56778.03703541495,20.185433,0.1335
5719,174.984816640187,0.112562326037524,124070.984375,0.390729029217536,56778.12058334425,20.180616,0.125781
5719,174.984816640187,0.112562326037524,124070.984375,0.390729029217536,56781.999733168166,20.080034,0.121251
5719,174.984816640187,0.112562326037524,124070.984375,0.390729029217536,56782.083235232625,20.382039,0.127576
5719,174.984816640187,0.112562326037524,124070.984375,0.390729029217536,56784.034987241495,19.883327,0.15896
5719,174.984816640187,0.112562326037524,124070.984375,0.390729029217536,56784.119496422354,20.430914,0.183467
5719,174.984816640187,0.112562326037524,124070.984375,0.390729029217536,56795.9943410391,20.513048,0.178781
5719,174.984816640187,0.112562326037524,124070.984375,0.390729029217536,56796.07711564517,20.006442,0.127045
5719,174.984816640187,0.112562326037524,124070.984375,0.390729029217536,57102.10838114284,20.247724,0.171642
5719,174.984816640187,0.112562326037524,124070.984375,0.390729029217536,57130.14906072151,20.34241,0.182483
5719,174.984816640187,0.112562326037524,124070.984375,0.390729029217536,57132.146394673735,20.290329,0.18763
5719,174.984816640187,0.112562326037524,124070.984375,0.390729029217536,57134.1432350711,20.491349,0.19927
5719,174.984816640187,0.112562326037524,124070.984375,0.390729029217536,57404.34332529502,20.343287,0.168687
5719,174.984816640187,0.112562326037524,124070.984375,0.390729029217536,57422.364441083744,20.200632,0.159401
5719,174.984816640187,0.112562326037524,124070.984375,0.390729029217536,57424.27856668783,20.249248,0.122721
5719,174.984816640187,0.112562326037524,124070.984375,0.390729029217536,57424.36514516827,20.334732,0.115946
5719,174.984816640187,0.112562326037524,124070.984375,0.390729029217536,57426.355129145086,20.164339,0.131877
5719,174.984816640187,0.112562326037524,124070.984375,0.390729029217536,57428.35542154079,20.145272,0.127474
5719,174.984816640187,0.112562326037524,124070.984375,0.390729029217536,57434.23226466868,20.485742,0.16377
5719,174.984816640187,0.112562326037524,124070.984375,0.390729029217536,57434.31504655955,20.752245,0.197294
5719,174.984816640187,0.112562326037524,124070.984375,0.390729029217536,57436.312550468836,20.588912,0.15003
5719,174.984816640187,0.112562326037524,124070.984375,0.390729029217536,57452.201091075316,20.217858,0.153013
5719,174.984816640187,0.112562326037524,124070.984375,0.390729029217536,57452.284439468756,20.389746,0.141222
5719,174.984816640187,0.112562326037524,124070.984375,0.390729029217536,57454.31612863811,20.370018,0.149049
5719,174.984816640187,0.112562326037524,124070.984375,0.390729029217536,57458.19528806396,20.471794,0.144154
5807,175.99728462,-16.60162117,139671.46875,0.5584934284011903,55301.059223324526,20.222255,0.101437
5807,175.99728462,-16.60162117,139671.46875,0.5584934284011903,55643.034394051414,20.856452,0.186231
5807,175.99728462,-16.60162117,139671.46875,0.5584934284011903,55647.30962162884,20.189982,0.175003
5807,175.99728462,-16.60162117,139671.46875,0.5584934284011903,55648.04834956722,21.046822,0.195415
5807,175.99728462,-16.60162117,139671.46875,0.5584934284011903,55648.172180713154,20.977685,0.11527
5807,175.99728462,-16.60162117,139671.46875,0.5584934284011903,55648.28303852398,21.103774,0.165441
5807,175.99728462,-16.60162117,139671.46875,0.5584934284011903,55933.32932063518,20.405936,0.194328
5807,175.99728462,-16.60162117,139671.46875,0.5584934284011903,56056.12415551487,20.098793,0.174594
5807,175.99728462,-16.60162117,139671.46875,0.5584934284011903,56282.26050735731,20.55613,0.198281
5807,175.99728462,-16.60162117,139671.46875,0.5584934284011903,56282.31300693238,20.168062,0.172504
5807,175.99728462,-16.60162117,139671.46875,0.5584934284011903,56282.35107375216,20.239782,0.133415
5807,175.99728462,-16.60162117,139671.46875,0.5584934284011903,56282.35811073147,20.540347,0.194328
5807,175.99728462,-16.60162117,139671.46875,0.5584934284011903,56301.2136949799,20.527036,0.198281
5807,175.99728462,-16.60162117,139671.46875,0.5584934284011903,56301.29422437167,20.094466,0.114015
5807,175.99728462,-16.60162117,139671.46875,0.5584934284011903,56301.29539330909,20.29254,0.122722
5807,175.99728462,-16.60162117,139671.46875,0.5584934284011903,56305.196486030705,20.289251,0.153951
5807,175.99728462,-16.60162117,139671.46875,0.5584934284011903,56305.19766653562,20.533438,0.21015
5807,175.99728462,-16.60162117,139671.46875,0.5584934284011903,56305.28195687989,20.518493,0.15003
5807,175.99728462,-16.60162117,139671.46875,0.5584934284011903,56398.06230303692,20.529906,0.159819
5807,175.99728462,-16.60162117,139671.46875,0.5584934284011903,56398.063483494334,20.572421,0.192351
5807,175.99728462,-16.60162117,139671.46875,0.5584934284011903,56424.12193326047,20.17517,0.115947
5807,175.99728462,-16.60162117,139671.46875,0.5584934284011903,56424.12311374862,19.935531,0.140956
5807,175.99728462,-16.60162117,139671.46875,0.5584934284011903,56425.986238491256,20.545292,0.171642
5807,175.99728462,-16.60162117,139671.46875,0.5584934284011903,56425.9874189822,20.642706,0.160823
5807,175.99728462,-16.60162117,139671.46875,0.5584934284011903,56441.984715165105,20.589264,0.162786
5807,175.99728462,-16.60162117,139671.46875,0.5584934284011903,56441.98589568259,20.251305,0.10728
5807,175.99728462,-16.60162117,139671.46875,0.5584934284011903,56442.068659222685,20.42066,0.186974
5807,175.99728462,-16.60162117,139671.46875,0.5584934284011903,56442.06982816709,20.373928,0.128549
5807,175.99728462,-16.60162117,139671.46875,0.5584934284011903,56445.973869579844,20.383817,0.142814
5807,175.99728462,-16.60162117,139671.46875,0.5584934284011903,56446.057513236534,20.578425,0.17361
5807,175.99728462,-16.60162117,139671.46875,0.5584934284011903,56446.058728482574,20.632772,0.170655
5807,175.99728462,-16.60162117,139671.46875,0.5584934284011903,56449.97564119473,20.465471,0.151393
5807,175.99728462,-16.60162117,139671.46875,0.5584934284011903,56449.97681015311,20.699327,0.188402
5807,175.99728462,-16.60162117,139671.46875,0.5584934284011903,56655.328890774865,20.697164,0.18544
5807,175.99728462,-16.60162117,139671.46875,0.5584934284011903,56655.339434540365,20.470217,0.171363
5807,175.99728462,-16.60162117,139671.46875,0.5584934284011903,56659.26938825194,20.140646,0.116912
5807,175.99728462,-16.60162117,139671.46875,0.5584934284011903,56659.27056877641,20.267243,0.135363
5807,175.99728462,-16.60162117,139671.46875,0.5584934284011903,56659.34145809058,20.593083,0.132442
5807,175.99728462,-16.60162117,139671.46875,0.5584934284011903,56661.31731670629,20.888217,0.204215
5807,175.99728462,-16.60162117,139671.46875,0.5584934284011903,56661.31848565256,20.758574,0.170655
5807,175.99728462,-16.60162117,139671.46875,0.5584934284011903,56663.26123759011,20.663036,0.222036
5807,175.99728462,-16.60162117,139671.46875,0.5584934284011903,56663.31733529456,20.371169,0.151988
5807,175.99728462,-16.60162117,139671.46875,0.5584934284011903,56667.30338528333,20.696214,0.17361
5807,175.99728462,-16.60162117,139671.46875,0.5584934284011903,56669.343662372325,20.316027,0.10824
5807,175.99728462,-16.60162117,139671.46875,0.5584934284011903,56669.34486602573,20.012835,0.159937
5807,175.99728462,-16.60162117,139671.46875,0.5584934284011903,56681.1650203052,20.362383,0.281237
5807,175.99728462,-16.60162117,139671.46875,0.5584934284011903,56691.344525633845,21.031591,0.207181
5807,175.99728462,-16.60162117,139671.46875,0.5584934284011903,56711.23935904866,20.172565,0.144049
5807,175.99728462,-16.60162117,139671.46875,0.5584934284011903,56711.240551076364,20.135789,0.112632
5807,175.99728462,-16.60162117,139671.46875,0.5584934284011903,56713.24417415913,21.024946,0.217081
5807,175.99728462,-16.60162117,139671.46875,0.5584934284011903,56713.24534303881,20.820052,0.175581
5807,175.99728462,-16.60162117,139671.46875,0.5584934284011903,56713.323542249855,20.921506,0.195316
5807,175.99728462,-16.60162117,139671.46875,0.5584934284011903,56713.32471113,20.806939,0.188402
5807,175.99728462,-16.60162117,139671.46875,0.5584934284011903,56716.231249779,20.199607,0.167187
5807,175.99728462,-16.60162117,139671.46875,0.5584934284011903,56716.232418656815,20.12537,0.096768
5807,175.99728462,-16.60162117,139671.46875,0.5584934284011903,56720.15586391045,20.085151,0.154962
5807,175.99728462,-16.60162117,139671.46875,0.5584934284011903,56724.0904827239,20.142191,0.133415
5807,175.99728462,-16.60162117,139671.46875,0.5584934284011903,56724.09165159799,20.390572,0.157876
5807,175.99728462,-16.60162117,139671.46875,0.5584934284011903,56724.17568324879,20.659858,0.175581
5807,175.99728462,-16.60162117,139671.46875,0.5584934284011903,56724.17686369596,20.608711,0.170655
5807,175.99728462,-16.60162117,139671.46875,0.5584934284011903,56738.08583788434,20.240025,0.162308
5807,175.99728462,-16.60162117,139671.46875,0.5584934284011903,56738.08702990273,20.484212,0.135363
5807,175.99728462,-16.60162117,139671.46875,0.5584934284011903,56742.074205103796,20.806255,0.17361
5807,175.99728462,-16.60162117,139671.46875,0.5584934284011903,56742.07537397649,20.628424,0.155911
5807,175.99728462,-16.60162117,139671.46875,0.5584934284011903,56744.156211421825,20.261018,0.249863
5807,175.99728462,-16.60162117,139671.46875,0.5584934284011903,56744.157391868066,20.287573,0.125687
5807,175.99728462,-16.60162117,139671.46875,0.5584934284011903,56752.05694951676,20.568161,0.160823
5807,175.99728462,-16.60162117,139671.46875,0.5584934284011903,56766.03910483187,20.428982,0.183468
5807,175.99728462,-16.60162117,139671.46875,0.5584934284011903,56768.032833170146,20.816851,0.194328
5807,175.99728462,-16.60162117,139671.46875,0.5584934284011903,56772.064324262086,19.983189,0.208821
5807,175.99728462,-16.60162117,139671.46875,0.5584934284011903,56772.06549315434,19.902728,0.118022
5807,175.99728462,-16.60162117,139671.46875,0.5584934284011903,56772.14726933278,20.473307,0.145132
5807,175.99728462,-16.60162117,139671.46875,0.5584934284011903,56775.01656863652,20.555865,0.151009
5807,175.99728462,-16.60162117,139671.46875,0.5584934284011903,56775.01777225174,20.500878,0.137316
5807,175.99728462,-16.60162117,139671.46875,0.5584934284011903,56781.05455846526,20.199121,0.117881
5807,175.99728462,-16.60162117,139671.46875,0.5584934284011903,56855.98794663232,20.61529,0.111126
5807,175.99728462,-16.60162117,139671.46875,0.5584934284011903,56856.01617709501,20.753917,0.17262
5807,175.99728462,-16.60162117,139671.46875,0.5584934284011903,56856.01873508282,20.588977,0.121753
5807,175.99728462,-16.60162117,139671.46875,0.5584934284011903,57041.32974051032,20.134951,0.200308
5807,175.99728462,-16.60162117,139671.46875,0.5584934284011903,57097.158671683166,20.078197,0.148069
5807,175.99728462,-16.60162117,139671.46875,0.5584934284011903,57101.07064466318,20.056255,0.212131
5807,175.99728462,-16.60162117,139671.46875,0.5584934284011903,57135.09195030341,19.65715,0.150908
5807,175.99728462,-16.60162117,139671.46875,0.5584934284011903,57152.9947144757,20.121905,0.177551
5807,175.99728462,-16.60162117,139671.46875,0.5584934284011903,57153.07762622787,20.359028,0.239537
5807,175.99728462,-16.60162117,139671.46875,0.5584934284011903,57398.26202541962,20.503836,0.166719
5807,175.99728462,-16.60162117,139671.46875,0.5584934284011903,57398.347068374045,20.793033,0.167705
5807,175.99728462,-16.60162117,139671.46875,0.5584934284011903,57402.247598482296,20.674096,0.176566
5807,175.99728462,-16.60162117,139671.46875,0.5584934284011903,57402.312792313285,20.859631,0.167705
5807,175.99728462,-16.60162117,139671.46875,0.5584934284011903,57403.19058795879,19.993939,0.197296
5807,175.99728462,-16.60162117,139671.46875,0.5584934284011903,57403.27502849884,20.33106,0.127575
5807,175.99728462,-16.60162117,139671.46875,0.5584934284011903,57421.22289110208,20.818021,0.207181
5807,175.99728462,-16.60162117,139671.46875,0.5584934284011903,57427.20580826048,19.905156,0.121753
5807,175.99728462,-16.60162117,139671.46875,0.5584934284011903,57453.155846276786,20.891308,0.179524
5807,175.99728462,-16.60162117,139671.46875,0.5584934284011903,57459.06509403186,20.419666,0.201098
5829,176.20922725,-19.40962676,121135.53125,0.6495845079820372,55647.30977267632,19.987884,0.13439
5829,176.20922725,-19.40962676,121135.53125,0.6495845079820372,55648.04850133555,20.398864,0.161757
5829,176.20922725,-19.40962676,121135.53125,0.6495845079820372,55648.17233259976,20.542365,0.139075
5829,176.20922725,-19.40962676,121135.53125,0.6495845079820372,55648.283190515824,20.605977,0.132537
5829,176.20922725,-19.40962676,121135.53125,0.6495845079820372,55653.117924664635,20.030222,0.127249
5829,176.20922725,-19.40962676,121135.53125,0.6495845079820372,55653.20118104154,20.27737,0.107277
5829,176.20922725,-19.40962676,121135.53125,0.6495845079820372,55931.29718346661,20.269363,0.155325
5829,176.20922725,-19.40962676,121135.53125,0.6495845079820372,56285.30938958796,20.355348,0.182297
5829,176.20922725,-19.40962676,121135.53125,0.6495845079820372,56301.21368131135,20.169248,0.15493
5829,176.20922725,-19.40962676,121135.53125,0.6495845079820372,56396.144570318516,20.532945,0.145133
5829,176.20922725,-19.40962676,121135.53125,0.6495845079820372,56398.06364560267,20.430134,0.184455
5829,176.20922725,-19.40962676,121135.53125,0.6495845079820372,56416.06140991906,20.484797,0.186429
5829,176.20922725,-19.40962676,121135.53125,0.6495845079820372,56416.14605698036,20.341297,0.15101
5829,176.20922725,-19.40962676,121135.53125,0.6495845079820372,56420.04573270818,20.668961,0.15101
5829,176.20922725,-19.40962676,121135.53125,0.6495845079820372,56420.12909550313,20.543752,0.159152
5829,176.20922725,-19.40962676,121135.53125,0.6495845079820372,56424.037608000915,20.76277,0.219063
5829,176.20922725,-19.40962676,121135.53125,0.6495845079820372,56424.12326272298,20.314894,0.173486
5829,176.20922725,-19.40962676,121135.53125,0.6495845079820372,56425.98756585922,20.802544,0.222035
5829,176.20922725,-19.40962676,121135.53125,0.6495845079820372,56441.98601872567,20.297519,0.151989
5829,176.20922725,-19.40962676,121135.53125,0.6495845079820372,56442.0699510593,20.458682,0.168689
5829,176.20922725,-19.40962676,121135.53125,0.6495845079820372,56443.98192597367,20.400644,0.175579
5829,176.20922725,-19.40962676,121135.53125,0.6495845079820372,56445.97516569169,20.511069,0.179523
5829,176.20922725,-19.40962676,121135.53125,0.6495845079820372,56655.289149024524,20.617124,0.213119
5829,176.20922725,-19.40962676,121135.53125,0.6495845079820372,56655.3288473906,20.444395,0.178853
5829,176.20922725,-19.40962676,121135.53125,0.6495845079820372,56657.339120834135,20.369034,0.153951
5829,176.20922725,-19.40962676,121135.53125,0.6495845079820372,56659.2705357871,20.416763,0.169009
5829,176.20922725,-19.40962676,121135.53125,0.6495845079820372,56659.34025633661,19.866311,0.175061
5829,176.20922725,-19.40962676,121135.53125,0.6495845079820372,56661.264003575314,20.141616,0.171134
5829,176.20922725,-19.40962676,121135.53125,0.6495845079820372,56661.3184581236,19.911162,0.170301
5829,176.20922725,-19.40962676,121135.53125,0.6495845079820372,56663.262384218164,19.865108,0.106755
5829,176.20922725,-19.40962676,121135.53125,0.6495845079820372,56663.318482073024,20.044588,0.154206
5829,176.20922725,-19.40962676,121135.53125,0.6495845079820372,56665.23197514983,19.892871,0.153737
5829,176.20922725,-19.40962676,121135.53125,0.6495845079820372,56667.229140423704,20.138816,0.182983
5829,176.20922725,-19.40962676,121135.53125,0.6495845079820372,56667.30220493674,20.078003,0.189714
5829,176.20922725,-19.40962676,121135.53125,0.6495845079820372,56669.34365649661,20.434478,0.17275
5829,176.20922725,-19.40962676,121135.53125,0.6495845079820372,56685.240079594776,20.255809,0.133414
5829,176.20922725,-19.40962676,121135.53125,0.6495845079820372,56689.32165526599,20.074288,0.148196
5829,176.20922725,-19.40962676,121135.53125,0.6495845079820372,56689.355426241644,20.586613,0.211142
5829,176.20922725,-19.40962676,121135.53125,0.6495845079820372,56691.34575899504,20.432123,0.151989
5829,176.20922725,-19.40962676,121135.53125,0.6495845079820372,56691.36897504376,20.327794,0.160428
5829,176.20922725,-19.40962676,121135.53125,0.6495845079820372,56711.24065115955,20.244478,0.153951
5829,176.20922725,-19.40962676,121135.53125,0.6495845079820372,56713.245447346475,20.288491,0.164018
5829,176.20922725,-19.40962676,121135.53125,0.6495845079820372,56713.32481560251,20.240606,0.132929
5829,176.20922725,-19.40962676,121135.53125,0.6495845079820372,56716.232529039495,20.363146,0.165735
5829,176.20922725,-19.40962676,121135.53125,0.6495845079820372,56718.27043022821,20.657343,0.193342
5829,176.20922725,-19.40962676,121135.53125,0.6495845079820372,56718.33824836044,20.297414,0.143668
5829,176.20922725,-19.40962676,121135.53125,0.6495845079820372,56720.069716328755,20.414669,0.190376
5829,176.20922725,-19.40962676,121135.53125,0.6495845079820372,56720.15716230124,20.519102,0.175579
5829,176.20922725,-19.40962676,121135.53125,0.6495845079820372,56722.178857687395,20.581171,0.201248
5829,176.20922725,-19.40962676,121135.53125,0.6495845079820372,56724.09177660709,20.360791,0.181496
5829,176.20922725,-19.40962676,121135.53125,0.6495845079820372,56738.08717549406,20.20057,0.135364
5829,176.20922725,-19.40962676,121135.53125,0.6495845079820372,56740.07742055552,20.244949,0.125632
5829,176.20922725,-19.40962676,121135.53125,0.6495845079820372,56740.16234330041,20.801471,0.224017
5829,176.20922725,-19.40962676,121135.53125,0.6495845079820372,56742.07552402001,20.303668,0.137316
5829,176.20922725,-19.40962676,121135.53125,0.6495845079820372,56742.162252174225,20.634473,0.218071
5829,176.20922725,-19.40962676,121135.53125,0.6495845079820372,56744.07234342629,20.244662,0.187166
5829,176.20922725,-19.40962676,121135.53125,0.6495845079820372,56744.1575439712,20.624634,0.190468
5829,176.20922725,-19.40962676,121135.53125,0.6495845079820372,56746.14978125552,20.406845,0.175579
5829,176.20922725,-19.40962676,121135.53125,0.6495845079820372,56750.05774959223,20.508531,0.183469
5829,176.20922725,-19.40962676,121135.53125,0.6495845079820372,56750.14080926124,20.456301,0.230146
5829,176.20922725,-19.40962676,121135.53125,0.6495845079820372,56754.12598674558,20.274178,0.220052
5829,176.20922725,-19.40962676,121135.53125,0.6495845079820372,56756.137245344,20.130364,0.159839
5829,176.20922725,-19.40962676,121135.53125,0.6495845079820372,56797.003306268714,20.200099,0.189152
5829,176.20922725,-19.40962676,121135.53125,0.6495845079820372,56855.98795106821,20.537367,0.131815
5829,176.20922725,-19.40962676,121135.53125,0.6495845079820372,56856.01873943256,20.411032,0.129169
5829,176.20922725,-19.40962676,121135.53125,0.6495845079820372,57012.28441656614,20.204861,0.203226
5829,176.20922725,-19.40962676,121135.53125,0.6495845079820372,57012.325064518955,20.441124,0.259183
5829,176.20922725,-19.40962676,121135.53125,0.6495845079820372,57014.30411431333,20.113669,0.15101
5829,176.20922725,-19.40962676,121135.53125,0.6495845079820372,57016.32005563378,20.346949,0.176566
5829,176.20922725,-19.40962676,121135.53125,0.6495845079820372,57020.31957012415,20.385781,0.174595
5829,176.20922725,-19.40962676,121135.53125,0.6495845079820372,57037.20696518337,20.606736,0.2151
5829,176.20922725,-19.40962676,121135.53125,0.6495845079820372,57039.2069700337,20.350246,0.180508
5829,176.20922725,-19.40962676,121135.53125,0.6495845079820372,57039.29259115551,20.27567,0.186429
5829,176.20922725,-19.40962676,121135.53125,0.6495845079820372,57041.25992987212,19.943531,0.144155
5829,176.20922725,-19.40962676,121135.53125,0.6495845079820372,57041.328583981376,20.245604,0.145133
5829,176.20922725,-19.40962676,121135.53125,0.6495845079820372,57043.35260432027,20.129474,0.149532
5829,176.20922725,-19.40962676,121135.53125,0.6495845079820372,57043.36803177791,20.24979,0.159839
5829,176.20922725,-19.40962676,121135.53125,0.6495845079820372,57045.27434470365,20.150068,0.126605
5829,176.20922725,-19.40962676,121135.53125,0.6495845079820372,57045.32978156721,20.669772,0.196305
5829,176.20922725,-19.40962676,121135.53125,0.6495845079820372,57065.1976384907,20.310812,0.166191
5829,176.20922725,-19.40962676,121135.53125,0.6495845079820372,57095.1615383788,19.967474,0.181496
5829,176.20922725,-19.40962676,121135.53125,0.6495845079820372,57097.07465015538,20.228595,0.197292
5829,176.20922725,-19.40962676,121135.53125,0.6495845079820372,57097.15997797437,20.087057,0.180508
5829,176.20922725,-19.40962676,121135.53125,0.6495845079820372,57123.018793899566,20.438926,0.18939
5829,176.20922725,-19.40962676,121135.53125,0.6495845079820372,57152.99604566442,20.279569,0.16672
5829,176.20922725,-19.40962676,121135.53125,0.6495845079820372,57153.07894575922,20.376491,0.181496
5829,176.20922725,-19.40962676,121135.53125,0.6495845079820372,57433.191052529495,20.6177,0.196305
5829,176.20922725,-19.40962676,121135.53125,0.6495845079820372,57457.0698638116,20.215119,0.171571
5829,176.20922725,-19.40962676,121135.53125,0.6495845079820372,57457.15294655599,20.241417,0.158994
5829,176.20922725,-19.40962676,121135.53125,0.6495845079820372,57459.066395275295,20.273916,0.157874
5829,176.20922725,-19.40962676,121135.53125,0.6495845079820372,57459.1494201161,19.911659,0.179523
5948,177.19693872,-9.36694899,140176.796875,0.2946612134720151,55265.058591848705,20.518747,0.142896
5948,177.19693872,-9.36694899,140176.796875,0.2946612134720151,55265.14175520884,20.728552,0.155476
5948,177.19693872,-9.36694899,140176.796875,0.2946612134720151,55280.248027865775,20.552089,0.175777
5948,177.19693872,-9.36694899,140176.796875,0.2946612134720151,55287.994613583665,20.260776,0.150714
5948,177.19693872,-9.36694899,140176.796875,0.2946612134720151,55291.0122175673,20.934311,0.212427
5948,177.19693872,-9.36694899,140176.796875,0.2946612134720151,55291.05470211059,20.989365,0.203522
5948,177.19693872,-9.36694899,140176.796875,0.2946612134720151,55295.0564703485,20.299385,0.177653
5948,177.19693872,-9.36694899,140176.796875,0.2946612134720151,55297.02537008328,20.881995,0.185441
5948,177.19693872,-9.36694899,140176.796875,0.2946612134720151,55297.091486957856,20.855819,0.162689
5948,177.19693872,-9.36694899,140176.796875,0.2946612134720151,55298.019368676,20.061295,0.124663
5948,177.19693872,-9.36694899,140176.796875,0.2946612134720151,55298.08734885743,20.827813,0.172231
5948,177.19693872,-9.36694899,140176.796875,0.2946612134720151,55299.05545920925,21.065014,0.197689
5948,177.19693872,-9.36694899,140176.796875,0.2946612134720151,55653.238295547664,20.775706,0.179214
5948,177.19693872,-9.36694899,140176.796875,0.2946612134720151,55658.11103201052,20.427943,0.167696
5948,177.19693872,-9.36694899,140176.796875,0.2946612134720151,55658.1987555665,20.734952,0.107088
5948,177.19693872,-9.36694899,140176.796875,0.2946612134720151,55658.287960473914,21.204122,0.248815
5948,177.19693872,-9.36694899,140176.796875,0.2946612134720151,55946.361776515376,20.727802,0.161805
5948,177.19693872,-9.36694899,140176.796875,0.2946612134720151,55950.35074332636,20.252248,0.148287
5948,177.19693872,-9.36694899,140176.796875,0.2946612134720151,55959.32549213339,20.579799,0.146111
5948,177.19693872,-9.36694899,140176.796875,0.2946612134720151,55960.32259596605,20.698191,0.16377
5948,177.19693872,-9.36694899,140176.796875,0.2946612134720151,55976.27699704748,20.487828,0.145134
5948,177.19693872,-9.36694899,140176.796875,0.2946612134720151,55979.268539878074,20.439121,0.18939
5948,177.19693872,-9.36694899,140176.796875,0.2946612134720151,55982.260713792406,20.679601,0.17076
5948,177.19693872,-9.36694899,140176.796875,0.2946612134720151,55983.25767194433,20.812937,0.171642
5948,177.19693872,-9.36694899,140176.796875,0.2946612134720151,55985.252952366136,20.835154,0.203226
5948,177.19693872,-9.36694899,140176.796875,0.2946612134720151,55986.251529289875,20.64516,0.151989
5948,177.19693872,-9.36694899,140176.796875,0.2946612134720151,55988.24610107392,20.581194,0.15984
5948,177.19693872,-9.36694899,140176.796875,0.2946612134720151,55989.24069565302,20.634766,0.189776
5948,177.19693872,-9.36694899,140176.796875,0.2946612134720151,56005.19691653317,20.499878,0.144154
5948,177.19693872,-9.36694899,140176.796875,0.2946612134720151,56006.192804756574,20.910734,0.187415
5948,177.19693872,-9.36694899,140176.796875,0.2946612134720151,56008.187289603055,20.514143,0.16672
5948,177.19693872,-9.36694899,140176.796875,0.2946612134720151,56012.17743021017,20.780362,0.174596
5948,177.19693872,-9.36694899,140176.796875,0.2946612134720151,56015.168791270815,20.499006,0.147091
5948,177.19693872,-9.36694899,140176.796875,0.2946612134720151,56032.09968730807,20.95025,0.178538
5948,177.19693872,-9.36694899,140176.796875,0.2946612134720151,56032.18480741652,21.110511,0.203226
5948,177.19693872,-9.36694899,140176.796875,0.2946612134720151,56416.05629555322,20.851895,0.171642
5948,177.19693872,-9.36694899,140176.796875,0.2946612134720151,56424.0324725532,20.869561,0.190378
5948,177.19693872,-9.36694899,140176.796875,0.2946612134720151,56424.118173755705,20.658308,0.168688
5948,177.19693872,-9.36694899,140176.796875,0.2946612134720151,56425.98231913848,20.620484,0.16672
5948,177.19693872,-9.36694899,140176.796875,0.2946612134720151,56426.094442765694,20.756994,0.15338
5948,177.19693872,-9.36694899,140176.796875,0.2946612134720151,56445.96854215162,20.540458,0.146322
5948,177.19693872,-9.36694899,140176.796875,0.2946612134720151,56446.052243893966,20.531756,0.139268
5948,177.19693872,-9.36694899,140176.796875,0.2946612134720151,56450.05472136801,20.725325,0.168688
5948,177.19693872,-9.36694899,140176.796875,0.2946612134720151,56658.26041310327,20.629116,0.148069
5948,177.19693872,-9.36694899,140176.796875,0.2946612134720151,56658.34284125501,20.951087,0.172625
5948,177.19693872,-9.36694899,140176.796875,0.2946612134720151,56662.26586278295,20.43464,0.151989
5948,177.19693872,-9.36694899,140176.796875,0.2946612134720151,56662.31991179846,20.695174,0.183685
5948,177.19693872,-9.36694899,140176.796875,0.2946612134720151,56664.3021650766,20.776508,0.15395
5948,177.19693872,-9.36694899,140176.796875,0.2946612134720151,56715.238116385415,20.754117,0.228665
5948,177.19693872,-9.36694899,140176.796875,0.2946612134720151,56715.320759263355,20.471854,0.126498
5948,177.19693872,-9.36694899,140176.796875,0.2946612134720151,56717.23832546873,20.694651,0.167661
5948,177.19693872,-9.36694899,140176.796875,0.2946612134720151,56721.23298706068,20.448556,0.157621
5948,177.19693872,-9.36694899,140176.796875,0.2946612134720151,56721.316289405804,20.491455,0.130495
5948,177.19693872,-9.36694899,140176.796875,0.2946612134720151,56723.30959655251,20.718856,0.175582
5948,177.19693872,-9.36694899,140176.796875,0.2946612134720151,56725.22549103433,21.05762,0.191365
5948,177.19693872,-9.36694899,140176.796875,0.2946612134720151,56725.30863126926,20.369192,0.157113
5948,177.19693872,-9.36694899,140176.796875,0.2946612134720151,56727.21620395919,20.684798,0.177551
5948,177.19693872,-9.36694899,140176.796875,0.2946612134720151,56727.29927472444,20.832556,0.191936
5948,177.19693872,-9.36694899,140176.796875,0.2946612134720151,56741.252995058894,20.360316,0.12565
5948,177.19693872,-9.36694899,140176.796875,0.2946612134720151,56741.25534437224,20.400338,0.157677
5948,177.19693872,-9.36694899,140176.796875,0.2946612134720151,56747.105798760895,20.552264,0.190378
5948,177.19693872,-9.36694899,140176.796875,0.2946612134720151,56751.1765211178,20.670271,0.135365
5948,177.19693872,-9.36694899,140176.796875,0.2946612134720151,56769.04443737259,20.789552,0.168688
5948,177.19693872,-9.36694899,140176.796875,0.2946612134720151,56769.1296968204,20.958707,0.177551
5948,177.19693872,-9.36694899,140176.796875,0.2946612134720151,56776.064286837354,20.398786,0.154932
5948,177.19693872,-9.36694899,140176.796875,0.2946612134720151,56778.15352487378,20.69411,0.15297
5948,177.19693872,-9.36694899,140176.796875,0.2946612134720151,56782.03637539735,20.558646,0.145737
5948,177.19693872,-9.36694899,140176.796875,0.2946612134720151,56796.02492576698,20.492344,0.128549
5948,177.19693872,-9.36694899,140176.796875,0.2946612134720151,56796.10759550333,20.419206,0.184455
5948,177.19693872,-9.36694899,140176.796875,0.2946612134720151,57071.29566161521,20.300885,0.191739
5948,177.19693872,-9.36694899,140176.796875,0.2946612134720151,57122.071370989084,20.540998,0.168688
5948,177.19693872,-9.36694899,140176.796875,0.2946612134720151,57401.32785609737,20.531703,0.158856
5948,177.19693872,-9.36694899,140176.796875,0.2946612134720151,57451.15739409672,20.934642,0.193341
5948,177.19693872,-9.36694899,140176.796875,0.2946612134720151,57453.149683102965,20.399745,0.129482
5948,177.19693872,-9.36694899,140176.796875,0.2946612134720151,57463.13990939781,20.548427,0.171642
5962,177.27400956,-18.53420487,122824.453125,0.6353401313513847,55300.9821111192,20.251316,0.202304
5962,177.27400956,-18.53420487,122824.453125,0.6353401313513847,55301.06709232135,20.180552,0.134641
5962,177.27400956,-18.53420487,122824.453125,0.6353401313513847,55301.15118240053,20.438919,0.17115
5962,177.27400956,-18.53420487,122824.453125,0.6353401313513847,55643.049951666035,20.295585,0.167016
5962,177.27400956,-18.53420487,122824.453125,0.6353401313513847,55648.08456668863,20.435555,0.125831
5962,177.27400956,-18.53420487,122824.453125,0.6353401313513847,55648.208421004936,20.202325,0.1539
5962,177.27400956,-18.53420487,122824.453125,0.6353401313513847,55648.31917467946,20.144902,0.130464
5962,177.27400956,-18.53420487,122824.453125,0.6353401313513847,55654.99425877631,20.343435,0.111459
5962,177.27400956,-18.53420487,122824.453125,0.6353401313513847,55655.07957513351,20.387041,0.097053
5962,177.27400956,-18.53420487,122824.453125,0.6353401313513847,55655.28191795293,20.117931,0.129322
5962,177.27400956,-18.53420487,122824.453125,0.6353401313513847,55656.07306185365,19.942846,0.129618
5962,177.27400956,-18.53420487,122824.453125,0.6353401313513847,55931.308464674745,20.526548,0.169672
5962,177.27400956,-18.53420487,122824.453125,0.6353401313513847,56058.063130756374,20.092056,0.166432
5962,177.27400956,-18.53420487,122824.453125,0.6353401313513847,56058.14644748159,20.424509,0.174596
5962,177.27400956,-18.53420487,122824.453125,0.6353401313513847,56084.97015201161,20.341197,0.180722
5962,177.27400956,-18.53420487,122824.453125,0.6353401313513847,56301.22135444544,20.649465,0.197294
5962,177.27400956,-18.53420487,122824.453125,0.6353401313513847,56305.20986431884,20.2983,0.143178
5962,177.27400956,-18.53420487,122824.453125,0.6353401313513847,56305.294062346686,20.465949,0.137315
5962,177.27400956,-18.53420487,122824.453125,0.6353401313513847,56307.2032774305,20.176437,0.128548
5962,177.27400956,-18.53420487,122824.453125,0.6353401313513847,56307.28664192464,20.403183,0.140245
5962,177.27400956,-18.53420487,122824.453125,0.6353401313513847,56420.045741938055,20.521754,0.160822
5962,177.27400956,-18.53420487,122824.453125,0.6353401313513847,56420.12910463894,20.654447,0.173611
5962,177.27400956,-18.53420487,122824.453125,0.6353401313513847,56655.29155999981,20.721934,0.196306
5962,177.27400956,-18.53420487,122824.453125,0.6353401313513847,56655.33006628696,19.996602,0.153951
5962,177.27400956,-18.53420487,122824.453125,0.6353401313513847,56659.27292658063,20.346857,0.176197
5962,177.27400956,-18.53420487,122824.453125,0.6353401313513847,56659.32265922008,20.43297,0.132706
5962,177.27400956,-18.53420487,122824.453125,0.6353401313513847,56661.26639576396,20.284323,0.169672
5962,177.27400956,-18.53420487,122824.453125,0.6353401313513847,56661.33852349501,20.54978,0.158404
5962,177.27400956,-18.53420487,122824.453125,0.6353401313513847,56663.267161932774,20.395531,0.149049
5962,177.27400956,-18.53420487,122824.453125,0.6353401313513847,56663.320887208916,20.433736,0.137315
5962,177.27400956,-18.53420487,122824.453125,0.6353401313513847,56665.30783977965,20.618898,0.244844
5962,177.27400956,-18.53420487,122824.453125,0.6353401313513847,56667.23655938264,20.219594,0.131831
5962,177.27400956,-18.53420487,122824.453125,0.6353401313513847,56667.305781480856,20.375836,0.137315
5962,177.27400956,-18.53420487,122824.453125,0.6353401313513847,56669.34137794329,20.193229,0.234583
5962,177.27400956,-18.53420487,122824.453125,0.6353401313513847,56685.24991347268,20.468995,0.162748
5962,177.27400956,-18.53420487,122824.453125,0.6353401313513847,56689.324071545154,20.729962,0.199814
5962,177.27400956,-18.53420487,122824.453125,0.6353401313513847,56689.35666204803,20.203625,0.14914
5962,177.27400956,-18.53420487,122824.453125,0.6353401313513847,56691.34817562532,20.855824,0.187414
5962,177.27400956,-18.53420487,122824.453125,0.6353401313513847,56691.37021120032,20.432162,0.189863
5962,177.27400956,-18.53420487,122824.453125,0.6353401313513847,56711.243055539206,20.074152,0.157257
5962,177.27400956,-18.53420487,122824.453125,0.6353401313513847,56711.322366008535,20.566096,0.183644
5962,177.27400956,-18.53420487,122824.453125,0.6353401313513847,56713.2478743908,20.368501,0.156893
5962,177.27400956,-18.53420487,122824.453125,0.6353401313513847,56716.25898091821,20.065547,0.113057
5962,177.27400956,-18.53420487,122824.453125,0.6353401313513847,56716.33157877298,20.06481,0.164158
5962,177.27400956,-18.53420487,122824.453125,0.6353401313513847,56718.27283259481,20.094179,0.135737
5962,177.27400956,-18.53420487,122824.453125,0.6353401313513847,56718.33948182501,20.49357,0.150029
5962,177.27400956,-18.53420487,122824.453125,0.6353401313513847,56720.07449051086,20.485094,0.181495
5962,177.27400956,-18.53420487,122824.453125,0.6353401313513847,56720.15956397494,20.200593,0.144767
5962,177.27400956,-18.53420487,122824.453125,0.6353401313513847,56722.24538474344,20.495577,0.169141
5962,177.27400956,-18.53420487,122824.453125,0.6353401313513847,56722.32665060228,20.534229,0.159839
5962,177.27400956,-18.53420487,122824.453125,0.6353401313513847,56724.24338768516,20.38486,0.141603
5962,177.27400956,-18.53420487,122824.453125,0.6353401313513847,56724.325521461666,20.500168,0.172509
5962,177.27400956,-18.53420487,122824.453125,0.6353401313513847,56738.09667336987,20.627966,0.170656
5962,177.27400956,-18.53420487,122824.453125,0.6353401313513847,56740.086905472446,20.272252,0.114164
5962,177.27400956,-18.53420487,122824.453125,0.6353401313513847,56740.17185130343,20.589328,0.146122
5962,177.27400956,-18.53420487,122824.453125,0.6353401313513847,56742.085019060876,20.456534,0.143575
5962,177.27400956,-18.53420487,122824.453125,0.6353401313513847,56742.17172400467,20.516383,0.153951
5962,177.27400956,-18.53420487,122824.453125,0.6353401313513847,56744.16702586925,20.205126,0.151393
5962,177.27400956,-18.53420487,122824.453125,0.6353401313513847,56746.07389906002,20.224893,0.173779
5962,177.27400956,-18.53420487,122824.453125,0.6353401313513847,56746.1592963147,20.191337,0.138069
5962,177.27400956,-18.53420487,122824.453125,0.6353401313513847,56750.067215152085,20.282345,0.14914
5962,177.27400956,-18.53420487,122824.453125,0.6353401313513847,56766.0487639457,20.310371,0.162787
5962,177.27400956,-18.53420487,122824.453125,0.6353401313513847,56768.12780726468,20.535255,0.177551
5962,177.27400956,-18.53420487,122824.453125,0.6353401313513847,56770.03912414657,20.51055,0.163771
5962,177.27400956,-18.53420487,122824.453125,0.6353401313513847,56772.15807836549,20.175325,0.142943
5962,177.27400956,-18.53420487,122824.453125,0.6353401313513847,56773.08233580319,20.454513,0.190058
5962,177.27400956,-18.53420487,122824.453125,0.6353401313513847,56773.1649799305,20.555397,0.207818
5962,177.27400956,-18.53420487,122824.453125,0.6353401313513847,56781.06542268768,20.374869,0.157875
5962,177.27400956,-18.53420487,122824.453125,0.6353401313513847,56783.09611828439,20.121483,0.151009
5962,177.27400956,-18.53420487,122824.453125,0.6353401313513847,56795.043124439195,20.128731,0.123693
5962,177.27400956,-18.53420487,122824.453125,0.6353401313513847,56797.012827199884,20.271242,0.173667
5962,177.27400956,-18.53420487,122824.453125,0.6353401313513847,57012.32628811477,20.336938,0.179523
5962,177.27400956,-18.53420487,122824.453125,0.6353401313513847,57014.306508613285,20.074816,0.119815
5962,177.27400956,-18.53420487,122824.453125,0.6353401313513847,57016.27742895624,20.155674,0.201703
5962,177.27400956,-18.53420487,122824.453125,0.6353401313513847,57016.32246321393,20.454383,0.2148
5962,177.27400956,-18.53420487,122824.453125,0.6353401313513847,57018.27554183081,20.04591,0.152453
5962,177.27400956,-18.53420487,122824.453125,0.6353401313513847,57037.2117247791,20.414012,0.24032
5962,177.27400956,-18.53420487,122824.453125,0.6353401313513847,57037.29486943083,20.132081,0.141222
5962,177.27400956,-18.53420487,122824.453125,0.6353401313513847,57041.32233909052,20.225427,0.166147
5962,177.27400956,-18.53420487,122824.453125,0.6353401313513847,57045.33336419193,20.51016,0.164754
5962,177.27400956,-18.53420487,122824.453125,0.6353401313513847,57047.346750440076,20.267199,0.163771
5962,177.27400956,-18.53420487,122824.453125,0.6353401313513847,57051.34335918771,20.386405,0.186526
5962,177.27400956,-18.53420487,122824.453125,0.6353401313513847,57053.34044696251,20.39065,0.180073
5962,177.27400956,-18.53420487,122824.453125,0.6353401313513847,57068.25738009345,20.108704,0.149049
5962,177.27400956,-18.53420487,122824.453125,0.6353401313513847,57068.3273515054,20.496689,0.183469
5962,177.27400956,-18.53420487,122824.453125,0.6353401313513847,57070.19635980576,19.909594,0.179961
5962,177.27400956,-18.53420487,122824.453125,0.6353401313513847,57072.19138522586,20.270072,0.174596
5962,177.27400956,-18.53420487,122824.453125,0.6353401313513847,57076.17854554718,20.314457,0.178904
5962,177.27400956,-18.53420487,122824.453125,0.6353401313513847,57080.33329660818,19.938327,0.190377
5962,177.27400956,-18.53420487,122824.453125,0.6353401313513847,57094.06765891425,20.456939,0.183469
5962,177.27400956,-18.53420487,122824.453125,0.6353401313513847,57095.08571351366,20.410475,0.199568
5962,177.27400956,-18.53420487,122824.453125,0.6353401313513847,57097.084128853865,20.17739,0.202234
5962,177.27400956,-18.53420487,122824.453125,0.6353401313513847,57396.26552210376,20.166315,0.136231
5962,177.27400956,-18.53420487,122824.453125,0.6353401313513847,57398.26811507763,20.589516,0.174252
5962,177.27400956,-18.53420487,122824.453125,0.6353401313513847,57398.34359847056,20.566053,0.184838
5962,177.27400956,-18.53420487,122824.453125,0.6353401313513847,57419.16313086497,20.350381,0.170439
5962,177.27400956,-18.53420487,122824.453125,0.6353401313513847,57421.154009393416,20.368357,0.14709
5962,177.27400956,-18.53420487,122824.453125,0.6353401313513847,57421.23865661351,20.513856,0.20984
5962,177.27400956,-18.53420487,122824.453125,0.6353401313513847,57425.14268590929,20.423758,0.180509
5962,177.27400956,-18.53420487,122824.453125,0.6353401313513847,57427.22148531256,20.425534,0.194179
5962,177.27400956,-18.53420487,122824.453125,0.6353401313513847,57429.13508435665,20.16555,0.183478
5962,177.27400956,-18.53420487,122824.453125,0.6353401313513847,57429.218805031385,20.315598,0.247152
5962,177.27400956,-18.53420487,122824.453125,0.6353401313513847,57447.07901213458,20.3104,0.177324
5962,177.27400956,-18.53420487,122824.453125,0.6353401313513847,57451.09239686746,20.813129,0.249808
5962,177.27400956,-18.53420487,122824.453125,0.6353401313513847,57453.22475232836,20.364198,0.172708
5962,177.27400956,-18.53420487,122824.453125,0.6353401313513847,57453.30917760683,20.336635,0.168687
5962,177.27400956,-18.53420487,122824.453125,0.6353401313513847,57455.33747824235,20.480503,0.163771
5962,177.27400956,-18.53420487,122824.453125,0.6353401313513847,57455.373412485234,20.149191,0.168687
5962,177.27400956,-18.53420487,122824.453125,0.6353401313513847,57457.081787260715,20.163427,0.17678
5962,177.27400956,-18.53420487,122824.453125,0.6353401313513847,57457.16493940214,20.334397,0.190736
5962,177.27400956,-18.53420487,122824.453125,0.6353401313513847,57459.078317697626,20.49448,0.200258
5970,177.30564755,-18.86133384,120985.460938,0.6572483579214236,55300.98213052144,20.228803,0.178253
5970,177.30564755,-18.86133384,120985.460938,0.6572483579214236,55301.1512018065,20.474984,0.13071
5970,177.30564755,-18.86133384,120985.460938,0.6572483579214236,55643.049969153944,20.442093,0.138293
5970,177.30564755,-18.86133384,120985.460938,0.6572483579214236,55643.134590947535,20.589544,0.197788
5970,177.30564755,-18.86133384,120985.460938,0.6572483579214236,55647.301601464394,19.967852,0.112061
5970,177.30564755,-18.86133384,120985.460938,0.6572483579214236,55648.08458483033,20.053933,0.143875
5970,177.30564755,-18.86133384,120985.460938,0.6572483579214236,55648.20843916107,20.257785,0.133366
5970,177.30564755,-18.86133384,120985.460938,0.6572483579214236,55648.319192848634,20.497949,0.128372
5970,177.30564755,-18.86133384,120985.460938,0.6572483579214236,55653.27692173468,19.85103,0.146311
5970,177.30564755,-18.86133384,120985.460938,0.6572483579214236,55653.320274273865,20.25745,0.116913
5970,177.30564755,-18.86133384,120985.460938,0.6572483579214236,55654.99427760346,20.34973,0.088161
5970,177.30564755,-18.86133384,120985.460938,0.6572483579214236,55655.079593967646,20.576184,0.106224
5970,177.30564755,-18.86133384,120985.460938,0.6572483579214236,55655.28193680337,20.244425,0.124054
5970,177.30564755,-18.86133384,120985.460938,0.6572483579214236,55655.99018313503,20.144523,0.12059
5970,177.30564755,-18.86133384,120985.460938,0.6572483579214236,55656.07308076555,20.200296,0.113918
5970,177.30564755,-18.86133384,120985.460938,0.6572483579214236,55931.308461392764,20.129795,0.161803
5970,177.30564755,-18.86133384,120985.460938,0.6572483579214236,56056.049314864445,19.902978,0.123691
5970,177.30564755,-18.86133384,120985.460938,0.6572483579214236,56058.063148769084,20.4559,0.159225
5970,177.30564755,-18.86133384,120985.460938,0.6572483579214236,56058.14646548405,20.136091,0.160874
5970,177.30564755,-18.86133384,120985.460938,0.6572483579214236,56084.970164950006,20.244746,0.151574
5970,177.30564755,-18.86133384,120985.460938,0.6572483579214236,56085.05340380082,20.187005,0.177551
5970,177.30564755,-18.86133384,120985.460938,0.6572483579214236,56299.22698420007,20.341116,0.177551
5970,177.30564755,-18.86133384,120985.460938,0.6572483579214236,56299.30054674437,20.189085,0.15003
5970,177.30564755,-18.86133384,120985.460938,0.6572483579214236,56301.221352665685,20.246687,0.162526
5970,177.30564755,-18.86133384,120985.460938,0.6572483579214236,56301.29777369276,20.27384,0.156379
5970,177.30564755,-18.86133384,120985.460938,0.6572483579214236,56305.20986383455,20.551195,0.186427
5970,177.30564755,-18.86133384,120985.460938,0.6572483579214236,56305.29406188987,20.13873,0.151869
5970,177.30564755,-18.86133384,120985.460938,0.6572483579214236,56307.203277594876,20.377344,0.215394
5970,177.30564755,-18.86133384,120985.460938,0.6572483579214236,56420.04576032655,20.422883,0.136341
5970,177.30564755,-18.86133384,120985.460938,0.6572483579214236,56420.12912301859,20.197936,0.146786
5970,177.30564755,-18.86133384,120985.460938,0.6572483579214236,56659.27292248607,20.284031,0.130494
5970,177.30564755,-18.86133384,120985.460938,0.6572483579214236,56659.32265514135,20.459892,0.127575
5970,177.30564755,-18.86133384,120985.460938,0.6572483579214236,56661.33852005983,20.672959,0.164754
5970,177.30564755,-18.86133384,120985.460938,0.6572483579214236,56663.26715911692,20.549966,0.177551
5970,177.30564755,-18.86133384,120985.460938,0.6572483579214236,56663.320884409826,20.326764,0.147547
5970,177.30564755,-18.86133384,120985.460938,0.6572483579214236,56665.307837621775,20.308909,0.192352
5970,177.30564755,-18.86133384,120985.460938,0.6572483579214236,56667.23655784968,20.470782,0.154931
5970,177.30564755,-18.86133384,120985.460938,0.6572483579214236,56667.30577997025,20.03954,0.112467
5970,177.30564755,-18.86133384,120985.460938,0.6572483579214236,56669.281286777,20.360954,0.190376
5970,177.30564755,-18.86133384,120985.460938,0.6572483579214236,56669.34137709392,20.154617,0.125312
5970,177.30564755,-18.86133384,120985.460938,0.6572483579214236,56681.18073824514,20.130758,0.144156
5970,177.30564755,-18.86133384,120985.460938,0.6572483579214236,56685.249917765614,20.217495,0.154192
5970,177.30564755,-18.86133384,120985.460938,0.6572483579214236,56689.32407712005,20.535489,0.158857
5970,177.30564755,-18.86133384,120985.460938,0.6572483579214236,56689.35666763317,20.204959,0.133415
5970,177.30564755,-18.86133384,120985.460938,0.6572483579214236,56691.34818182746,20.386837,0.149836
5970,177.30564755,-18.86133384,120985.460938,0.6572483579214236,56691.37021740945,20.693844,0.182483
5970,177.30564755,-18.86133384,120985.460938,0.6572483579214236,56711.24306742009,20.611853,0.168688
5970,177.30564755,-18.86133384,120985.460938,0.6572483579214236,56711.32237791037,20.505725,0.167703
5970,177.30564755,-18.86133384,120985.460938,0.6572483579214236,56713.247886781115,20.540263,0.159838
5970,177.30564755,-18.86133384,120985.460938,0.6572483579214236,56714.116296571214,20.329124,0.207183
5970,177.30564755,-18.86133384,120985.460938,0.6572483579214236,56714.19897468714,20.459571,0.18051
5970,177.30564755,-18.86133384,120985.460938,0.6572483579214236,56716.258994047064,20.437332,0.145081
5970,177.30564755,-18.86133384,120985.460938,0.6572483579214236,56716.331591919065,20.405809,0.145133
5970,177.30564755,-18.86133384,120985.460938,0.6572483579214236,56718.27284619911,20.470028,0.1422
5970,177.30564755,-18.86133384,120985.460938,0.6572483579214236,56718.339495445136,20.560395,0.165736
5970,177.30564755,-18.86133384,120985.460938,0.6572483579214236,56720.07450452773,20.530868,0.186427
5970,177.30564755,-18.86133384,120985.460938,0.6572483579214236,56720.159578010906,20.396819,0.124663
5970,177.30564755,-18.86133384,120985.460938,0.6572483579214236,56722.24539923947,20.540557,0.166557
5970,177.30564755,-18.86133384,120985.460938,0.6572483579214236,56722.32666511601,20.558314,0.157874
5970,177.30564755,-18.86133384,120985.460938,0.6572483579214236,56724.243402605876,20.548723,0.194309
5970,177.30564755,-18.86133384,120985.460938,0.6572483579214236,56724.32553640008,20.500211,0.156894
5970,177.30564755,-18.86133384,120985.460938,0.6572483579214236,56738.0966907558,20.552172,0.17164
5970,177.30564755,-18.86133384,120985.460938,0.6572483579214236,56740.086923138704,20.400797,0.120784
5970,177.30564755,-18.86133384,120985.460938,0.6572483579214236,56740.17186898133,20.709172,0.151988
5970,177.30564755,-18.86133384,120985.460938,0.6572483579214236,56742.085036988836,20.406856,0.134272
5970,177.30564755,-18.86133384,120985.460938,0.6572483579214236,56742.17174194334,20.27733,0.116913
5970,177.30564755,-18.86133384,120985.460938,0.6572483579214236,56744.08182041347,20.346198,0.134391
5970,177.30564755,-18.86133384,120985.460938,0.6572483579214236,56744.1670440482,20.132084,0.129997
5970,177.30564755,-18.86133384,120985.460938,0.6572483579214236,56746.07391745038,20.603309,0.176754
5970,177.30564755,-18.86133384,120985.460938,0.6572483579214236,56746.15931471391,20.23334,0.120784
5970,177.30564755,-18.86133384,120985.460938,0.6572483579214236,56750.067233922426,20.285176,0.12952
5970,177.30564755,-18.86133384,120985.460938,0.6572483579214236,56750.15031667473,20.155036,0.156519
5970,177.30564755,-18.86133384,120985.460938,0.6572483579214236,56754.05239653634,20.481713,0.214111
5970,177.30564755,-18.86133384,120985.460938,0.6572483579214236,56754.13552570343,20.103102,0.176567
5970,177.30564755,-18.86133384,120985.460938,0.6572483579214236,56756.063722794876,20.05452,0.190002
5970,177.30564755,-18.86133384,120985.460938,0.6572483579214236,56756.14671315858,20.321278,0.182192
5970,177.30564755,-18.86133384,120985.460938,0.6572483579214236,56766.04878338566,20.231302,0.145133
5970,177.30564755,-18.86133384,120985.460938,0.6572483579214236,56768.04249794036,20.292603,0.137745
5970,177.30564755,-18.86133384,120985.460938,0.6572483579214236,56768.12782668881,20.475123,0.153008
5970,177.30564755,-18.86133384,120985.460938,0.6572483579214236,56770.03914353531,20.376017,0.144156
5970,177.30564755,-18.86133384,120985.460938,0.6572483579214236,56772.07511801785,20.299444,0.12952
5970,177.30564755,-18.86133384,120985.460938,0.6572483579214236,56772.15809769137,20.49841,0.165736
5970,177.30564755,-18.86133384,120985.460938,0.6572483579214236,56773.08235509414,20.289071,0.148071
5970,177.30564755,-18.86133384,120985.460938,0.6572483579214236,56773.16499921819,20.202488,0.131467
5970,177.30564755,-18.86133384,120985.460938,0.6572483579214236,56775.02807553904,20.375208,0.146113
5970,177.30564755,-18.86133384,120985.460938,0.6572483579214236,56780.98198659485,20.226891,0.18939
5970,177.30564755,-18.86133384,120985.460938,0.6572483579214236,56783.011605511885,20.08071,0.122722
5970,177.30564755,-18.86133384,120985.460938,0.6572483579214236,56795.04314154526,20.607316,0.190376
5970,177.30564755,-18.86133384,120985.460938,0.6572483579214236,57014.30650134524,20.313683,0.183468
5970,177.30564755,-18.86133384,120985.460938,0.6572483579214236,57014.33672104543,20.269163,0.182483
5970,177.30564755,-18.86133384,120985.460938,0.6572483579214236,57016.277422286104,20.343824,0.21224
5970,177.30564755,-18.86133384,120985.460938,0.6572483579214236,57016.322456557304,20.231623,0.241742
5970,177.30564755,-18.86133384,120985.460938,0.6572483579214236,57018.32170414738,20.140154,0.210146
5970,177.30564755,-18.86133384,120985.460938,0.6572483579214236,57037.2948694597,20.286265,0.168688
5970,177.30564755,-18.86133384,120985.460938,0.6572483579214236,57039.255965401884,20.253848,0.204787
5970,177.30564755,-18.86133384,120985.460938,0.6572483579214236,57039.31772190984,20.290858,0.257346
5970,177.30564755,-18.86133384,120985.460938,0.6572483579214236,57041.2623316925,20.449729,0.192523
5970,177.30564755,-18.86133384,120985.460938,0.6572483579214236,57041.322340429295,20.269875,0.159838
5970,177.30564755,-18.86133384,120985.460938,0.6572483579214236,57043.35503084166,20.232265,0.164754
5970,177.30564755,-18.86133384,120985.460938,0.6572483579214236,57045.276761007495,19.977108,0.143177
5970,177.30564755,-18.86133384,120985.460938,0.6572483579214236,57045.33336682897,20.254435,0.168707
5970,177.30564755,-18.86133384,120985.460938,0.6572483579214236,57047.346753724385,19.970966,0.197218
5970,177.30564755,-18.86133384,120985.460938,0.6572483579214236,57051.34336374514,20.179648,0.157874
5970,177.30564755,-18.86133384,120985.460938,0.6572483579214236,57068.25738974707,20.511784,0.19927
5970,177.30564755,-18.86133384,120985.460938,0.6572483579214236,57068.327361179516,20.441827,0.174596
5970,177.30564755,-18.86133384,120985.460938,0.6572483579214236,57101.16641856916,20.134932,0.187415
5970,177.30564755,-18.86133384,120985.460938,0.6572483579214236,57396.26552008977,19.909665,0.152512
5970,177.30564755,-18.86133384,120985.460938,0.6572483579214236,57396.31978914654,20.1259,0.165736
5970,177.30564755,-18.86133384,120985.460938,0.6572483579214236,57398.268113712315,20.013643,0.104342
5970,177.30564755,-18.86133384,120985.460938,0.6572483579214236,57398.34359712992,20.199277,0.123854
5970,177.30564755,-18.86133384,120985.460938,0.6572483579214236,57400.32175277872,20.21508,0.192245
5970,177.30564755,-18.86133384,120985.460938,0.6572483579214236,57402.255969465245,20.150149,0.1612
5970,177.30564755,-18.86133384,120985.460938,0.6572483579214236,57402.33890584763,20.340041,0.141322
5970,177.30564755,-18.86133384,120985.460938,0.6572483579214236,57403.28835660545,20.491876,0.161803
5970,177.30564755,-18.86133384,120985.460938,0.6572483579214236,57419.16313622799,20.171244,0.146453
5970,177.30564755,-18.86133384,120985.460938,0.6572483579214236,57421.15401537623,20.092115,0.157908
5970,177.30564755,-18.86133384,120985.460938,0.6572483579214236,57421.2386626224,20.025523,0.124586
5970,177.30564755,-18.86133384,120985.460938,0.6572483579214236,57423.151672105305,20.160396,0.159885
5970,177.30564755,-18.86133384,120985.460938,0.6572483579214236,57423.23631916894,20.263397,0.165736
5970,177.30564755,-18.86133384,120985.460938,0.6572483579214236,57425.142693112604,20.048028,0.178801
5970,177.30564755,-18.86133384,120985.460938,0.6572483579214236,57425.227258987725,20.337193,0.211278
5970,177.30564755,-18.86133384,120985.460938,0.6572483579214236,57427.13721676404,20.045557,0.176024
5970,177.30564755,-18.86133384,120985.460938,0.6572483579214236,57427.2214931394,20.299304,0.159906
5970,177.30564755,-18.86133384,120985.460938,0.6572483579214236,57429.135092748795,20.063678,0.192872
5970,177.30564755,-18.86133384,120985.460938,0.6572483579214236,57429.21881344821,20.29291,0.152969
5970,177.30564755,-18.86133384,120985.460938,0.6572483579214236,57431.349337556865,20.455383,0.170657
5970,177.30564755,-18.86133384,120985.460938,0.6572483579214236,57431.372981604654,20.436257,0.167703
5970,177.30564755,-18.86133384,120985.460938,0.6572483579214236,57433.20318915229,20.141117,0.172006
5970,177.30564755,-18.86133384,120985.460938,0.6572483579214236,57447.079025336076,20.27391,0.1422
5970,177.30564755,-18.86133384,120985.460938,0.6572483579214236,57451.09241099702,20.178001,0.144156
5970,177.30564755,-18.86133384,120985.460938,0.6572483579214236,57453.22476692544,20.765936,0.177551
5970,177.30564755,-18.86133384,120985.460938,0.6572483579214236,57453.30919222208,20.318598,0.178538
5970,177.30564755,-18.86133384,120985.460938,0.6572483579214236,57455.337493283674,20.564024,0.200258
5970,177.30564755,-18.86133384,120985.460938,0.6572483579214236,57455.37342753401,20.238883,0.187415
5970,177.30564755,-18.86133384,120985.460938,0.6572483579214236,57457.08180265548,20.504273,0.158857
5970,177.30564755,-18.86133384,120985.460938,0.6572483579214236,57457.1649548132,20.527489,0.152969
5970,177.30564755,-18.86133384,120985.460938,0.6572483579214236,57459.07833348028,20.480107,0.178538
5970,177.30564755,-18.86133384,120985.460938,0.6572483579214236,57459.16139301099,20.336621,0.169671
5970,177.30564755,-18.86133384,120985.460938,0.6572483579214236,57463.15827111574,20.49316,0.186427
6182,178.879740174465,12.4185091397672,121479.109375,0.5469584721183042,55644.080927565694,20.24843,0.177197
6182,178.879740174465,12.4185091397672,121479.109375,0.5469584721183042,55644.16508641234,20.088478,0.177751
6182,178.879740174465,12.4185091397672,121479.109375,0.5469584721183042,56000.21657881653,20.427885,0.174596
6182,178.879740174465,12.4185091397672,121479.109375,0.5469584721183042,56001.21415738296,19.806253,0.126217
6182,178.879740174465,12.4185091397672,121479.109375,0.5469584721183042,56002.211273201276,20.479631,0.15984
6182,178.879740174465,12.4185091397672,121479.109375,0.5469584721183042,56009.19051240338,20.468466,0.142199
6182,178.879740174465,12.4185091397672,121479.109375,0.5469584721183042,56013.178779344074,20.09823,0.108316
6182,178.879740174465,12.4185091397672,121479.109375,0.5469584721183042,56014.17635065457,20.524248,0.147092
6182,178.879740174465,12.4185091397672,121479.109375,0.5469584721183042,56017.16738964012,20.293047,0.146113
6182,178.879740174465,12.4185091397672,121479.109375,0.5469584721183042,56018.164743236266,20.10066,0.179523
6182,178.879740174465,12.4185091397672,121479.109375,0.5469584721183042,56399.126858593896,20.485538,0.088255
6182,178.879740174465,12.4185091397672,121479.109375,0.5469584721183042,56715.21229447657,20.441731,0.122721
6182,178.879740174465,12.4185091397672,121479.109375,0.5469584721183042,56715.2953306227,20.560572,0.131468
6182,178.879740174465,12.4185091397672,121479.109375,0.5469584721183042,56717.20655028522,20.058105,0.09541
6182,178.879740174465,12.4185091397672,121479.109375,0.5469584721183042,56719.1999835833,20.53478,0.132441
6182,178.879740174465,12.4185091397672,121479.109375,0.5469584721183042,56719.28363302862,20.501314,0.1392
6182,178.879740174465,12.4185091397672,121479.109375,0.5469584721183042,56721.195256359875,20.453589,0.144155
6182,178.879740174465,12.4185091397672,121479.109375,0.5469584721183042,56721.27870904235,20.523511,0.187415
6182,178.879740174465,12.4185091397672,121479.109375,0.5469584721183042,56739.11822902039,20.058297,0.137591
6182,178.879740174465,12.4185091397672,121479.109375,0.5469584721183042,56739.20260773087,20.16827,0.140245
6182,178.879740174465,12.4185091397672,121479.109375,0.5469584721183042,56741.11043992499,20.459687,0.146113
6182,178.879740174465,12.4185091397672,121479.109375,0.5469584721183042,56741.19375398522,20.059107,0.134444
6182,178.879740174465,12.4185091397672,121479.109375,0.5469584721183042,56776.009554944,20.532629,0.16377
6182,178.879740174465,12.4185091397672,121479.109375,0.5469584721183042,56778.01851643622,20.345898,0.123692
6182,178.879740174465,12.4185091397672,121479.109375,0.5469584721183042,56781.98202499747,20.349699,0.149049
6182,178.879740174465,12.4185091397672,121479.109375,0.5469584721183042,56782.06557361409,20.657318,0.164753
6182,178.879740174465,12.4185091397672,121479.109375,0.5469584721183042,56795.9790371866,20.124758,0.139811
6182,178.879740174465,12.4185091397672,121479.109375,0.5469584721183042,56796.06184676755,20.267491,0.145641
6182,178.879740174465,12.4185091397672,121479.109375,0.5469584721183042,57436.376286385115,19.896327,0.136341
6182,178.879740174465,12.4185091397672,121479.109375,0.5469584721183042,57450.18150140578,20.195344,0.135365
6182,178.879740174465,12.4185091397672,121479.109375,0.5469584721183042,57452.180616168305,20.555004,0.176567
6182,178.879740174465,12.4185091397672,121479.109375,0.5469584721183042,57452.26405726932,19.975647,0.131662
6182,178.879740174465,12.4185091397672,121479.109375,0.5469584721183042,57454.33506292803,20.557302,0.194977
6182,178.879740174465,12.4185091397672,121479.109375,0.5469584721183042,57456.18056919379,20.049591,0.160484
6182,178.879740174465,12.4185091397672,121479.109375,0.5469584721183042,57456.263998710085,20.2498,0.16377
6182,178.879740174465,12.4185091397672,121479.109375,0.5469584721183042,57458.176246342715,20.488587,0.151009
6182,178.879740174465,12.4185091397672,121479.109375,0.5469584721183042,57458.259166655596,19.963348,0.140808
6368,180.7410181734,6.16205604176443,126786.828125,0.3886202153040894,55262.26089391904,20.481613,0.184061
6368,180.7410181734,6.16205604176443,126786.828125,0.3886202153040894,55263.283619331196,20.028181,0.155892
6368,180.7410181734,6.16205604176443,126786.828125,0.3886202153040894,55263.32549028844,20.393611,0.174497
6368,180.7410181734,6.16205604176443,126786.828125,0.3886202153040894,55264.223516947124,20.343766,0.169329
6368,180.7410181734,6.16205604176443,126786.828125,0.3886202153040894,55265.256599880755,20.263563,0.145906
6368,180.7410181734,6.16205604176443,126786.828125,0.3886202153040894,55265.301537660416,20.41679,0.152578
6368,180.7410181734,6.16205604176443,126786.828125,0.3886202153040894,55267.26204220019,20.857308,0.197194
6368,180.7410181734,6.16205604176443,126786.828125,0.3886202153040894,55267.3043992063,20.608537,0.173906
6368,180.7410181734,6.16205604176443,126786.828125,0.3886202153040894,55268.30034433352,20.222065,0.158367
6368,180.7410181734,6.16205604176443,126786.828125,0.3886202153040894,55269.22266233014,20.477941,0.154244
6368,180.7410181734,6.16205604176443,126786.828125,0.3886202153040894,55271.23826562846,20.299911,0.134586
6368,180.7410181734,6.16205604176443,126786.828125,0.3886202153040894,55271.3003082308,20.391145,0.209064
6368,180.7410181734,6.16205604176443,126786.828125,0.3886202153040894,55272.21833278751,20.246011,0.158918
6368,180.7410181734,6.16205604176443,126786.828125,0.3886202153040894,55272.2647171882,20.321336,0.17913
6368,180.7410181734,6.16205604176443,126786.828125,0.3886202153040894,55274.26114461571,20.514271,0.170066
6368,180.7410181734,6.16205604176443,126786.828125,0.3886202153040894,55275.22235979047,20.402689,0.156894
6368,180.7410181734,6.16205604176443,126786.828125,0.3886202153040894,55275.265665803105,20.317957,0.161607
6368,180.7410181734,6.16205604176443,126786.828125,0.3886202153040894,55275.2927581002,20.215051,0.17903
6368,180.7410181734,6.16205604176443,126786.828125,0.3886202153040894,55276.27413354674,20.694018,0.200655
6368,180.7410181734,6.16205604176443,126786.828125,0.3886202153040894,55277.22522274079,20.199489,0.126663
6368,180.7410181734,6.16205604176443,126786.828125,0.3886202153040894,55277.27163032442,20.339053,0.143764
6368,180.7410181734,6.16205604176443,126786.828125,0.3886202153040894,55278.28039939655,20.638035,0.22154
6368,180.7410181734,6.16205604176443,126786.828125,0.3886202153040894,55279.230389611796,20.154064,0.175089
6368,180.7410181734,6.16205604176443,126786.828125,0.3886202153040894,55281.18433559593,20.209974,0.1812
6368,180.7410181734,6.16205604176443,126786.828125,0.3886202153040894,55288.080044722185,20.076108,0.18781
6368,180.7410181734,6.16205604176443,126786.828125,0.3886202153040894,55293.08773910673,20.142356,0.161398
6368,180.7410181734,6.16205604176443,126786.828125,0.3886202153040894,55293.10035372339,20.216293,0.170165
6368,180.7410181734,6.16205604176443,126786.828125,0.3886202153040894,55295.0172906206,20.245262,0.14905
6368,180.7410181734,6.16205604176443,126786.828125,0.3886202153040894,55295.05744913174,20.298194,0.185442
6368,180.7410181734,6.16205604176443,126786.828125,0.3886202153040894,55295.05979846232,20.189133,0.132637
6368,180.7410181734,6.16205604176443,126786.828125,0.3886202153040894,55296.01318731252,20.409319,0.166623
6368,180.7410181734,6.16205604176443,126786.828125,0.3886202153040894,55296.05562574649,20.678073,0.173019
6368,180.7410181734,6.16205604176443,126786.828125,0.3886202153040894,55297.00975595927,20.386725,0.155226
6368,180.7410181734,6.16205604176443,126786.828125,0.3886202153040894,55297.05251847021,20.464991,0.172627
6368,180.7410181734,6.16205604176443,126786.828125,0.3886202153040894,55298.00850108871,20.645981,0.208272
6368,180.7410181734,6.16205604176443,126786.828125,0.3886202153040894,55298.05095115863,20.47206,0.188501
6368,180.7410181734,6.16205604176443,126786.828125,0.3886202153040894,55299.00387921836,20.209097,0.175284
6368,180.7410181734,6.16205604176443,126786.828125,0.3886202153040894,55299.04919944843,20.415584,0.178735
6368,180.7410181734,6.16205604176443,126786.828125,0.3886202153040894,55300.00829672953,20.431037,0.187514
6368,180.7410181734,6.16205604176443,126786.828125,0.3886202153040894,55932.36336016795,20.284386,0.262915
6368,180.7410181734,6.16205604176443,126786.828125,0.3886202153040894,55981.277411103714,20.044838,0.193551
6368,180.7410181734,6.16205604176443,126786.828125,0.3886202153040894,56000.21935182484,20.407986,0.177553
6368,180.7410181734,6.16205604176443,126786.828125,0.3886202153040894,56002.21405433444,20.542545,0.175581
6368,180.7410181734,6.16205604176443,126786.828125,0.3886202153040894,56009.19326615287,20.574674,0.190474
6368,180.7410181734,6.16205604176443,126786.828125,0.3886202153040894,56013.181567796506,20.573121,0.186428
6368,180.7410181734,6.16205604176443,126786.828125,0.3886202153040894,56014.17908963421,20.65683,0.192354
6368,180.7410181734,6.16205604176443,126786.828125,0.3886202153040894,56017.170118412934,20.039669,0.14988
6368,180.7410181734,6.16205604176443,126786.828125,0.3886202153040894,56033.03691933071,19.851246,0.137421
6368,180.7410181734,6.16205604176443,126786.828125,0.3886202153040894,56033.11568602873,20.142977,0.161415
6368,180.7410181734,6.16205604176443,126786.828125,0.3886202153040894,56033.19425598858,20.555641,0.141056
6368,180.7410181734,6.16205604176443,126786.828125,0.3886202153040894,56397.06918444671,20.756101,0.181915
6368,180.7410181734,6.16205604176443,126786.828125,0.3886202153040894,56399.0524128722,20.752503,0.155913
6368,180.7410181734,6.16205604176443,126786.828125,0.3886202153040894,56415.04014387261,20.213919,0.212132
6368,180.7410181734,6.16205604176443,126786.828125,0.3886202153040894,56415.123668611515,20.177352,0.167705
6368,180.7410181734,6.16205604176443,126786.828125,0.3886202153040894,56419.02743288595,20.491969,0.154931
6368,180.7410181734,6.16205604176443,126786.828125,0.3886202153040894,56419.1108307438,20.563678,0.176566
6368,180.7410181734,6.16205604176443,126786.828125,0.3886202153040894,56719.215867547784,20.581176,0.214112
6368,180.7410181734,6.16205604176443,126786.828125,0.3886202153040894,56776.10833977815,19.800652,0.151989
6368,180.7410181734,6.16205604176443,126786.828125,0.3886202153040894,56776.1357452916,19.772596,0.256806
6368,180.7410181734,6.16205604176443,126786.828125,0.3886202153040894,56778.033532938454,20.296733,0.190378
6368,180.7410181734,6.16205604176443,126786.828125,0.3886202153040894,57022.300312798005,20.776175,0.174595
6368,180.7410181734,6.16205604176443,126786.828125,0.3886202153040894,57022.33830924332,20.848907,0.178538
6368,180.7410181734,6.16205604176443,126786.828125,0.3886202153040894,57452.28119021561,20.206558,0.169672
6368,180.7410181734,6.16205604176443,126786.828125,0.3886202153040894,57458.19205482956,20.047012,0.193341
7027,186.401585433962,4.4351519245145,127543.617188,0.677928327077143,55260.20692549413,20.241775,0.196432
7027,186.401585433962,4.4351519245145,127543.617188,0.677928327077143,55264.293703154195,20.135533,0.15262
7027,186.401585433962,4.4351519245145,127543.617188,0.677928327077143,55264.33645370975,20.215636,0.185827
7027,186.401585433962,4.4351519245145,127543.617188,0.677928327077143,55265.30923124496,20.513986,0.186282
7027,186.401585433962,4.4351519245145,127543.617188,0.677928327077143,55271.266042634845,20.762451,0.136857
7027,186.401585433962,4.4351519245145,127543.617188,0.677928327077143,55271.31152435159,20.606741,0.199765
7027,186.401585433962,4.4351519245145,127543.617188,0.677928327077143,55272.28932335321,20.089501,0.182589
7027,186.401585433962,4.4351519245145,127543.617188,0.677928327077143,55272.330546218436,20.069254,0.122146
7027,186.401585433962,4.4351519245145,127543.617188,0.677928327077143,55273.286865747534,20.768617,0.13057
7027,186.401585433962,4.4351519245145,127543.617188,0.677928327077143,55273.3284010808,20.613581,0.226465
7027,186.401585433962,4.4351519245145,127543.617188,0.677928327077143,55280.252986070234,20.74007,0.142074
7027,186.401585433962,4.4351519245145,127543.617188,0.677928327077143,55291.08129544277,20.728012,0.241449
7027,186.401585433962,4.4351519245145,127543.617188,0.677928327077143,55292.12234425219,20.287341,0.192566
7027,186.401585433962,4.4351519245145,127543.617188,0.677928327077143,55293.11939299805,20.871824,0.17341
7027,186.401585433962,4.4351519245145,127543.617188,0.677928327077143,55295.10436085891,20.703671,0.187145
7027,186.401585433962,4.4351519245145,127543.617188,0.677928327077143,55295.146602365654,20.506007,0.150831
7027,186.401585433962,4.4351519245145,127543.617188,0.677928327077143,55296.113435502164,20.385604,0.171664
7027,186.401585433962,4.4351519245145,127543.617188,0.677928327077143,55296.15605894197,20.314428,0.176899
7027,186.401585433962,4.4351519245145,127543.617188,0.677928327077143,55297.03028525971,20.92863,0.09351
7027,186.401585433962,4.4351519245145,127543.617188,0.677928327077143,55297.09641354345,20.761761,0.20035
7027,186.401585433962,4.4351519245145,127543.617188,0.677928327077143,55298.02673484897,20.147735,0.220463
7027,186.401585433962,4.4351519245145,127543.617188,0.677928327077143,55298.09226137493,20.37202,0.152948
7027,186.401585433962,4.4351519245145,127543.617188,0.677928327077143,55299.06600530865,20.874168,0.246642
7027,186.401585433962,4.4351519245145,127543.617188,0.677928327077143,55301.10869500926,20.73225,0.219988
7027,186.401585433962,4.4351519245145,127543.617188,0.677928327077143,55982.28863726277,20.29386,0.163841
7027,186.401585433962,4.4351519245145,127543.617188,0.677928327077143,55983.285480586346,20.5075,0.170862
7027,186.401585433962,4.4351519245145,127543.617188,0.677928327077143,55985.279582136776,20.580249,0.124536
7027,186.401585433962,4.4351519245145,127543.617188,0.677928327077143,55986.27664367063,20.281561,0.176593
7027,186.401585433962,4.4351519245145,127543.617188,0.677928327077143,55987.27449165704,20.792861,0.133631
7027,186.401585433962,4.4351519245145,127543.617188,0.677928327077143,55988.27173735853,20.307716,0.129067
7027,186.401585433962,4.4351519245145,127543.617188,0.677928327077143,55990.26594964322,20.116346,0.159676
7027,186.401585433962,4.4351519245145,127543.617188,0.677928327077143,56002.23457517475,20.712903,0.178511
7027,186.401585433962,4.4351519245145,127543.617188,0.677928327077143,56003.229154881556,20.402912,0.136731
7027,186.401585433962,4.4351519245145,127543.617188,0.677928327077143,56004.22558620153,20.871214,0.138356
7027,186.401585433962,4.4351519245145,127543.617188,0.677928327077143,56005.22347568255,20.407359,0.114452
7027,186.401585433962,4.4351519245145,127543.617188,0.677928327077143,56009.21349463938,19.905564,0.144602
7027,186.401585433962,4.4351519245145,127543.617188,0.677928327077143,56013.201756167226,20.175833,0.181259
7027,186.401585433962,4.4351519245145,127543.617188,0.677928327077143,56014.19924152177,20.619747,0.171842
7027,186.401585433962,4.4351519245145,127543.617188,0.677928327077143,56017.19046076713,20.505108,0.175817
7027,186.401585433962,4.4351519245145,127543.617188,0.677928327077143,56035.02213940304,20.528437,0.117237
7027,186.401585433962,4.4351519245145,127543.617188,0.677928327077143,56035.10532675497,20.535662,0.139436
7027,186.401585433962,4.4351519245145,127543.617188,0.677928327077143,56035.18946310552,20.454933,0.149545
7027,186.401585433962,4.4351519245145,127543.617188,0.677928327077143,56038.15817218367,20.741242,0.116596
7027,186.401585433962,4.4351519245145,127543.617188,0.677928327077143,56425.98486335063,20.207592,0.152599
7027,186.401585433962,4.4351519245145,127543.617188,0.677928327077143,56443.97918044729,20.354327,0.1171
7027,186.401585433962,4.4351519245145,127543.617188,0.677928327077143,56446.05605154764,20.526237,0.287809
7027,186.401585433962,4.4351519245145,127543.617188,0.677928327077143,56745.17217184696,20.833065,0.211821
7027,186.401585433962,4.4351519245145,127543.617188,0.677928327077143,56745.25531203672,20.64892,0.213601
7027,186.401585433962,4.4351519245145,127543.617188,0.677928327077143,56767.13791814633,19.954583,0.151744
7027,186.401585433962,4.4351519245145,127543.617188,0.677928327077143,56769.13356225612,20.157658,0.115867
7027,186.401585433962,4.4351519245145,127543.617188,0.677928327077143,56778.07542098267,20.268572,0.120457
7027,186.401585433962,4.4351519245145,127543.617188,0.677928327077143,56778.158481995575,20.581277,0.254947
7027,186.401585433962,4.4351519245145,127543.617188,0.677928327077143,56782.0412831977,20.152071,0.13436
7027,186.401585433962,4.4351519245145,127543.617188,0.677928327077143,56784.06175901089,20.263466,0.196402
7027,186.401585433962,4.4351519245145,127543.617188,0.677928327077143,56784.144947892055,20.263354,0.188911
7027,186.401585433962,4.4351519245145,127543.617188,0.677928327077143,57432.278864946216,20.198954,0.171441
7027,186.401585433962,4.4351519245145,127543.617188,0.677928327077143,57432.346347888,20.223551,0.134092
7027,186.401585433962,4.4351519245145,127543.617188,0.677928327077143,57434.28485764144,20.288803,0.1733
7027,186.401585433962,4.4351519245145,127543.617188,0.677928327077143,57434.34232972376,20.342429,0.180863
7027,186.401585433962,4.4351519245145,127543.617188,0.677928327077143,57436.27139259502,19.9699,0.133451
7027,186.401585433962,4.4351519245145,127543.617188,0.677928327077143,57436.33522978658,20.409671,0.18166
7055,186.618629439722,8.51054208087033,137334.171875,0.5426115888247361,55262.271870477125,20.477203,0.183268
7055,186.618629439722,8.51054208087033,137334.171875,0.5426115888247361,55264.291216712445,20.331091,0.244018
7055,186.618629439722,8.51054208087033,137334.171875,0.5426115888247361,55266.26739477087,20.732649,0.241991
7055,186.618629439722,8.51054208087033,137334.171875,0.5426115888247361,55266.30877972068,20.781247,0.201898
7055,186.618629439722,8.51054208087033,137334.171875,0.5426115888247361,55267.273074427154,20.830873,0.173903
7055,186.618629439722,8.51054208087033,137334.171875,0.5426115888247361,55267.315385207534,20.722266,0.196047
7055,186.618629439722,8.51054208087033,137334.171875,0.5426115888247361,55268.29727067193,20.602358,0.349646
7055,186.618629439722,8.51054208087033,137334.171875,0.5426115888247361,55271.2972499039,20.668088,0.206883
7055,186.618629439722,8.51054208087033,137334.171875,0.5426115888247361,55272.23449808173,20.74191,0.209142
7055,186.618629439722,8.51054208087033,137334.171875,0.5426115888247361,55272.28098668298,20.947541,0.229125
7055,186.618629439722,8.51054208087033,137334.171875,0.5426115888247361,55275.28970302781,20.498902,0.166327
7055,186.618629439722,8.51054208087033,137334.171875,0.5426115888247361,55276.29787038406,20.551958,0.380698
7055,186.618629439722,8.51054208087033,137334.171875,0.5426115888247361,55277.24137964798,20.987684,0.200653
7055,186.618629439722,8.51054208087033,137334.171875,0.5426115888247361,55280.23159191385,20.675248,0.248803
7055,186.618629439722,8.51054208087033,137334.171875,0.5426115888247361,55291.12841742672,20.554502,0.206942
7055,186.618629439722,8.51054208087033,137334.171875,0.5426115888247361,55295.14179164497,20.791505,0.484157
7055,186.618629439722,8.51054208087033,137334.171875,0.5426115888247361,55297.066550719086,20.506615,0.222304
7055,186.618629439722,8.51054208087033,137334.171875,0.5426115888247361,55656.05488326354,20.227367,0.194976
7055,186.618629439722,8.51054208087033,137334.171875,0.5426115888247361,55656.13801220385,20.329764,0.223264
7055,186.618629439722,8.51054208087033,137334.171875,0.5426115888247361,56001.23104401259,20.607478,0.203222
7055,186.618629439722,8.51054208087033,137334.171875,0.5426115888247361,56034.13965399377,20.986278,0.24385
7055,186.618629439722,8.51054208087033,137334.171875,0.5426115888247361,56034.23753930302,20.460972,0.243111
7055,186.618629439722,8.51054208087033,137334.171875,0.5426115888247361,56035.10008303588,20.554044,0.243424
7055,186.618629439722,8.51054208087033,137334.171875,0.5426115888247361,56063.018829093315,19.951944,0.195316
7055,186.618629439722,8.51054208087033,137334.171875,0.5426115888247361,56415.13593392819,20.146006,0.312594
7055,186.618629439722,8.51054208087033,137334.171875,0.5426115888247361,56419.03848707909,20.25994,0.20378
7055,186.618629439722,8.51054208087033,137334.171875,0.5426115888247361,56419.121861366555,20.33735,0.158757
7055,186.618629439722,8.51054208087033,137334.171875,0.5426115888247361,56715.35429647798,20.527145,0.230368
7055,186.618629439722,8.51054208087033,137334.171875,0.5426115888247361,56719.31307624234,20.490621,0.208173
7055,186.618629439722,8.51054208087033,137334.171875,0.5426115888247361,56721.2248889911,20.246032,0.287228
7055,186.618629439722,8.51054208087033,137334.171875,0.5426115888247361,56721.308098806534,20.208212,0.277201
7055,186.618629439722,8.51054208087033,137334.171875,0.5426115888247361,57022.31321278168,20.61576,0.187413
7749,191.927021179843,7.74729834030073,122695.289062,0.3670255319162117,55262.36165106483,20.429591,0.211338
7749,191.927021179843,7.74729834030073,122695.289062,0.3670255319162117,55262.39101179596,19.939767,0.170951
7749,191.927021179843,7.74729834030073,122695.289062,0.3670255319162117,55263.320498057175,20.443214,0.165639
7749,191.927021179843,7.74729834030073,122695.289062,0.3670255319162117,55264.309908970725,20.452373,0.168266
7749,191.927021179843,7.74729834030073,122695.289062,0.3670255319162117,55264.35210413765,20.571298,0.174772
7749,191.927021179843,7.74729834030073,122695.289062,0.3670255319162117,55265.313102948014,20.25126,0.144697
7749,191.927021179843,7.74729834030073,122695.289062,0.3670255319162117,55265.35427967599,20.071523,0.162198
7749,191.927021179843,7.74729834030073,122695.289062,0.3670255319162117,55268.38938952843,20.140842,0.135949
7749,191.927021179843,7.74729834030073,122695.289062,0.3670255319162117,55268.39055840019,20.356268,0.172129
7749,191.927021179843,7.74729834030073,122695.289062,0.3670255319162117,55269.30124822073,20.411823,0.165508
7749,191.927021179843,7.74729834030073,122695.289062,0.3670255319162117,55269.34250590997,20.118852,0.167506
7749,191.927021179843,7.74729834030073,122695.289062,0.3670255319162117,55272.2932455861,20.143617,0.130882
7749,191.927021179843,7.74729834030073,122695.289062,0.3670255319162117,55272.334445383865,20.142031,0.139565
7749,191.927021179843,7.74729834030073,122695.289062,0.3670255319162117,55273.29081298038,20.39,0.159984
7749,191.927021179843,7.74729834030073,122695.289062,0.3670255319162117,55273.33232524246,20.266214,0.14916
7749,191.927021179843,7.74729834030073,122695.289062,0.3670255319162117,55280.25688548153,20.633543,0.151303
7749,191.927021179843,7.74729834030073,122695.289062,0.3670255319162117,55281.28647480486,20.325619,0.149344
7749,191.927021179843,7.74729834030073,122695.289062,0.3670255319162117,55288.078677118756,20.05703,0.167312
7749,191.927021179843,7.74729834030073,122695.289062,0.3670255319162117,55288.12095322274,20.017106,0.257159
7749,191.927021179843,7.74729834030073,122695.289062,0.3670255319162117,55289.11834766902,19.939537,0.211932
7749,191.927021179843,7.74729834030073,122695.289062,0.3670255319162117,55291.08987566782,20.289879,0.125827
7749,191.927021179843,7.74729834030073,122695.289062,0.3670255319162117,55291.132429558784,20.319325,0.125051
7749,191.927021179843,7.74729834030073,122695.289062,0.3670255319162117,55292.06676363386,20.190486,0.136927
7749,191.927021179843,7.74729834030073,122695.289062,0.3670255319162117,55293.062874684576,20.373946,0.133415
7749,191.927021179843,7.74729834030073,122695.289062,0.3670255319162117,55293.12335518142,20.533985,0.161412
7749,191.927021179843,7.74729834030073,122695.289062,0.3670255319162117,55295.1059150151,20.309783,0.155668
7749,191.927021179843,7.74729834030073,122695.289062,0.3670255319162117,55295.14819121873,20.089316,0.112792
7749,191.927021179843,7.74729834030073,122695.289062,0.3670255319162117,55296.114989065565,20.02922,0.157109
7749,191.927021179843,7.74729834030073,122695.289062,0.3670255319162117,55296.1576471976,20.133448,0.146347
7749,191.927021179843,7.74729834030073,122695.289062,0.3670255319162117,55297.11680730013,20.414995,0.118945
7749,191.927021179843,7.74729834030073,122695.289062,0.3670255319162117,55297.16916364338,20.327576,0.118718
7749,191.927021179843,7.74729834030073,122695.289062,0.3670255319162117,55298.114922654815,20.400668,0.123886
7749,191.927021179843,7.74729834030073,122695.289062,0.3670255319162117,55298.1666656537,20.563943,0.1303
7749,191.927021179843,7.74729834030073,122695.289062,0.3670255319162117,55299.07460448146,20.345229,0.148959
7749,191.927021179843,7.74729834030073,122695.289062,0.3670255319162117,55301.16758845607,20.460112,0.146612
7749,191.927021179843,7.74729834030073,122695.289062,0.3670255319162117,55644.10593218682,20.112712,0.172421
7749,191.927021179843,7.74729834030073,122695.289062,0.3670255319162117,55650.24535868829,20.302466,0.120395
7749,191.927021179843,7.74729834030073,122695.289062,0.3670255319162117,55652.296564741526,20.450915,0.143862
7749,191.927021179843,7.74729834030073,122695.289062,0.3670255319162117,55654.09801513422,20.356447,0.156154
7749,191.927021179843,7.74729834030073,122695.289062,0.3670255319162117,55654.1966053918,20.587557,0.146992
7749,191.927021179843,7.74729834030073,122695.289062,0.3670255319162117,56000.254829640966,20.496325,0.186428
7749,191.927021179843,7.74729834030073,122695.289062,0.3670255319162117,56001.2525363639,20.210058,0.129522
7749,191.927021179843,7.74729834030073,122695.289062,0.3670255319162117,56002.24951377185,20.211196,0.127575
7749,191.927021179843,7.74729834030073,122695.289062,0.3670255319162117,56006.23653066298,20.510345,0.103988
7749,191.927021179843,7.74729834030073,122695.289062,0.3670255319162117,56007.23487300752,20.544998,0.124112
7749,191.927021179843,7.74729834030073,122695.289062,0.3670255319162117,56008.23097014241,20.261558,0.1116
7749,191.927021179843,7.74729834030073,122695.289062,0.3670255319162117,56009.228155109566,20.318788,0.098328
7749,191.927021179843,7.74729834030073,122695.289062,0.3670255319162117,56013.21758960094,20.301327,0.14113
7749,191.927021179843,7.74729834030073,122695.289062,0.3670255319162117,56014.21509886021,20.539498,0.164901
7749,191.927021179843,7.74729834030073,122695.289062,0.3670255319162117,56017.208182989154,20.544052,0.147091
7749,191.927021179843,7.74729834030073,122695.289062,0.3670255319162117,56018.205403572414,20.374292,0.198644
7749,191.927021179843,7.74729834030073,122695.289062,0.3670255319162117,56036.02144468436,20.307992,0.111422
7749,191.927021179843,7.74729834030073,122695.289062,0.3670255319162117,56036.10585871106,20.248395,0.15891
7749,191.927021179843,7.74729834030073,122695.289062,0.3670255319162117,56036.18940476142,20.450492,0.107382
7749,191.927021179843,7.74729834030073,122695.289062,0.3670255319162117,56057.05725348415,20.402139,0.178849
7749,191.927021179843,7.74729834030073,122695.289062,0.3670255319162117,56767.061677232385,20.760655,0.178537
7749,191.927021179843,7.74729834030073,122695.289062,0.3670255319162117,56769.057734228205,20.062991,0.127017
7749,191.927021179843,7.74729834030073,122695.289062,0.3670255319162117,56769.142657622695,20.272866,0.13381
7749,191.927021179843,7.74729834030073,122695.289062,0.3670255319162117,56771.05007926887,20.510985,0.172625
7749,191.927021179843,7.74729834030073,122695.289062,0.3670255319162117,56771.13285019575,20.380496,0.171718
7749,191.927021179843,7.74729834030073,122695.289062,0.3670255319162117,57102.20174360508,20.488088,0.202236
7749,191.927021179843,7.74729834030073,122695.289062,0.3670255319162117,57434.38056097319,20.315872,0.130495
7749,191.927021179843,7.74729834030073,122695.289062,0.3670255319162117,57434.39255077345,20.127333,0.15335
7749,191.927021179843,7.74729834030073,122695.289062,0.3670255319162117,57436.37635170529,20.299997,0.15612
7749,191.927021179843,7.74729834030073,122695.289062,0.3670255319162117,57438.374766076915,20.777834,0.189389
7749,191.927021179843,7.74729834030073,122695.289062,0.3670255319162117,57452.36903611943,20.15481,0.128547
7749,191.927021179843,7.74729834030073,122695.289062,0.3670255319162117,57452.39440417942,20.153915,0.125633
7749,191.927021179843,7.74729834030073,122695.289062,0.3670255319162117,57456.23199131386,20.32292,0.141222
7749,191.927021179843,7.74729834030073,122695.289062,0.3670255319162117,57458.22750011645,20.338526,0.15756
7749,191.927021179843,7.74729834030073,122695.289062,0.3670255319162117,57458.311207577586,20.073582,0.134491
7939,193.43793336,-9.10177902,142409.09375,0.3032185383036187,55264.10530832363,20.940711,0.170558
7939,193.43793336,-9.10177902,142409.09375,0.3032185383036187,55264.10785439005,21.006241,0.194725
7939,193.43793336,-9.10177902,142409.09375,0.3032185383036187,55264.1903353855,20.741895,0.102613
7939,193.43793336,-9.10177902,142409.09375,0.3032185383036187,55265.10440785065,20.470672,0.1733
7939,193.43793336,-9.10177902,142409.09375,0.3032185383036187,55265.188844637014,20.768516,0.101711
7939,193.43793336,-9.10177902,142409.09375,0.3032185383036187,55265.273304565344,20.774899,0.126257
7939,193.43793336,-9.10177902,142409.09375,0.3032185383036187,55281.28607537784,20.568265,0.183173
7939,193.43793336,-9.10177902,142409.09375,0.3032185383036187,55281.328721706755,20.825667,0.21233
7939,193.43793336,-9.10177902,142409.09375,0.3032185383036187,55291.11788400356,20.907344,0.196304
7939,193.43793336,-9.10177902,142409.09375,0.3032185383036187,55291.16036829166,20.565742,0.169868
7939,193.43793336,-9.10177902,142409.09375,0.3032185383036187,55293.21748298779,20.830615,0.194132
7939,193.43793336,-9.10177902,142409.09375,0.3032185383036187,55295.20079760812,20.496468,0.119718
7939,193.43793336,-9.10177902,142409.09375,0.3032185383036187,55295.24294630671,20.980791,0.18939
7939,193.43793336,-9.10177902,142409.09375,0.3032185383036187,55296.244527734816,20.940002,0.203226
7939,193.43793336,-9.10177902,142409.09375,0.3032185383036187,55297.26116582472,20.502422,0.154931
7939,193.43793336,-9.10177902,142409.09375,0.3032185383036187,55298.210866175126,20.607718,0.151794
7939,193.43793336,-9.10177902,142409.09375,0.3032185383036187,55298.253477824386,20.662313,0.17775
7939,193.43793336,-9.10177902,142409.09375,0.3032185383036187,55301.225149979815,20.411624,0.155814
7939,193.43793336,-9.10177902,142409.09375,0.3032185383036187,55682.2379293642,20.772194,0.206391
7939,193.43793336,-9.10177902,142409.09375,0.3032185383036187,55961.36756924633,20.814765,0.209162
7939,193.43793336,-9.10177902,142409.09375,0.3032185383036187,55976.32589966012,20.69817,0.184456
7939,193.43793336,-9.10177902,142409.09375,0.3032185383036187,55977.323220593855,20.75956,0.173611
7939,193.43793336,-9.10177902,142409.09375,0.3032185383036187,56012.223858120386,20.728519,0.174596
7939,193.43793336,-9.10177902,142409.09375,0.3032185383036187,56033.10874723084,20.796308,0.188402
7939,193.43793336,-9.10177902,142409.09375,0.3032185383036187,56442.026265040506,20.93667,0.205203
7939,193.43793336,-9.10177902,142409.09375,0.3032185383036187,56444.029633617494,20.811169,0.211142
7939,193.43793336,-9.10177902,142409.09375,0.3032185383036187,56448.023564863484,20.726836,0.187415
7939,193.43793336,-9.10177902,142409.09375,0.3032185383036187,56664.34736870509,20.926823,0.188402
7939,193.43793336,-9.10177902,142409.09375,0.3032185383036187,56670.34373187879,20.834178,0.171641
7939,193.43793336,-9.10177902,142409.09375,0.3032185383036187,56715.32685132511,20.890949,0.188402
7939,193.43793336,-9.10177902,142409.09375,0.3032185383036187,56717.249098181725,20.484361,0.156341
7939,193.43793336,-9.10177902,142409.09375,0.3032185383036187,56719.24617357878,20.650536,0.15984
7939,193.43793336,-9.10177902,142409.09375,0.3032185383036187,56719.326189851854,20.442946,0.144286
7939,193.43793336,-9.10177902,142409.09375,0.3032185383036187,56721.243836153764,20.748361,0.15101
7939,193.43793336,-9.10177902,142409.09375,0.3032185383036187,56721.34762337804,20.905019,0.193341
7939,193.43793336,-9.10177902,142409.09375,0.3032185383036187,56723.239887210075,20.583357,0.155513
7939,193.43793336,-9.10177902,142409.09375,0.3032185383036187,56725.23868997209,20.94942,0.179523
7939,193.43793336,-9.10177902,142409.09375,0.3032185383036187,56725.321842204314,20.867429,0.182482
7939,193.43793336,-9.10177902,142409.09375,0.3032185383036187,56727.315353499725,20.77546,0.165737
7939,193.43793336,-9.10177902,142409.09375,0.3032185383036187,56741.211702666245,20.562954,0.143178
7939,193.43793336,-9.10177902,142409.09375,0.3032185383036187,56745.21426539216,20.530808,0.148604
7939,193.43793336,-9.10177902,142409.09375,0.3032185383036187,56751.22589016566,20.778742,0.161804
7939,193.43793336,-9.10177902,142409.09375,0.3032185383036187,57096.24695853004,20.619379,0.192353
7939,193.43793336,-9.10177902,142409.09375,0.3032185383036187,57138.170263318345,20.428431,0.180509
7939,193.43793336,-9.10177902,142409.09375,0.3032185383036187,57163.03274638206,20.486308,0.177553
7939,193.43793336,-9.10177902,142409.09375,0.3032185383036187,57397.31157517014,20.755156,0.208172
7939,193.43793336,-9.10177902,142409.09375,0.3032185383036187,57399.347424605396,20.724362,0.185699
7939,193.43793336,-9.10177902,142409.09375,0.3032185383036187,57401.34280540608,20.830219,0.169672
7939,193.43793336,-9.10177902,142409.09375,0.3032185383036187,57401.34397435747,20.706302,0.16377
7939,193.43793336,-9.10177902,142409.09375,0.3032185383036187,57401.36079106014,20.363808,0.12443
8212,195.456319047066,9.68580141359818,128369.523438,0.7285685456117494,55656.1553696855,20.050186,0.097922
8212,195.456319047066,9.68580141359818,128369.523438,0.7285685456117494,55660.161527061835,20.56076,0.180046
8212,195.456319047066,9.68580141359818,128369.523438,0.7285685456117494,55660.24471386848,20.550617,0.229715
8212,195.456319047066,9.68580141359818,128369.523438,0.7285685456117494,55663.23579514399,20.459662,0.098745
8212,195.456319047066,9.68580141359818,128369.523438,0.7285685456117494,55692.98830376286,20.195522,0.184143
8212,195.456319047066,9.68580141359818,128369.523438,0.7285685456117494,55693.07328649284,20.443433,0.087819
8212,195.456319047066,9.68580141359818,128369.523438,0.7285685456117494,56000.26894701831,20.528143,0.166646
8212,195.456319047066,9.68580141359818,128369.523438,0.7285685456117494,56002.2645028783,20.283057,0.120446
8212,195.456319047066,9.68580141359818,128369.523438,0.7285685456117494,56003.25928300619,20.721876,0.263639
8212,195.456319047066,9.68580141359818,128369.523438,0.7285685456117494,56004.25702559436,20.512856,0.108596
8212,195.456319047066,9.68580141359818,128369.523438,0.7285685456117494,56005.25368012069,20.498134,0.104729
8212,195.456319047066,9.68580141359818,128369.523438,0.7285685456117494,56006.25218615215,20.685824,0.120093
8212,195.456319047066,9.68580141359818,128369.523438,0.7285685456117494,56008.24660545122,20.343292,0.138931
8212,195.456319047066,9.68580141359818,128369.523438,0.7285685456117494,56009.24381494615,20.431465,0.10421
8212,195.456319047066,9.68580141359818,128369.523438,0.7285685456117494,56013.231576201506,20.530157,0.080582
8212,195.456319047066,9.68580141359818,128369.523438,0.7285685456117494,56014.22916751122,20.6527,0.206013
8212,195.456319047066,9.68580141359818,128369.523438,0.7285685456117494,56017.22018277785,20.401021,0.112456
8212,195.456319047066,9.68580141359818,128369.523438,0.7285685456117494,56085.977069451474,20.054156,0.12772
8212,195.456319047066,9.68580141359818,128369.523438,0.7285685456117494,56369.191870465875,20.356304,0.095237
8212,195.456319047066,9.68580141359818,128369.523438,0.7285685456117494,56371.1969377161,20.603984,0.171307
8212,195.456319047066,9.68580141359818,128369.523438,0.7285685456117494,56371.279707742855,20.637456,0.121352
8212,195.456319047066,9.68580141359818,128369.523438,0.7285685456117494,56373.187179301865,20.245267,0.145103
8212,195.456319047066,9.68580141359818,128369.523438,0.7285685456117494,56373.272275475785,20.405006,0.102143
8212,195.456319047066,9.68580141359818,128369.523438,0.7285685456117494,56375.19518495584,19.978924,0.09677
8212,195.456319047066,9.68580141359818,128369.523438,0.7285685456117494,56383.09315713402,20.739597,0.248559
8212,195.456319047066,9.68580141359818,128369.523438,0.7285685456117494,56385.17563579371,20.460851,0.130145
8212,195.456319047066,9.68580141359818,128369.523438,0.7285685456117494,56385.27105512144,20.318572,0.153089
8212,195.456319047066,9.68580141359818,128369.523438,0.7285685456117494,56387.08750620857,20.592856,0.212495
8212,195.456319047066,9.68580141359818,128369.523438,0.7285685456117494,56387.17122527724,20.608215,0.13587
8212,195.456319047066,9.68580141359818,128369.523438,0.7285685456117494,56389.16411929438,20.414656,0.130849
8212,195.456319047066,9.68580141359818,128369.523438,0.7285685456117494,56389.24925032025,20.461691,0.119817
8212,195.456319047066,9.68580141359818,128369.523438,0.7285685456117494,56391.156482208986,20.326049,0.11115
8212,195.456319047066,9.68580141359818,128369.523438,0.7285685456117494,56395.05823399359,20.391023,0.152616
8212,195.456319047066,9.68580141359818,128369.523438,0.7285685456117494,56395.14098117268,20.58703,0.122463
8212,195.456319047066,9.68580141359818,128369.523438,0.7285685456117494,56751.202601109166,20.179003,0.190278
8212,195.456319047066,9.68580141359818,128369.523438,0.7285685456117494,56767.073979932815,20.218779,0.17166
8212,195.456319047066,9.68580141359818,128369.523438,0.7285685456117494,56767.158845286816,20.09767,0.217313
8212,195.456319047066,9.68580141359818,128369.523438,0.7285685456117494,56769.070301779546,20.744596,0.172977
8212,195.456319047066,9.68580141359818,128369.523438,0.7285685456117494,56769.155317695346,20.426234,0.170667
8212,195.456319047066,9.68580141359818,128369.523438,0.7285685456117494,56771.062321160454,20.312414,0.151169
8212,195.456319047066,9.68580141359818,128369.523438,0.7285685456117494,56771.14496471034,20.928534,0.075483
8828,199.553033015575,-0.520640616077623,129285.085938,0.6422075904909545,55274.113169156946,20.511414,0.109687
8828,199.553033015575,-0.520640616077623,129285.085938,0.6422075904909545,55274.19772144128,20.633031,0.155742
8828,199.553033015575,-0.520640616077623,129285.085938,0.6422075904909545,55274.28044519061,20.886534,0.142335
8828,199.553033015575,-0.520640616077623,129285.085938,0.6422075904909545,55275.3207759466,20.196685,0.266885
8828,199.553033015575,-0.520640616077623,129285.085938,0.6422075904909545,55276.10562110087,20.644898,0.221125
8828,199.553033015575,-0.520640616077623,129285.085938,0.6422075904909545,55276.18912017718,20.532391,0.165528
8828,199.553033015575,-0.520640616077623,129285.085938,0.6422075904909545,55276.27360295458,20.789851,0.161219
8828,199.553033015575,-0.520640616077623,129285.085938,0.6422075904909545,55277.187417115085,20.088642,0.246277
8828,199.553033015575,-0.520640616077623,129285.085938,0.6422075904909545,55278.102203115355,20.606972,0.138211
8828,199.553033015575,-0.520640616077623,129285.085938,0.6422075904909545,55278.185331798624,20.703039,0.18936
8828,199.553033015575,-0.520640616077623,129285.085938,0.6422075904909545,55278.26958305808,20.77664,0.122654
8828,199.553033015575,-0.520640616077623,129285.085938,0.6422075904909545,55280.29957484128,20.100872,0.327975
8828,199.553033015575,-0.520640616077623,129285.085938,0.6422075904909545,55280.342221228406,20.090347,0.187695
8828,199.553033015575,-0.520640616077623,129285.085938,0.6422075904909545,55295.2033669916,20.389761,0.254759
8828,199.553033015575,-0.520640616077623,129285.085938,0.6422075904909545,55295.245515699964,20.374337,0.372928
8828,199.553033015575,-0.520640616077623,129285.085938,0.6422075904909545,55297.22106604045,20.271593,0.349116
8828,199.553033015575,-0.520640616077623,129285.085938,0.6422075904909545,55298.256070757285,20.187938,0.36263
8828,199.553033015575,-0.520640616077623,129285.085938,0.6422075904909545,55989.30553110456,19.90609,0.305189
8828,199.553033015575,-0.520640616077623,129285.085938,0.6422075904909545,56369.21588186035,20.641704,0.154808
8828,199.553033015575,-0.520640616077623,129285.085938,0.6422075904909545,56369.30383663066,20.583273,0.185271
8828,199.553033015575,-0.520640616077623,129285.085938,0.6422075904909545,56371.22099519661,20.579063,0.156322
8828,199.553033015575,-0.520640616077623,129285.085938,0.6422075904909545,56371.30374204926,20.831696,0.159607
8828,199.553033015575,-0.520640616077623,129285.085938,0.6422075904909545,56373.296401213855,20.397346,0.133582
8828,199.553033015575,-0.520640616077623,129285.085938,0.6422075904909545,56385.19965485763,20.492905,0.164037
8828,199.553033015575,-0.520640616077623,129285.085938,0.6422075904909545,56387.264107567724,20.527274,0.23894
8828,199.553033015575,-0.520640616077623,129285.085938,0.6422075904909545,56389.18806479778,20.92798,0.144772
8828,199.553033015575,-0.520640616077623,129285.085938,0.6422075904909545,56389.27347320132,20.695127,0.157964
8828,199.553033015575,-0.520640616077623,129285.085938,0.6422075904909545,56391.1804532893,20.773519,0.241709
8828,199.553033015575,-0.520640616077623,129285.085938,0.6422075904909545,56395.15201598825,20.574926,0.24736
8828,199.553033015575,-0.520640616077623,129285.085938,0.6422075904909545,56778.167245327495,20.286218,0.181719
8828,199.553033015575,-0.520640616077623,129285.085938,0.6422075904909545,57158.10886039166,19.809624,0.25336
8931,200.36359592,-26.74716443,123866.21875,0.3769333289842106,55295.03246122971,20.396832,0.131655
8931,200.36359592,-26.74716443,123866.21875,0.3769333289842106,55295.11550902948,20.722594,0.198235
8931,200.36359592,-26.74716443,123866.21875,0.3769333289842106,55295.19832536811,20.545894,0.217847
8931,200.36359592,-26.74716443,123866.21875,0.3769333289842106,55296.028386666905,20.192643,0.116702
8931,200.36359592,-26.74716443,123866.21875,0.3769333289842106,55296.11196681112,20.204182,0.116171
8931,200.36359592,-26.74716443,123866.21875,0.3769333289842106,55296.19502617,20.593289,0.105194
8931,200.36359592,-26.74716443,123866.21875,0.3769333289842106,55649.09699624032,20.671845,0.127881
8931,200.36359592,-26.74716443,123866.21875,0.3769333289842106,55651.232683084905,20.430056,0.100258
8931,200.36359592,-26.74716443,123866.21875,0.3769333289842106,56300.283145681955,20.465577,0.225009
8931,200.36359592,-26.74716443,123866.21875,0.3769333289842106,56300.28431466967,20.312607,0.151988
8931,200.36359592,-26.74716443,123866.21875,0.3769333289842106,56300.32954640733,20.379407,0.165605
8931,200.36359592,-26.74716443,123866.21875,0.3769333289842106,56300.33307651989,20.533651,0.19334
8931,200.36359592,-26.74716443,123866.21875,0.3769333289842106,56302.27728580497,20.674629,0.214111
8931,200.36359592,-26.74716443,123866.21875,0.3769333289842106,56302.327193335164,20.882323,0.217489
8931,200.36359592,-26.74716443,123866.21875,0.3769333289842106,56302.33071186207,20.628777,0.19927
8931,200.36359592,-26.74716443,123866.21875,0.3769333289842106,56304.28155842656,20.305463,0.183469
8931,200.36359592,-26.74716443,123866.21875,0.3769333289842106,56304.33023894578,20.529374,0.161805
8931,200.36359592,-26.74716443,123866.21875,0.3769333289842106,56304.34104912216,20.372983,0.148632
8931,200.36359592,-26.74716443,123866.21875,0.3769333289842106,56306.331102212425,20.468612,0.161805
8931,200.36359592,-26.74716443,123866.21875,0.3769333289842106,56306.33228276344,20.300767,0.127551
8931,200.36359592,-26.74716443,123866.21875,0.3769333289842106,56308.325246171094,20.639661,0.174596
8931,200.36359592,-26.74716443,123866.21875,0.3769333289842106,56427.01032101968,20.464319,0.157875
8931,200.36359592,-26.74716443,123866.21875,0.3769333289842106,56443.06640536524,20.164216,0.155913
8931,200.36359592,-26.74716443,123866.21875,0.3769333289842106,56444.99612769531,20.426114,0.164754
8931,200.36359592,-26.74716443,123866.21875,0.3769333289842106,56444.99729660107,20.230764,0.125632
8931,200.36359592,-26.74716443,123866.21875,0.3769333289842106,56445.08030048618,20.389402,0.141223
8931,200.36359592,-26.74716443,123866.21875,0.3769333289842106,56445.081480965484,20.313479,0.145774
8931,200.36359592,-26.74716443,123866.21875,0.3769333289842106,56446.99549127603,20.615796,0.152068
8931,200.36359592,-26.74716443,123866.21875,0.3769333289842106,56446.996660184115,20.60949,0.15395
8931,200.36359592,-26.74716443,123866.21875,0.3769333289842106,56447.079178187996,20.604224,0.168752
8931,200.36359592,-26.74716443,123866.21875,0.3769333289842106,56447.08034709701,20.804907,0.184455
8931,200.36359592,-26.74716443,123866.21875,0.3769333289842106,56449.01307623973,20.752933,0.179522
8931,200.36359592,-26.74716443,123866.21875,0.3769333289842106,56449.01424515108,20.849736,0.183469
8931,200.36359592,-26.74716443,123866.21875,0.3769333289842106,56449.09844150208,20.27296,0.133455
8931,200.36359592,-26.74716443,123866.21875,0.3769333289842106,56449.09961041389,20.350963,0.198462
8931,200.36359592,-26.74716443,123866.21875,0.3769333289842106,56454.97290438181,20.572711,0.170655
8931,200.36359592,-26.74716443,123866.21875,0.3769333289842106,56663.3318095319,20.558237,0.199187
8931,200.36359592,-26.74716443,123866.21875,0.3769333289842106,56665.33293592697,20.69036,0.204215
8931,200.36359592,-26.74716443,123866.21875,0.3769333289842106,56665.33410491515,20.546648,0.220963
8931,200.36359592,-26.74716443,123866.21875,0.3769333289842106,56667.327423942275,20.241615,0.206852
8931,200.36359592,-26.74716443,123866.21875,0.3769333289842106,56667.33095404506,20.396128,0.157239
8931,200.36359592,-26.74716443,123866.21875,0.3769333289842106,56669.32519261865,20.383214,0.152138
8931,200.36359592,-26.74716443,123866.21875,0.3769333289842106,56669.326361599844,20.590304,0.163974
8931,200.36359592,-26.74716443,123866.21875,0.3769333289842106,56685.34285361366,20.70849,0.188402
8931,200.36359592,-26.74716443,123866.21875,0.3769333289842106,56685.35107099544,20.632366,0.145133
8931,200.36359592,-26.74716443,123866.21875,0.3769333289842106,56687.33045024285,20.160979,0.130594
8931,200.36359592,-26.74716443,123866.21875,0.3769333289842106,56687.33161919098,20.364547,0.164254
8931,200.36359592,-26.74716443,123866.21875,0.3769333289842106,56687.38380519673,20.353009,0.174596
8931,200.36359592,-26.74716443,123866.21875,0.3769333289842106,56687.384974144865,20.225414,0.253441
8931,200.36359592,-26.74716443,123866.21875,0.3769333289842106,56691.21223773947,20.721068,0.196305
8931,200.36359592,-26.74716443,123866.21875,0.3769333289842106,56691.21341825416,20.434466,0.15984
8931,200.36359592,-26.74716443,123866.21875,0.3769333289842106,56691.29687602958,20.388715,0.123693
8931,200.36359592,-26.74716443,123866.21875,0.3769333289842106,56696.327043019235,20.448906,0.165737
8931,200.36359592,-26.74716443,123866.21875,0.3769333289842106,56697.285023228265,20.571755,0.182481
8931,200.36359592,-26.74716443,123866.21875,0.3769333289842106,56697.28619215917,20.275442,0.18051
8931,200.36359592,-26.74716443,123866.21875,0.3769333289842106,56698.276322429534,20.24673,0.137315
8931,200.36359592,-26.74716443,123866.21875,0.3769333289842106,56698.277491359506,20.494909,0.177552
8931,200.36359592,-26.74716443,123866.21875,0.3769333289842106,56710.266225745436,20.410886,0.184455
8931,200.36359592,-26.74716443,123866.21875,0.3769333289842106,56712.16658389475,20.202002,0.162489
8931,200.36359592,-26.74716443,123866.21875,0.3769333289842106,56712.16776437685,20.503597,0.132442
8931,200.36359592,-26.74716443,123866.21875,0.3769333289842106,56712.249298639596,20.12363,0.099624
8931,200.36359592,-26.74716443,123866.21875,0.3769333289842106,56712.25046754815,20.421838,0.133415
8931,200.36359592,-26.74716443,123866.21875,0.3769333289842106,56714.31675961055,20.622135,0.173609
8931,200.36359592,-26.74716443,123866.21875,0.3769333289842106,56716.226124496665,20.728079,0.16377
8931,200.36359592,-26.74716443,123866.21875,0.3769333289842106,56716.227304973174,20.639477,0.186589
8931,200.36359592,-26.74716443,123866.21875,0.3769333289842106,56718.16945295455,20.388614,0.208172
8931,200.36359592,-26.74716443,123866.21875,0.3769333289842106,56718.17063342873,20.506616,0.194328
8931,200.36359592,-26.74716443,123866.21875,0.3769333289842106,56718.253671672195,20.300247,0.146518
8931,200.36359592,-26.74716443,123866.21875,0.3769333289842106,56718.25486371899,20.378384,0.125953
8931,200.36359592,-26.74716443,123866.21875,0.3769333289842106,56720.20756234601,20.331206,0.126299
8931,200.36359592,-26.74716443,123866.21875,0.3769333289842106,56720.208731244784,20.561994,0.144147
8931,200.36359592,-26.74716443,123866.21875,0.3769333289842106,56720.29065828025,20.498683,0.114982
8931,200.36359592,-26.74716443,123866.21875,0.3769333289842106,56720.29182717856,20.680096,0.181594
8931,200.36359592,-26.74716443,123866.21875,0.3769333289842106,56722.12510919897,20.261405,0.13634
8931,200.36359592,-26.74716443,123866.21875,0.3769333289842106,56722.12627809541,20.548627,0.15003
8931,200.36359592,-26.74716443,123866.21875,0.3769333289842106,56722.20946645597,20.774384,0.179659
8931,200.36359592,-26.74716443,123866.21875,0.3769333289842106,56724.20386720402,20.274755,0.111124
8931,200.36359592,-26.74716443,123866.21875,0.3769333289842106,56724.20504767122,20.571503,0.140431
8931,200.36359592,-26.74716443,123866.21875,0.3769333289842106,56726.2093050289,20.170807,0.135634
8931,200.36359592,-26.74716443,123866.21875,0.3769333289842106,56726.21047392022,20.106238,0.167437
8931,200.36359592,-26.74716443,123866.21875,0.3769333289842106,56738.22969862493,20.376019,0.155913
8931,200.36359592,-26.74716443,123866.21875,0.3769333289842106,56738.23086750554,20.046751,0.239058
8931,200.36359592,-26.74716443,123866.21875,0.3769333289842106,56740.225219865795,20.375616,0.155371
8931,200.36359592,-26.74716443,123866.21875,0.3769333289842106,56740.30944861472,20.68439,0.191364
8931,200.36359592,-26.74716443,123866.21875,0.3769333289842106,56742.22712714085,20.629263,0.133415
8931,200.36359592,-26.74716443,123866.21875,0.3769333289842106,56742.22829601867,20.609255,0.139268
8931,200.36359592,-26.74716443,123866.21875,0.3769333289842106,56742.30997860432,20.41367,0.147092
8931,200.36359592,-26.74716443,123866.21875,0.3769333289842106,56742.311147482134,20.473711,0.142199
8931,200.36359592,-26.74716443,123866.21875,0.3769333289842106,56744.2272963631,20.318796,0.13876
8931,200.36359592,-26.74716443,123866.21875,0.3769333289842106,56744.22847681306,20.509517,0.137315
8931,200.36359592,-26.74716443,123866.21875,0.3769333289842106,56744.310402350966,20.271702,0.118847
8931,200.36359592,-26.74716443,123866.21875,0.3769333289842106,56744.31155965477,20.465426,0.144916
8931,200.36359592,-26.74716443,123866.21875,0.3769333289842106,56746.218853365164,20.350225,0.127012
8931,200.36359592,-26.74716443,123866.21875,0.3769333289842106,56746.2200338142,20.60684,0.223514
8931,200.36359592,-26.74716443,123866.21875,0.3769333289842106,56746.30303557124,20.498146,0.146111
8931,200.36359592,-26.74716443,123866.21875,0.3769333289842106,56750.21049186494,20.655594,0.155913
8931,200.36359592,-26.74716443,123866.21875,0.3769333289842106,56750.2116607395,20.650546,0.16672
8931,200.36359592,-26.74716443,123866.21875,0.3769333289842106,56750.293319904245,20.232492,0.119949
8931,200.36359592,-26.74716443,123866.21875,0.3769333289842106,56750.29448877834,20.311282,0.146111
8931,200.36359592,-26.74716443,123866.21875,0.3769333289842106,56752.20934700547,20.309639,0.134573
8931,200.36359592,-26.74716443,123866.21875,0.3769333289842106,56752.210515879095,20.178522,0.143204
8931,200.36359592,-26.74716443,123866.21875,0.3769333289842106,56754.1933876141,20.507404,0.140244
8931,200.36359592,-26.74716443,123866.21875,0.3769333289842106,56754.19455648726,20.535865,0.168688
8931,200.36359592,-26.74716443,123866.21875,0.3769333289842106,56754.29407269973,20.649791,0.191364
8931,200.36359592,-26.74716443,123866.21875,0.3769333289842106,56756.28998627234,20.522028,0.15395
8931,200.36359592,-26.74716443,123866.21875,0.3769333289842106,56756.29116671765,20.407129,0.176746
8931,200.36359592,-26.74716443,123866.21875,0.3769333289842106,56758.1916487189,20.331123,0.183469
8931,200.36359592,-26.74716443,123866.21875,0.3769333289842106,56770.175536580384,20.601943,0.155913
8931,200.36359592,-26.74716443,123866.21875,0.3769333289842106,56770.17670545261,20.389973,0.151988
8931,200.36359592,-26.74716443,123866.21875,0.3769333289842106,56770.25873484323,20.409913,0.18051
8931,200.36359592,-26.74716443,123866.21875,0.3769333289842106,56770.25990371592,20.416538,0.169672
8931,200.36359592,-26.74716443,123866.21875,0.3769333289842106,56773.14160366496,20.653447,0.141223
8931,200.36359592,-26.74716443,123866.21875,0.3769333289842106,56773.14279568428,20.720045,0.176565
8931,200.36359592,-26.74716443,123866.21875,0.3769333289842106,56773.224929290824,20.403457,0.151009
8931,200.36359592,-26.74716443,123866.21875,0.3769333289842106,56773.226109737065,20.291308,0.191111
8931,200.36359592,-26.74716443,123866.21875,0.3769333289842106,56775.09046331188,20.497878,0.125632
8931,200.36359592,-26.74716443,123866.21875,0.3769333289842106,56775.091690050904,20.420496,0.135366
8931,200.36359592,-26.74716443,123866.21875,0.3769333289842106,56775.1751430314,20.44795,0.135366
8931,200.36359592,-26.74716443,123866.21875,0.3769333289842106,56775.17640448967,20.379759,0.178763
8931,200.36359592,-26.74716443,123866.21875,0.3769333289842106,56779.10884703277,20.681405,0.15395
8931,200.36359592,-26.74716443,123866.21875,0.3769333289842106,56779.11017793091,20.607025,0.146111
8931,200.36359592,-26.74716443,123866.21875,0.3769333289842106,56779.19184879493,20.567629,0.158858
8931,200.36359592,-26.74716443,123866.21875,0.3769333289842106,56779.19301767135,20.462659,0.143176
8931,200.36359592,-26.74716443,123866.21875,0.3769333289842106,56781.041161754634,20.555822,0.162787
8931,200.36359592,-26.74716443,123866.21875,0.3769333289842106,56781.12313359184,20.237439,0.10632
8931,200.36359592,-26.74716443,123866.21875,0.3769333289842106,56781.124302469194,20.626177,0.157875
8931,200.36359592,-26.74716443,123866.21875,0.3769333289842106,56783.07074978994,20.151219,0.133329
8931,200.36359592,-26.74716443,123866.21875,0.3769333289842106,56783.071918668225,20.685077,0.225009
8931,200.36359592,-26.74716443,123866.21875,0.3769333289842106,56783.15362440981,20.418316,0.15003
8931,200.36359592,-26.74716443,123866.21875,0.3769333289842106,56783.15479328809,20.469334,0.160821
8931,200.36359592,-26.74716443,123866.21875,0.3769333289842106,56785.04507865617,20.320003,0.177552
8931,200.36359592,-26.74716443,123866.21875,0.3769333289842106,56785.1308697802,20.516964,0.179522
8931,200.36359592,-26.74716443,123866.21875,0.3769333289842106,56795.100635127164,20.085543,0.138293
8931,200.36359592,-26.74716443,123866.21875,0.3769333289842106,56795.10181558831,20.254026,0.1812
8931,200.36359592,-26.74716443,123866.21875,0.3769333289842106,56795.185130672064,20.318494,0.17558
8931,200.36359592,-26.74716443,123866.21875,0.3769333289842106,56797.07277038228,20.434399,0.133171
8931,200.36359592,-26.74716443,123866.21875,0.3769333289842106,56797.07396241836,20.253741,0.187986
8931,200.36359592,-26.74716443,123866.21875,0.3769333289842106,57041.25359250046,20.325823,0.19334
8931,200.36359592,-26.74716443,123866.21875,0.3769333289842106,57041.318360301666,20.540896,0.210152
8931,200.36359592,-26.74716443,123866.21875,0.3769333289842106,57053.3149896441,20.255351,0.181495
8931,200.36359592,-26.74716443,123866.21875,0.3769333289842106,57076.26745395409,20.483304,0.183469
8931,200.36359592,-26.74716443,123866.21875,0.3769333289842106,57095.11855507037,20.252919,0.173609
8931,200.36359592,-26.74716443,123866.21875,0.3769333289842106,57398.27816579258,20.444345,0.156894
8931,200.36359592,-26.74716443,123866.21875,0.3769333289842106,57398.33928860491,20.442667,0.135366
8931,200.36359592,-26.74716443,123866.21875,0.3769333289842106,57402.334827915765,20.262227,0.109201
8931,200.36359592,-26.74716443,123866.21875,0.3769333289842106,57403.31029743748,20.682679,0.177552
8931,200.36359592,-26.74716443,123866.21875,0.3769333289842106,57403.34567917138,20.633791,0.168688
8931,200.36359592,-26.74716443,123866.21875,0.3769333289842106,57407.34083937667,20.328959,0.133415
8931,200.36359592,-26.74716443,123866.21875,0.3769333289842106,57421.25672127213,20.265816,0.147237
8931,200.36359592,-26.74716443,123866.21875,0.3769333289842106,57425.32063478185,20.687274,0.188402
8931,200.36359592,-26.74716443,123866.21875,0.3769333289842106,57427.3184232139,20.545525,0.156894
8931,200.36359592,-26.74716443,123866.21875,0.3769333289842106,57433.22566013271,20.23551,0.140363
8931,200.36359592,-26.74716443,123866.21875,0.3769333289842106,57433.309255444445,20.311718,0.141223
8931,200.36359592,-26.74716443,123866.21875,0.3769333289842106,57451.19624346448,20.715634,0.183469
8931,200.36359592,-26.74716443,123866.21875,0.3769333289842106,57451.27946665976,20.506817,0.15003
8931,200.36359592,-26.74716443,123866.21875,0.3769333289842106,57453.19459355157,20.492008,0.145653
8931,200.36359592,-26.74716443,123866.21875,0.3769333289842106,57453.27907806402,20.155596,0.141938
8931,200.36359592,-26.74716443,123866.21875,0.3769333289842106,57455.30135750398,20.540309,0.184455
8931,200.36359592,-26.74716443,123866.21875,0.3769333289842106,57457.193076153286,20.587654,0.165737
8931,200.36359592,-26.74716443,123866.21875,0.3769333289842106,57457.27664607251,20.718066,0.18051
8931,200.36359592,-26.74716443,123866.21875,0.3769333289842106,57459.27630427573,20.740204,0.220054
8931,200.36359592,-26.74716443,123866.21875,0.3769333289842106,57463.34459816478,20.417779,0.18969
11143,214.001896352107,-3.17894831571725,122483.125,0.3219134725294918,55291.25814372627,20.477954,0.31852
11143,214.001896352107,-3.17894831571725,122483.125,0.3219134725294918,55292.32178213075,20.564005,0.464041
11143,214.001896352107,-3.17894831571725,122483.125,0.3219134725294918,55292.3642434068,20.420837,0.644708
11143,214.001896352107,-3.17894831571725,122483.125,0.3219134725294918,55293.316433607135,20.237578,0.306051
11143,214.001896352107,-3.17894831571725,122483.125,0.3219134725294918,55293.35899902601,20.280258,0.150708
11143,214.001896352107,-3.17894831571725,122483.125,0.3219134725294918,55295.30868673697,20.156853,0.249712
11143,214.001896352107,-3.17894831571725,122483.125,0.3219134725294918,55295.35137943411,20.33598,0.139364
11143,214.001896352107,-3.17894831571725,122483.125,0.3219134725294918,55296.31016538944,20.152393,0.321106
11143,214.001896352107,-3.17894831571725,122483.125,0.3219134725294918,55296.357128501404,20.653524,0.410018
11143,214.001896352107,-3.17894831571725,122483.125,0.3219134725294918,55297.31329873623,20.515231,0.297284
11143,214.001896352107,-3.17894831571725,122483.125,0.3219134725294918,55297.35455636447,20.608143,0.176665
11143,214.001896352107,-3.17894831571725,122483.125,0.3219134725294918,55298.31065696059,20.579723,0.306969
11143,214.001896352107,-3.17894831571725,122483.125,0.3219134725294918,55298.35181042412,20.388007,0.272169
11143,214.001896352107,-3.17894831571725,122483.125,0.3219134725294918,55651.304992463905,20.474926,0.159834
11143,214.001896352107,-3.17894831571725,122483.125,0.3219134725294918,55651.38633918716,20.455967,0.175581
11143,214.001896352107,-3.17894831571725,122483.125,0.3219134725294918,55656.20298786322,20.127051,0.11846
11143,214.001896352107,-3.17894831571725,122483.125,0.3219134725294918,55656.285908336286,20.782067,0.216786
11143,214.001896352107,-3.17894831571725,122483.125,0.3219134725294918,55657.30060474295,20.626725,0.184452
11143,214.001896352107,-3.17894831571725,122483.125,0.3219134725294918,55657.35742810089,20.511299,0.179718
11143,214.001896352107,-3.17894831571725,122483.125,0.3219134725294918,55665.157958590426,20.390571,0.202336
11143,214.001896352107,-3.17894831571725,122483.125,0.3219134725294918,55974.39097093791,20.587877,0.165732
11143,214.001896352107,-3.17894831571725,122483.125,0.3219134725294918,55976.385440624785,20.490656,0.154932
11143,214.001896352107,-3.17894831571725,122483.125,0.3219134725294918,55977.382875981275,20.252918,0.114976
11143,214.001896352107,-3.17894831571725,122483.125,0.3219134725294918,55978.38019427471,20.267455,0.138471
11143,214.001896352107,-3.17894831571725,122483.125,0.3219134725294918,55979.37743024295,20.183527,0.12563
11143,214.001896352107,-3.17894831571725,122483.125,0.3219134725294918,55992.34092300618,20.43756,0.196303
11143,214.001896352107,-3.17894831571725,122483.125,0.3219134725294918,56004.30544206221,20.785522,0.248813
11143,214.001896352107,-3.17894831571725,122483.125,0.3219134725294918,56005.30208315514,20.680876,0.184452
11143,214.001896352107,-3.17894831571725,122483.125,0.3219134725294918,56006.2994872937,20.397807,0.169438
11143,214.001896352107,-3.17894831571725,122483.125,0.3219134725294918,56007.29631202202,20.387254,0.172879
11143,214.001896352107,-3.17894831571725,122483.125,0.3219134725294918,56008.2938651233,20.292269,0.151007
11143,214.001896352107,-3.17894831571725,122483.125,0.3219134725294918,56012.28223057138,20.481773,0.160815
11143,214.001896352107,-3.17894831571725,122483.125,0.3219134725294918,56015.27362833079,20.505871,0.170279
11143,214.001896352107,-3.17894831571725,122483.125,0.3219134725294918,56020.25987093011,19.962135,0.23844
11143,214.001896352107,-3.17894831571725,122483.125,0.3219134725294918,56032.21839811886,20.572762,0.195316
11143,214.001896352107,-3.17894831571725,122483.125,0.3219134725294918,56032.30149196414,20.695539,0.199265
11143,214.001896352107,-3.17894831571725,122483.125,0.3219134725294918,56034.19716564845,20.307082,0.163019
11143,214.001896352107,-3.17894831571725,122483.125,0.3219134725294918,56034.28006274253,20.520873,0.186423
11143,214.001896352107,-3.17894831571725,122483.125,0.3219134725294918,56036.29140798841,20.209987,0.156892
11143,214.001896352107,-3.17894831571725,122483.125,0.3219134725294918,56062.10281857941,20.487163,0.134888
11143,214.001896352107,-3.17894831571725,122483.125,0.3219134725294918,56062.29196876986,20.169958,0.185437
11143,214.001896352107,-3.17894831571725,122483.125,0.3219134725294918,56065.006202850025,20.269038,0.100573
11143,214.001896352107,-3.17894831571725,122483.125,0.3219134725294918,56065.09079057071,20.518335,0.1266
11143,214.001896352107,-3.17894831571725,122483.125,0.3219134725294918,56065.1908399486,20.278172,0.094237
11143,214.001896352107,-3.17894831571725,122483.125,0.3219134725294918,56396.174576094374,20.203516,0.193619
11143,214.001896352107,-3.17894831571725,122483.125,0.3219134725294918,56396.25897770142,20.192422,0.15651
11143,214.001896352107,-3.17894831571725,122483.125,0.3219134725294918,56402.290086217225,20.387794,0.177549
11143,214.001896352107,-3.17894831571725,122483.125,0.3219134725294918,56416.16621597577,20.039631,0.122288
11143,214.001896352107,-3.17894831571725,122483.125,0.3219134725294918,56416.24994657794,20.399416,0.150028
11143,214.001896352107,-3.17894831571725,122483.125,0.3219134725294918,56419.05304294173,20.246712,0.316641
11143,214.001896352107,-3.17894831571725,122483.125,0.3219134725294918,56419.13635702571,20.231296,0.302791
11143,214.001896352107,-3.17894831571725,122483.125,0.3219134725294918,56421.05416746158,20.410196,0.418046
11143,214.001896352107,-3.17894831571725,122483.125,0.3219134725294918,56424.14430539776,20.455954,0.128542
11143,214.001896352107,-3.17894831571725,122483.125,0.3219134725294918,56424.226983204484,20.17036,0.171471
11143,214.001896352107,-3.17894831571725,122483.125,0.3219134725294918,56745.26355987042,20.504175,0.168139
11143,214.001896352107,-3.17894831571725,122483.125,0.3219134725294918,56745.35644498048,20.487716,0.138289
11143,214.001896352107,-3.17894831571725,122483.125,0.3219134725294918,56749.35026902752,20.253559,0.238818
11143,214.001896352107,-3.17894831571725,122483.125,0.3219134725294918,56751.268123141024,20.271061,0.138628
11143,214.001896352107,-3.17894831571725,122483.125,0.3219134725294918,56751.343903101515,20.403989,0.160815
11143,214.001896352107,-3.17894831571725,122483.125,0.3219134725294918,56755.22052900167,20.218543,0.214187
11143,214.001896352107,-3.17894831571725,122483.125,0.3219134725294918,56755.303148486186,20.621046,0.164392
11143,214.001896352107,-3.17894831571725,122483.125,0.3219134725294918,56757.29572523851,20.407306,0.146108
11143,214.001896352107,-3.17894831571725,122483.125,0.3219134725294918,56767.186313442886,20.443604,0.184452
11143,214.001896352107,-3.17894831571725,122483.125,0.3219134725294918,56769.17939657858,20.437409,0.178392
11143,214.001896352107,-3.17894831571725,122483.125,0.3219134725294918,56769.26457354985,20.521187,0.175581
11143,214.001896352107,-3.17894831571725,122483.125,0.3219134725294918,56771.1722254171,20.376486,0.15421
11143,214.001896352107,-3.17894831571725,122483.125,0.3219134725294918,56771.25541185727,20.324483,0.176606
11143,214.001896352107,-3.17894831571725,122483.125,0.3219134725294918,56776.18129431363,20.651099,0.191362
11143,214.001896352107,-3.17894831571725,122483.125,0.3219134725294918,56776.26450398611,20.418601,0.158853
11143,214.001896352107,-3.17894831571725,122483.125,0.3219134725294918,56778.17498242296,20.555801,0.146108
11143,214.001896352107,-3.17894831571725,122483.125,0.3219134725294918,56778.25807641586,20.260042,0.176565
11143,214.001896352107,-3.17894831571725,122483.125,0.3219134725294918,56782.162790963426,20.168978,0.162412
11143,214.001896352107,-3.17894831571725,122483.125,0.3219134725294918,56782.245873509906,20.328416,0.14024
11143,214.001896352107,-3.17894831571725,122483.125,0.3219134725294918,56786.151312308386,20.506688,0.223032
11143,214.001896352107,-3.17894831571725,122483.125,0.3219134725294918,56786.234776924364,20.501775,0.200252
11143,214.001896352107,-3.17894831571725,122483.125,0.3219134725294918,57422.26871143002,20.104524,0.160815
11143,214.001896352107,-3.17894831571725,122483.125,0.3219134725294918,57422.37741180882,20.518762,0.16833
11143,214.001896352107,-3.17894831571725,122483.125,0.3219134725294918,57424.26306884084,20.511902,0.192348
11143,214.001896352107,-3.17894831571725,122483.125,0.3219134725294918,57424.37825015141,20.504841,0.184034
11143,214.001896352107,-3.17894831571725,122483.125,0.3219134725294918,57426.369302686304,20.299179,0.168688
11143,214.001896352107,-3.17894831571725,122483.125,0.3219134725294918,57428.2652836144,20.341646,0.170654
11143,214.001896352107,-3.17894831571725,122483.125,0.3219134725294918,57428.36886747321,20.267681,0.187442
11143,214.001896352107,-3.17894831571725,122483.125,0.3219134725294918,57430.27524746908,20.482565,0.198278
11143,214.001896352107,-3.17894831571725,122483.125,0.3219134725294918,57432.24077461194,20.349712,0.204454
11143,214.001896352107,-3.17894831571725,122483.125,0.3219134725294918,57432.322055646684,20.532218,0.188403
11143,214.001896352107,-3.17894831571725,122483.125,0.3219134725294918,57434.23916503694,20.435676,0.195316
11143,214.001896352107,-3.17894831571725,122483.125,0.3219134725294918,57434.369749017525,20.063892,0.141704
11143,214.001896352107,-3.17894831571725,122483.125,0.3219134725294918,57436.316932398826,20.449509,0.144153
11143,214.001896352107,-3.17894831571725,122483.125,0.3219134725294918,57452.248375079595,20.426479,0.152956
11143,214.001896352107,-3.17894831571725,122483.125,0.3219134725294918,57452.342211024836,20.527858,0.18289
11143,214.001896352107,-3.17894831571725,122483.125,0.3219134725294918,57454.36355857644,20.291314,0.111124
11143,214.001896352107,-3.17894831571725,122483.125,0.3219134725294918,57454.40278024739,20.361497,0.177549
11143,214.001896352107,-3.17894831571725,122483.125,0.3219134725294918,57456.3330770419,20.522921,0.200252
11143,214.001896352107,-3.17894831571725,122483.125,0.3219134725294918,57458.25325512979,20.349624,0.138364
11143,214.001896352107,-3.17894831571725,122483.125,0.3219134725294918,57458.332369408105,20.239462,0.182548
12148,219.986032126412,14.1998939339267,146038.96875,0.3771385222623388,55660.237395212986,20.660895,0.166721
12148,219.986032126412,14.1998939339267,146038.96875,0.3771385222623388,55982.38871835219,20.585902,0.196305
12148,219.986032126412,14.1998939339267,146038.96875,0.3771385222623388,55983.386753732804,20.644817,0.16315
12148,219.986032126412,14.1998939339267,146038.96875,0.3771385222623388,55984.3835843876,20.827987,0.206665
12148,219.986032126412,14.1998939339267,146038.96875,0.3771385222623388,55986.378064203076,20.78203,0.201415
12148,219.986032126412,14.1998939339267,146038.96875,0.3771385222623388,55987.37513472326,20.817258,0.190378
12148,219.986032126412,14.1998939339267,146038.96875,0.3771385222623388,55988.37245883001,20.53187,0.221502
12148,219.986032126412,14.1998939339267,146038.96875,0.3771385222623388,55989.37000181759,20.633235,0.189391
12148,219.986032126412,14.1998939339267,146038.96875,0.3771385222623388,55991.36390433693,20.571755,0.192341
12148,219.986032126412,14.1998939339267,146038.96875,0.3771385222623388,56009.31293415977,20.883379,0.208426
12148,219.986032126412,14.1998939339267,146038.96875,0.3771385222623388,56017.2920513046,20.59442,0.231833
12148,219.986032126412,14.1998939339267,146038.96875,0.3771385222623388,56071.021625977475,20.682185,0.182481
12148,219.986032126412,14.1998939339267,146038.96875,0.3771385222623388,56071.10428217007,20.926586,0.190157
12148,219.986032126412,14.1998939339267,146038.96875,0.3771385222623388,56071.18833873328,20.873591,0.155947
12148,219.986032126412,14.1998939339267,146038.96875,0.3771385222623388,56375.364492380526,20.707544,0.198919
12148,219.986032126412,14.1998939339267,146038.96875,0.3771385222623388,56385.23434035387,20.768236,0.151989
12148,219.986032126412,14.1998939339267,146038.96875,0.3771385222623388,56385.317064945586,20.807816,0.148071
12148,219.986032126412,14.1998939339267,146038.96875,0.3771385222623388,56387.22897679545,20.563285,0.221731
12148,219.986032126412,14.1998939339267,146038.96875,0.3771385222623388,56387.31166661112,20.531652,0.118966
12148,219.986032126412,14.1998939339267,146038.96875,0.3771385222623388,56389.22283657733,20.504347,0.183708
12148,219.986032126412,14.1998939339267,146038.96875,0.3771385222623388,56389.3056073566,20.630581,0.171305
12148,219.986032126412,14.1998939339267,146038.96875,0.3771385222623388,56391.215098206885,20.6866,0.195028
12148,219.986032126412,14.1998939339267,146038.96875,0.3771385222623388,56391.30056547653,20.706064,0.226596
12148,219.986032126412,14.1998939339267,146038.96875,0.3771385222623388,56393.21138639795,20.733442,0.228694
12148,219.986032126412,14.1998939339267,146038.96875,0.3771385222623388,56393.32427027309,20.553972,0.142322
12148,219.986032126412,14.1998939339267,146038.96875,0.3771385222623388,56395.19953802461,20.685297,0.142456
12148,219.986032126412,14.1998939339267,146038.96875,0.3771385222623388,56395.284646469634,20.39949,0.22275
12148,219.986032126412,14.1998939339267,146038.96875,0.3771385222623388,56804.114385877736,20.481939,0.193409
12148,219.986032126412,14.1998939339267,146038.96875,0.3771385222623388,56808.06880968809,20.84273,0.19358
12148,219.986032126412,14.1998939339267,146038.96875,0.3771385222623388,56808.15162839973,20.780478,0.194253
12148,219.986032126412,14.1998939339267,146038.96875,0.3771385222623388,56810.013917023316,20.829596,0.179523
12148,219.986032126412,14.1998939339267,146038.96875,0.3771385222623388,56810.097140963655,20.451585,0.177614
12148,219.986032126412,14.1998939339267,146038.96875,0.3771385222623388,56826.01260252902,20.698568,0.190769
12148,219.986032126412,14.1998939339267,146038.96875,0.3771385222623388,56826.09700851515,20.837366,0.206617
16549,244.591308041522,6.6770358872753,125223.5,0.767486662136756,55311.40980893001,20.312312,0.115615
16549,244.591308041522,6.6770358872753,125223.5,0.767486662136756,55650.35199349234,20.545728,0.210158
16549,244.591308041522,6.6770358872753,125223.5,0.767486662136756,55652.24706572015,20.030944,0.105223
16549,244.591308041522,6.6770358872753,125223.5,0.767486662136756,55652.334433106706,20.082583,0.190877
16549,244.591308041522,6.6770358872753,125223.5,0.767486662136756,55679.29899279121,20.423469,0.307855
16549,244.591308041522,6.6770358872753,125223.5,0.767486662136756,56002.40243587503,20.134433,0.181913
16549,244.591308041522,6.6770358872753,125223.5,0.767486662136756,56014.36896347441,20.84327,0.199325
16549,244.591308041522,6.6770358872753,125223.5,0.767486662136756,56017.36052360386,20.844715,0.166125
16549,244.591308041522,6.6770358872753,125223.5,0.767486662136756,56018.35814799089,20.239137,0.136988
16549,244.591308041522,6.6770358872753,125223.5,0.767486662136756,56102.987788734026,20.524465,0.159584
16549,244.591308041522,6.6770358872753,125223.5,0.767486662136756,56103.07162550837,20.721178,0.144956
16549,244.591308041522,6.6770358872753,125223.5,0.767486662136756,56103.15784638282,20.731401,0.179271
16549,244.591308041522,6.6770358872753,125223.5,0.767486662136756,56103.984895883594,20.580671,0.169499
16549,244.591308041522,6.6770358872753,125223.5,0.767486662136756,56104.07146403054,20.784654,0.163391
16549,244.591308041522,6.6770358872753,125223.5,0.767486662136756,56104.1684018462,20.698134,0.1284
16549,244.591308041522,6.6770358872753,125223.5,0.767486662136756,56117.02067611646,20.712735,0.171166
16549,244.591308041522,6.6770358872753,125223.5,0.767486662136756,56117.10442155693,20.619448,0.301773
16549,244.591308041522,6.6770358872753,125223.5,0.767486662136756,56121.03252754966,20.822718,0.173161
16549,244.591308041522,6.6770358872753,125223.5,0.767486662136756,56151.029196333606,20.427679,0.196287
16549,244.591308041522,6.6770358872753,125223.5,0.767486662136756,56419.20520539954,20.562194,0.186337
16549,244.591308041522,6.6770358872753,125223.5,0.767486662136756,56419.31682777451,20.467441,0.170278
16549,244.591308041522,6.6770358872753,125223.5,0.767486662136756,56473.09974234039,20.663379,0.148635
16549,244.591308041522,6.6770358872753,125223.5,0.767486662136756,56485.11263257172,20.28026,0.210592
16549,244.591308041522,6.6770358872753,125223.5,0.767486662136756,56487.980524010956,20.253089,0.192872
16549,244.591308041522,6.6770358872753,125223.5,0.767486662136756,56504.96785820741,20.273347,0.193224
16549,244.591308041522,6.6770358872753,125223.5,0.767486662136756,56511.002976188436,20.384545,0.190806
16549,244.591308041522,6.6770358872753,125223.5,0.767486662136756,56511.00801083958,20.03551,0.159237
16549,244.591308041522,6.6770358872753,125223.5,0.767486662136756,56745.38533498999,20.573905,0.220608
16549,244.591308041522,6.6770358872753,125223.5,0.767486662136756,56745.40222058818,20.184815,0.246
16549,244.591308041522,6.6770358872753,125223.5,0.767486662136756,56749.402918314096,20.596237,0.217739
16549,244.591308041522,6.6770358872753,125223.5,0.767486662136756,56755.37055148324,20.515457,0.219335
16549,244.591308041522,6.6770358872753,125223.5,0.767486662136756,56755.39676498389,20.438217,0.267003
16549,244.591308041522,6.6770358872753,125223.5,0.767486662136756,56782.19685769966,20.458391,0.314066
16549,244.591308041522,6.6770358872753,125223.5,0.767486662136756,56835.0932345991,20.325845,0.188239
16549,244.591308041522,6.6770358872753,125223.5,0.767486662136756,56837.01424011774,20.581216,0.178378
18370,257.552768736752,21.54284385206,120227.976562,0.5086084415165024,56088.189920905046,19.85041,0.212132
18370,257.552768736752,21.54284385206,120227.976562,0.5086084415165024,56397.34836777346,20.399263,0.13634
18370,257.552768736752,21.54284385206,120227.976562,0.5086084415165024,56397.34955984354,20.684635,0.18051
18370,257.552768736752,21.54284385206,120227.976562,0.5086084415165024,56397.388446776196,20.44724,0.14905
18370,257.552768736752,21.54284385206,120227.976562,0.5086084415165024,56403.28164338274,20.365679,0.181495
18370,257.552768736752,21.54284385206,120227.976562,0.5086084415165024,56403.28399279108,20.508799,0.195317
18370,257.552768736752,21.54284385206,120227.976562,0.5086084415165024,56417.3222529958,20.178835,0.175581
18370,257.552768736752,21.54284385206,120227.976562,0.5086084415165024,56417.35756324418,20.309618,0.185442
18370,257.552768736752,21.54284385206,120227.976562,0.5086084415165024,56485.025465109386,20.368141,0.165737
18370,257.552768736752,21.54284385206,120227.976562,0.5086084415165024,56485.10814594338,20.408649,0.174596
18370,257.552768736752,21.54284385206,120227.976562,0.5086084415165024,56485.10931486357,20.446764,0.175581
18370,257.552768736752,21.54284385206,120227.976562,0.5086084415165024,56487.01700540818,20.209258,0.16377
18370,257.552768736752,21.54284385206,120227.976562,0.5086084415165024,56487.01817432977,20.200474,0.164754
18370,257.552768736752,21.54284385206,120227.976562,0.5086084415165024,56488.015207256656,20.344209,0.193341
18370,257.552768736752,21.54284385206,120227.976562,0.5086084415165024,56488.09697399475,20.141852,0.132442
18370,257.552768736752,21.54284385206,120227.976562,0.5086084415165024,56488.09814291727,20.331802,0.169673
18370,257.552768736752,21.54284385206,120227.976562,0.5086084415165024,56489.01210216852,20.114073,0.188403
18370,257.552768736752,21.54284385206,120227.976562,0.5086084415165024,56489.099447407294,20.217413,0.188403
18370,257.552768736752,21.54284385206,120227.976562,0.5086084415165024,56490.00975023955,20.045171,0.196305
18370,257.552768736752,21.54284385206,120227.976562,0.5086084415165024,56490.0109191644,19.870804,0.15984
18370,257.552768736752,21.54284385206,120227.976562,0.5086084415165024,56490.096204395406,20.239457,0.179524
18370,257.552768736752,21.54284385206,120227.976562,0.5086084415165024,56804.18781454582,20.475089,0.169673
18370,257.552768736752,21.54284385206,120227.976562,0.5086084415165024,56804.188983445056,20.705084,0.210152
18370,257.552768736752,21.54284385206,120227.976562,0.5086084415165024,56804.25506676361,20.600514,0.18051
18370,257.552768736752,21.54284385206,120227.976562,0.5086084415165024,56810.13965242589,20.589604,0.175581
18370,257.552768736752,21.54284385206,120227.976562,0.5086084415165024,56810.17284453334,20.387807,0.137316
18370,257.552768736752,21.54284385206,120227.976562,0.5086084415165024,56810.23920560116,20.50263,0.166721
18370,257.552768736752,21.54284385206,120227.976562,0.5086084415165024,56814.249664474744,20.322206,0.125634
18370,257.552768736752,21.54284385206,120227.976562,0.5086084415165024,56835.145895534195,20.738864,0.188403
18370,257.552768736752,21.54284385206,120227.976562,0.5086084415165024,56835.19787142193,20.649302,0.166721
18370,257.552768736752,21.54284385206,120227.976562,0.5086084415165024,56837.15397597151,20.604613,0.174596
18370,257.552768736752,21.54284385206,120227.976562,0.5086084415165024,56837.19171668915,20.767063,0.182482
18370,257.552768736752,21.54284385206,120227.976562,0.5086084415165024,56839.140532317106,20.546299,0.181495
18370,257.552768736752,21.54284385206,120227.976562,0.5086084415165024,56855.01095499471,20.662241,0.14807
18370,257.552768736752,21.54284385206,120227.976562,0.5086084415165024,56855.09553421894,20.708945,0.14807
18370,257.552768736752,21.54284385206,120227.976562,0.5086084415165024,56857.00470246794,20.677151,0.183469
21422,315.063018891944,-6.25224630930356,141900.21875,0.6325445751404066,55409.11546205217,20.625757,0.152676
21422,315.063018891944,-6.25224630930356,141900.21875,0.6325445751404066,56050.40246271249,20.703749,0.191365
21422,315.063018891944,-6.25224630930356,141900.21875,0.6325445751404066,56075.25636265427,20.535416,0.158857
21422,315.063018891944,-6.25224630930356,141900.21875,0.6325445751404066,56075.34013216244,20.775875,0.176566
21422,315.063018891944,-6.25224630930356,141900.21875,0.6325445751404066,56104.32308646105,20.655959,0.168689
21422,315.063018891944,-6.25224630930356,141900.21875,0.6325445751404066,56164.258006141055,20.869447,0.140246
21422,315.063018891944,-6.25224630930356,141900.21875,0.6325445751404066,56186.07090887241,20.68927,0.259781
21422,315.063018891944,-6.25224630930356,141900.21875,0.6325445751404066,56393.3942689728,20.726222,0.15984
21422,315.063018891944,-6.25224630930356,141900.21875,0.6325445751404066,56393.400993726216,20.500062,0.140795
21422,315.063018891944,-6.25224630930356,141900.21875,0.6325445751404066,56426.35616125073,20.726973,0.157876
21422,315.063018891944,-6.25224630930356,141900.21875,0.6325445751404066,56476.135753782,20.553488,0.179523
21422,315.063018891944,-6.25224630930356,141900.21875,0.6325445751404066,56487.20446968544,20.73454,0.160821
21422,315.063018891944,-6.25224630930356,141900.21875,0.6325445751404066,56489.29478039965,20.955662,0.200259
21422,315.063018891944,-6.25224630930356,141900.21875,0.6325445751404066,56511.03658742271,20.582787,0.163771
21422,315.063018891944,-6.25224630930356,141900.21875,0.6325445751404066,56515.12238910375,20.831649,0.213122
21422,315.063018891944,-6.25224630930356,141900.21875,0.6325445751404066,56776.40191824641,20.754285,0.227982
21422,315.063018891944,-6.25224630930356,141900.21875,0.6325445751404066,56782.31254882319,20.525111,0.181495
21422,315.063018891944,-6.25224630930356,141900.21875,0.6325445751404066,56786.32035930734,20.749836,0.192353
21422,315.063018891944,-6.25224630930356,141900.21875,0.6325445751404066,56786.40977948345,20.715109,0.173611
21422,315.063018891944,-6.25224630930356,141900.21875,0.6325445751404066,56816.300905148964,20.779487,0.215101
21422,315.063018891944,-6.25224630930356,141900.21875,0.6325445751404066,56830.252762805205,20.873706,0.166861
21422,315.063018891944,-6.25224630930356,141900.21875,0.6325445751404066,56833.356873604935,20.702712,0.174595
21422,315.063018891944,-6.25224630930356,141900.21875,0.6325445751404066,56835.23826198932,20.611478,0.165736
21422,315.063018891944,-6.25224630930356,141900.21875,0.6325445751404066,56837.232623620424,21.00079,0.198281
21422,315.063018891944,-6.25224630930356,141900.21875,0.6325445751404066,56855.13363671489,20.446701,0.157876
21422,315.063018891944,-6.25224630930356,141900.21875,0.6325445751404066,56857.1282594502,20.778593,0.187416
21422,315.063018891944,-6.25224630930356,141900.21875,0.6325445751404066,56857.212394829374,20.681551,0.145134
21422,315.063018891944,-6.25224630930356,141900.21875,0.6325445751404066,56885.012714856304,20.954654,0.202237
21422,315.063018891944,-6.25224630930356,141900.21875,0.6325445751404066,56885.097498370335,20.755112,0.140246
21422,315.063018891944,-6.25224630930356,141900.21875,0.6325445751404066,56889.001860558055,20.985836,0.195317
21422,315.063018891944,-6.25224630930356,141900.21875,0.6325445751404066,56915.07924232911,20.8116,0.225999
21422,315.063018891944,-6.25224630930356,141900.21875,0.6325445751404066,56919.07602135884,20.627715,0.163771
21422,315.063018891944,-6.25224630930356,141900.21875,0.6325445751404066,56920.996246580966,20.767946,0.148579
21422,315.063018891944,-6.25224630930356,141900.21875,0.6325445751404066,56921.080732069444,20.802902,0.168689
21422,315.063018891944,-6.25224630930356,141900.21875,0.6325445751404066,56923.10306301387,20.795544,0.196304
21422,315.063018891944,-6.25224630930356,141900.21875,0.6325445751404066,56925.0023742849,20.909546,0.208173
21422,315.063018891944,-6.25224630930356,141900.21875,0.6325445751404066,56925.08725374844,20.922893,0.166721
21422,315.063018891944,-6.25224630930356,141900.21875,0.6325445751404066,56927.00890724175,20.78541,0.162787
21422,315.063018891944,-6.25224630930356,141900.21875,0.6325445751404066,56927.091923628,20.932229,0.184454
21422,315.063018891944,-6.25224630930356,141900.21875,0.6325445751404066,57269.98860524222,20.400956,0.203238
21422,315.063018891944,-6.25224630930356,141900.21875,0.6325445751404066,57270.07363302028,20.377779,0.168689
22056,319.806734248977,0.743093869712113,122481.210938,0.5463307170516108,55423.31403114414,20.610679,0.243766
22056,319.806734248977,0.743093869712113,122481.210938,0.5463307170516108,55423.31638045423,20.176577,0.144959
22056,319.806734248977,0.743093869712113,122481.210938,0.5463307170516108,55425.30331875989,20.494558,0.248966
22056,319.806734248977,0.743093869712113,122481.210938,0.5463307170516108,55435.00250872783,20.566484,0.292711
22056,319.806734248977,0.743093869712113,122481.210938,0.5463307170516108,55436.99614587752,20.405159,0.190079
22056,319.806734248977,0.743093869712113,122481.210938,0.5463307170516108,55438.07858263794,20.423396,0.262506
22056,319.806734248977,0.743093869712113,122481.210938,0.5463307170516108,55443.06101250509,20.787266,0.28071
22056,319.806734248977,0.743093869712113,122481.210938,0.5463307170516108,55448.02251475118,20.685619,0.223608
22056,319.806734248977,0.743093869712113,122481.210938,0.5463307170516108,56147.05557943415,20.154215,0.132976
22056,319.806734248977,0.743093869712113,122481.210938,0.5463307170516108,56159.046562843956,20.041586,0.239975
22056,319.806734248977,0.743093869712113,122481.210938,0.5463307170516108,56162.176244377624,20.634672,0.177007
22056,319.806734248977,0.743093869712113,122481.210938,0.5463307170516108,56461.35586992279,20.624286,0.249512
22056,319.806734248977,0.743093869712113,122481.210938,0.5463307170516108,56476.23970066756,20.658211,0.152784
22056,319.806734248977,0.743093869712113,122481.210938,0.5463307170516108,56487.301828301046,20.867767,0.269475
22056,319.806734248977,0.743093869712113,122481.210938,0.5463307170516108,56489.22906420333,20.559694,0.214592
22056,319.806734248977,0.743093869712113,122481.210938,0.5463307170516108,56489.31208916567,20.554455,0.206999
22056,319.806734248977,0.743093869712113,122481.210938,0.5463307170516108,56490.204913911875,20.335885,0.130101
22056,319.806734248977,0.743093869712113,122481.210938,0.5463307170516108,56539.071072702296,20.743976,0.281957
22056,319.806734248977,0.743093869712113,122481.210938,0.5463307170516108,56544.005055193324,20.550304,0.189085
22056,319.806734248977,0.743093869712113,122481.210938,0.5463307170516108,56548.088628612924,20.117987,0.190108
22056,319.806734248977,0.743093869712113,122481.210938,0.5463307170516108,56565.10259491112,20.758902,0.254289
22056,319.806734248977,0.743093869712113,122481.210938,0.5463307170516108,56810.350595286116,20.194581,0.176588
22056,319.806734248977,0.743093869712113,122481.210938,0.5463307170516108,56816.335115630645,20.113524,0.149276
22056,319.806734248977,0.743093869712113,122481.210938,0.5463307170516108,56835.25921216048,20.889199,0.085812
22056,319.806734248977,0.743093869712113,122481.210938,0.5463307170516108,56837.17051864974,20.43946,0.191642
22056,319.806734248977,0.743093869712113,122481.210938,0.5463307170516108,56837.25373004563,20.572071,0.218971
22056,319.806734248977,0.743093869712113,122481.210938,0.5463307170516108,56857.132366152946,20.708408,0.197813
22056,319.806734248977,0.743093869712113,122481.210938,0.5463307170516108,56857.21651355503,20.724757,0.173103
22056,319.806734248977,0.743093869712113,122481.210938,0.5463307170516108,56863.0974714146,20.79826,0.253386
22056,319.806734248977,0.743093869712113,122481.210938,0.5463307170516108,56863.18095890619,20.664911,0.182223
22056,319.806734248977,0.743093869712113,122481.210938,0.5463307170516108,56867.08596942667,20.265835,0.194629
22056,319.806734248977,0.743093869712113,122481.210938,0.5463307170516108,56883.0401985026,20.335768,0.24662
22056,319.806734248977,0.743093869712113,122481.210938,0.5463307170516108,56887.0270594731,20.4768,0.220287
22056,319.806734248977,0.743093869712113,122481.210938,0.5463307170516108,56927.10392317455,20.426526,0.146898
22056,319.806734248977,0.743093869712113,122481.210938,0.5463307170516108,56929.11838481948,20.242075,0.152355
23852,336.09793267,-13.29911089,124732.742188,0.3697721638394614,55424.05325352866,20.295113,0.224412
23852,336.09793267,-13.29911089,124732.742188,0.3697721638394614,55424.140721539035,20.646901,0.168785
23852,336.09793267,-13.29911089,124732.742188,0.3697721638394614,55424.26297769882,20.636726,0.14484
23852,336.09793267,-13.29911089,124732.742188,0.3697721638394614,55425.140678298194,20.373501,0.126784
23852,336.09793267,-13.29911089,124732.742188,0.3697721638394614,55425.26044627698,20.346177,0.07671
23852,336.09793267,-13.29911089,124732.742188,0.3697721638394614,56148.15538016427,20.302356,0.208389
23852,336.09793267,-13.29911089,124732.742188,0.3697721638394614,56150.1650744183,20.484654,0.154932
23852,336.09793267,-13.29911089,124732.742188,0.3697721638394614,56151.06610643957,20.181754,0.227677
23852,336.09793267,-13.29911089,124732.742188,0.3697721638394614,56151.23574213125,20.641844,0.157877
23852,336.09793267,-13.29911089,124732.742188,0.3697721638394614,56205.05194374034,20.28787,0.182481
23852,336.09793267,-13.29911089,124732.742188,0.3697721638394614,56205.13623211067,20.274006,0.248813
23852,336.09793267,-13.29911089,124732.742188,0.3697721638394614,56418.42706611892,20.306429,0.185441
23852,336.09793267,-13.29911089,124732.742188,0.3697721638394614,56420.41172293201,20.548432,0.201013
23852,336.09793267,-13.29911089,124732.742188,0.3697721638394614,56422.407438244205,20.127094,0.261565
23852,336.09793267,-13.29911089,124732.742188,0.3697721638394614,56426.38129104022,20.563767,0.165737
23852,336.09793267,-13.29911089,124732.742188,0.3697721638394614,56446.36960985325,20.336613,0.150028
23852,336.09793267,-13.29911089,124732.742188,0.3697721638394614,56448.27303033508,20.05512,0.195316
23852,336.09793267,-13.29911089,124732.742188,0.3697721638394614,56448.38868672168,20.403002,0.20916
23852,336.09793267,-13.29911089,124732.742188,0.3697721638394614,56450.256928413175,20.396007,0.159839
23852,336.09793267,-13.29911089,124732.742188,0.3697721638394614,56450.34066415485,20.657957,0.175581
23852,336.09793267,-13.29911089,124732.742188,0.3697721638394614,56456.345650597475,20.505336,0.15199
23852,336.09793267,-13.29911089,124732.742188,0.3697721638394614,56473.332410729025,20.417995,0.205746
23852,336.09793267,-13.29911089,124732.742188,0.3697721638394614,56473.397279098164,20.263872,0.15199
23852,336.09793267,-13.29911089,124732.742188,0.3697721638394614,56474.42622610228,20.606344,0.181496
23852,336.09793267,-13.29911089,124732.742188,0.3697721638394614,56531.179029654246,20.328707,0.175581
23852,336.09793267,-13.29911089,124732.742188,0.3697721638394614,56533.034724354744,20.326893,0.168688
23852,336.09793267,-13.29911089,124732.742188,0.3697721638394614,56533.13697114214,20.49885,0.14905
23852,336.09793267,-13.29911089,124732.742188,0.3697721638394614,56541.04864112474,20.322956,0.133415
23852,336.09793267,-13.29911089,124732.742188,0.3697721638394614,56543.057536066044,20.392205,0.164754
23852,336.09793267,-13.29911089,124732.742188,0.3697721638394614,56543.16533840494,20.73418,0.207183
23852,336.09793267,-13.29911089,124732.742188,0.3697721638394614,56547.058194456156,20.216539,0.163769
23852,336.09793267,-13.29911089,124732.742188,0.3697721638394614,56547.210287037306,20.5816,0.175581
23852,336.09793267,-13.29911089,124732.742188,0.3697721638394614,56599.09034741018,20.50745,0.194329
23852,336.09793267,-13.29911089,124732.742188,0.3697721638394614,57270.16217798367,20.607391,0.20026
23852,336.09793267,-13.29911089,124732.742188,0.3697721638394614,57295.084812617395,20.163703,0.211141
23852,336.09793267,-13.29911089,124732.742188,0.3697721638394614,57299.110219400376,20.328479,0.188403
23852,336.09793267,-13.29911089,124732.742188,0.3697721638394614,57307.09050005488,20.552949,0.193339
23944,337.404971236821,-31.607708635359543,122240.898438,0.5092183217189928,55421.16890612105,20.452534,0.086282
23944,337.404971236821,-31.607708635359543,122240.898438,0.5092183217189928,55421.17145217536,20.154278,0.090835
23944,337.404971236821,-31.607708635359543,122240.898438,0.5092183217189928,55421.25895543117,20.648111,0.093444
23944,337.404971236821,-31.607708635359543,122240.898438,0.5092183217189928,55421.3408573675,20.512389,0.099052
23944,337.404971236821,-31.607708635359543,122240.898438,0.5092183217189928,55443.03946457198,20.408265,0.084504
23944,337.404971236821,-31.607708635359543,122240.898438,0.5092183217189928,55451.15975006856,20.416089,0.1623
23944,337.404971236821,-31.607708635359543,122240.898438,0.5092183217189928,55451.26051734481,20.655022,0.117724
23944,337.404971236821,-31.607708635359543,122240.898438,0.5092183217189928,55453.116305697244,20.048261,0.066862
23944,337.404971236821,-31.607708635359543,122240.898438,0.5092183217189928,55453.22032520827,20.301397,0.087921
23944,337.404971236821,-31.607708635359543,122240.898438,0.5092183217189928,56173.183189025614,19.659616,0.195315
23944,337.404971236821,-31.607708635359543,122240.898438,0.5092183217189928,56175.16378029995,20.446857,0.226907
23944,337.404971236821,-31.607708635359543,122240.898438,0.5092183217189928,56175.16494918009,20.143732,0.174595
23944,337.404971236821,-31.607708635359543,122240.898438,0.5092183217189928,56175.24734946387,20.185364,0.249333
23944,337.404971236821,-31.607708635359543,122240.898438,0.5092183217189928,56175.24851834448,19.636588,0.17848
23944,337.404971236821,-31.607708635359543,122240.898438,0.5092183217189928,56177.24832381774,20.083493,0.207742
23944,337.404971236821,-31.607708635359543,122240.898438,0.5092183217189928,56177.249504272826,19.530549,0.156894
23944,337.404971236821,-31.607708635359543,122240.898438,0.5092183217189928,56195.06996403728,19.553917,0.127575
23944,337.404971236821,-31.607708635359543,122240.898438,0.5092183217189928,56195.07113294024,19.754895,0.163556
23944,337.404971236821,-31.607708635359543,122240.898438,0.5092183217189928,56195.07230184274,19.460764,0.158025
23944,337.404971236821,-31.607708635359543,122240.898438,0.5092183217189928,56205.062465742696,20.699653,0.18544
23944,337.404971236821,-31.607708635359543,122240.898438,0.5092183217189928,56205.06364623364,20.623765,0.158857
23944,337.404971236821,-31.607708635359543,122240.898438,0.5092183217189928,56213.07936443947,20.105288,0.179522
23944,337.404971236821,-31.607708635359543,122240.898438,0.5092183217189928,56215.0745127229,20.411986,0.17558
23944,337.404971236821,-31.607708635359543,122240.898438,0.5092183217189928,56219.062339085154,19.90465,0.113692
23944,337.404971236821,-31.607708635359543,122240.898438,0.5092183217189928,56219.14549597772,20.511645,0.167704
23944,337.404971236821,-31.607708635359543,122240.898438,0.5092183217189928,56221.05582746351,19.967334,0.220264
23944,337.404971236821,-31.607708635359543,122240.898438,0.5092183217189928,56221.056996408384,19.836758,0.145588
23944,337.404971236821,-31.607708635359543,122240.898438,0.5092183217189928,56223.0493915109,20.02232,0.191675
23944,337.404971236821,-31.607708635359543,122240.898438,0.5092183217189928,56223.05056045996,20.041435,0.15395
23944,337.404971236821,-31.607708635359543,122240.898438,0.5092183217189928,56431.335675340146,19.855724,0.158573
23944,337.404971236821,-31.607708635359543,122240.898438,0.5092183217189928,56431.336855883244,19.737948,0.138293
23944,337.404971236821,-31.607708635359543,122240.898438,0.5092183217189928,56431.388498873916,19.709477,0.16217
23944,337.404971236821,-31.607708635359543,122240.898438,0.5092183217189928,56431.41531572724,19.644115,0.151096
23944,337.404971236821,-31.607708635359543,122240.898438,0.5092183217189928,56433.374239263125,19.815516,0.143811
23944,337.404971236821,-31.607708635359543,122240.898438,0.5092183217189928,56433.37540822942,19.749367,0.127472
23944,337.404971236821,-31.607708635359543,122240.898438,0.5092183217189928,56445.359764961526,20.514707,0.176565
23944,337.404971236821,-31.607708635359543,122240.898438,0.5092183217189928,56447.29860051023,20.244263,0.151009
23944,337.404971236821,-31.607708635359543,122240.898438,0.5092183217189928,56447.299769451376,20.257956,0.137317
23944,337.404971236821,-31.607708635359543,122240.898438,0.5092183217189928,56447.37138731545,20.602991,0.168687
23944,337.404971236821,-31.607708635359543,122240.898438,0.5092183217189928,56449.260751307476,20.035418,0.183303
23944,337.404971236821,-31.607708635359543,122240.898438,0.5092183217189928,56449.26192024443,20.152938,0.1422
23944,337.404971236821,-31.607708635359543,122240.898438,0.5092183217189928,56449.354219985195,20.263038,0.183617
23944,337.404971236821,-31.607708635359543,122240.898438,0.5092183217189928,56449.355388921686,20.319534,0.134391
23944,337.404971236821,-31.607708635359543,122240.898438,0.5092183217189928,56500.12042765459,19.641925,0.192351
23944,337.404971236821,-31.607708635359543,122240.898438,0.5092183217189928,56506.14542528894,20.582642,0.186427
23944,337.404971236821,-31.607708635359543,122240.898438,0.5092183217189928,56506.14660573425,20.522085,0.17361
23944,337.404971236821,-31.607708635359543,122240.898438,0.5092183217189928,56506.229352613445,19.463805,0.118974
23944,337.404971236821,-31.607708635359543,122240.898438,0.5092183217189928,56506.23052148521,19.645199,0.130431
23944,337.404971236821,-31.607708635359543,122240.898438,0.5092183217189928,56508.09613329638,20.460146,0.150029
23944,337.404971236821,-31.607708635359543,122240.898438,0.5092183217189928,56508.19111277815,20.526912,0.190376
23944,337.404971236821,-31.607708635359543,122240.898438,0.5092183217189928,56508.19229322299,20.616621,0.199271
23944,337.404971236821,-31.607708635359543,122240.898438,0.5092183217189928,56514.20318242954,20.568673,0.13244
23944,337.404971236821,-31.607708635359543,122240.898438,0.5092183217189928,56514.20435129991,20.408711,0.121752
23944,337.404971236821,-31.607708635359543,122240.898438,0.5092183217189928,56514.29607869545,20.316493,0.118847
23944,337.404971236821,-31.607708635359543,122240.898438,0.5092183217189928,56514.29724756582,20.472054,0.150029
23944,337.404971236821,-31.607708635359543,122240.898438,0.5092183217189928,56516.20700817369,20.676689,0.168687
23944,337.404971236821,-31.607708635359543,122240.898438,0.5092183217189928,56516.208188617136,20.835927,0.190376
23944,337.404971236821,-31.607708635359543,122240.898438,0.5092183217189928,56516.30841057142,20.564356,0.164753
23944,337.404971236821,-31.607708635359543,122240.898438,0.5092183217189928,56516.309579441324,20.521703,0.176565
23944,337.404971236821,-31.607708635359543,122240.898438,0.5092183217189928,56518.22326330561,20.82368,0.179522
23944,337.404971236821,-31.607708635359543,122240.898438,0.5092183217189928,56518.22443217551,20.854213,0.178536
23944,337.404971236821,-31.607708635359543,122240.898438,0.5092183217189928,56518.30670445273,20.655,0.164753
23944,337.404971236821,-31.607708635359543,122240.898438,0.5092183217189928,56518.307873323094,20.491084,0.155912
23944,337.404971236821,-31.607708635359543,122240.898438,0.5092183217189928,56520.06234798161,19.933823,0.17361
23944,337.404971236821,-31.607708635359543,122240.898438,0.5092183217189928,56520.15438786382,20.364718,0.189389
23944,337.404971236821,-31.607708635359543,122240.898438,0.5092183217189928,56522.05312007805,19.644221,0.181494
23944,337.404971236821,-31.607708635359543,122240.898438,0.5092183217189928,56558.066705394536,20.097974,0.130562
23944,337.404971236821,-31.607708635359543,122240.898438,0.5092183217189928,56558.17087633861,20.245028,0.17164
23944,337.404971236821,-31.607708635359543,122240.898438,0.5092183217189928,56558.172045238316,20.266462,0.184454
23944,337.404971236821,-31.607708635359543,122240.898438,0.5092183217189928,56578.052467373665,20.096783,0.14905
23944,337.404971236821,-31.607708635359543,122240.898438,0.5092183217189928,56578.0536363041,20.002311,0.180508
23944,337.404971236821,-31.607708635359543,122240.898438,0.5092183217189928,56805.28934679087,20.400482,0.161751
23944,337.404971236821,-31.607708635359543,122240.898438,0.5092183217189928,56805.29052731767,20.241074,0.177288
23944,337.404971236821,-31.607708635359543,122240.898438,0.5092183217189928,56807.33471146645,20.349579,0.17179
23944,337.404971236821,-31.607708635359543,122240.898438,0.5092183217189928,56807.33589198999,20.526657,0.184454
23944,337.404971236821,-31.607708635359543,122240.898438,0.5092183217189928,56807.419489264954,20.456191,0.184454
23944,337.404971236821,-31.607708635359543,122240.898438,0.5092183217189928,56807.42065821495,20.388107,0.138293
23944,337.404971236821,-31.607708635359543,122240.898438,0.5092183217189928,56809.301090611145,20.255745,0.129107
23944,337.404971236821,-31.607708635359543,122240.898438,0.5092183217189928,56809.302259557415,20.216238,0.126603
23944,337.404971236821,-31.607708635359543,122240.898438,0.5092183217189928,56809.3728824351,20.279517,0.122582
23944,337.404971236821,-31.607708635359543,122240.898438,0.5092183217189928,56809.37877346156,20.337161,0.111124
23944,337.404971236821,-31.607708635359543,122240.898438,0.5092183217189928,56811.30304140085,20.166143,0.122721
23944,337.404971236821,-31.607708635359543,122240.898438,0.5092183217189928,56815.26337338099,20.220937,0.176565
23944,337.404971236821,-31.607708635359543,122240.898438,0.5092183217189928,56815.35731647536,20.443434,0.14807
23944,337.404971236821,-31.607708635359543,122240.898438,0.5092183217189928,56817.33284984203,20.071841,0.108239
23944,337.404971236821,-31.607708635359543,122240.898438,0.5092183217189928,56823.39370343974,20.078305,0.20026
23944,337.404971236821,-31.607708635359543,122240.898438,0.5092183217189928,56829.404428297654,20.35432,0.130877
23944,337.404971236821,-31.607708635359543,122240.898438,0.5092183217189928,56829.41028443584,20.658806,0.162787
23944,337.404971236821,-31.607708635359543,122240.898438,0.5092183217189928,56831.21475994354,20.263059,0.115946
23944,337.404971236821,-31.607708635359543,122240.898438,0.5092183217189928,56831.21592885349,20.194167,0.108239
23944,337.404971236821,-31.607708635359543,122240.898438,0.5092183217189928,56831.31165218493,20.722957,0.155912
23944,337.404971236821,-31.607708635359543,122240.898438,0.5092183217189928,56831.312832668424,20.633695,0.146112
23944,337.404971236821,-31.607708635359543,122240.898438,0.5092183217189928,56832.21278882492,20.043859,0.139876
23944,337.404971236821,-31.607708635359543,122240.898438,0.5092183217189928,56832.213969306555,19.964761,0.170264
23944,337.404971236821,-31.607708635359543,122240.898438,0.5092183217189928,56834.20709534362,19.978242,0.123705
23944,337.404971236821,-31.607708635359543,122240.898438,0.5092183217189928,56834.20827582246,19.914516,0.114981
23944,337.404971236821,-31.607708635359543,122240.898438,0.5092183217189928,56834.29921902018,20.378985,0.150029
23944,337.404971236821,-31.607708635359543,122240.898438,0.5092183217189928,56834.300387925934,20.205798,0.145134
23944,337.404971236821,-31.607708635359543,122240.898438,0.5092183217189928,56836.201825310476,19.748984,0.121274
23944,337.404971236821,-31.607708635359543,122240.898438,0.5092183217189928,56836.20299421344,19.769099,0.112974
23944,337.404971236821,-31.607708635359543,122240.898438,0.5092183217189928,56836.29556903243,20.217153,0.121713
23944,337.404971236821,-31.607708635359543,122240.898438,0.5092183217189928,56836.29674950894,20.123106,0.117117
23944,337.404971236821,-31.607708635359543,122240.898438,0.5092183217189928,56838.195242881775,19.63461,0.121804
23944,337.404971236821,-31.607708635359543,122240.898438,0.5092183217189928,56838.196411781944,19.534547,0.107449
23944,337.404971236821,-31.607708635359543,122240.898438,0.5092183217189928,56838.28885908425,19.947261,0.078182
23944,337.404971236821,-31.607708635359543,122240.898438,0.5092183217189928,56838.29002798488,20.32266,0.10536
23944,337.404971236821,-31.607708635359543,122240.898438,0.5092183217189928,56840.1856469498,20.509583,0.237897
23944,337.404971236821,-31.607708635359543,122240.898438,0.5092183217189928,56840.2686387063,19.620959,0.14917
23944,337.404971236821,-31.607708635359543,122240.898438,0.5092183217189928,56840.26980760461,19.622533,0.090973
23944,337.404971236821,-31.607708635359543,122240.898438,0.5092183217189928,56842.34923999803,19.968886,0.139269
23944,337.404971236821,-31.607708635359543,122240.898438,0.5092183217189928,56842.350408893544,20.084769,0.125632
23944,337.404971236821,-31.607708635359543,122240.898438,0.5092183217189928,56844.28143367125,19.921682,0.099637
23944,337.404971236821,-31.607708635359543,122240.898438,0.5092183217189928,56844.28261413751,20.008733,0.102504
23944,337.404971236821,-31.607708635359543,122240.898438,0.5092183217189928,56844.42589032464,19.950493,0.092972
23944,337.404971236821,-31.607708635359543,122240.898438,0.5092183217189928,56844.42705921689,20.161741,0.162257
23944,337.404971236821,-31.607708635359543,122240.898438,0.5092183217189928,56856.14647868695,20.313261,0.125821
23944,337.404971236821,-31.607708635359543,122240.898438,0.5092183217189928,56856.147659141105,20.249111,0.122088
23944,337.404971236821,-31.607708635359543,122240.898438,0.5092183217189928,56856.241991310846,20.492551,0.14905
23944,337.404971236821,-31.607708635359543,122240.898438,0.5092183217189928,56856.24316019146,20.514197,0.182481
23944,337.404971236821,-31.607708635359543,122240.898438,0.5092183217189928,56858.14048421476,19.937736,0.129927
23944,337.404971236821,-31.607708635359543,122240.898438,0.5092183217189928,56858.141653093975,19.814644,0.134508
23944,337.404971236821,-31.607708635359543,122240.898438,0.5092183217189928,56858.23747805972,20.378879,0.124508
23944,337.404971236821,-31.607708635359543,122240.898438,0.5092183217189928,56858.23864693893,20.372436,0.102488
23944,337.404971236821,-31.607708635359543,122240.898438,0.5092183217189928,57295.02890509041,19.751514,0.134495
23944,337.404971236821,-31.607708635359543,122240.898438,0.5092183217189928,57299.04209124064,19.596932,0.194681
23944,337.404971236821,-31.607708635359543,122240.898438,0.5092183217189928,57299.12679705629,19.858361,0.1422
23944,337.404971236821,-31.607708635359543,122240.898438,0.5092183217189928,57303.1080971756,19.88579,0.179073
24162,340.19814375877,-33.38452806034228,120046.914062,0.3594969670448643,55421.18497182615,20.18766,0.097812
24162,340.19814375877,-33.38452806034228,120046.914062,0.3594969670448643,55421.271144333296,20.112714,0.167023
24162,340.19814375877,-33.38452806034228,120046.914062,0.3594969670448643,55446.0062969001,20.297844,0.107761
24162,340.19814375877,-33.38452806034228,120046.914062,0.3594969670448643,55446.088928764686,20.024558,0.07994
24162,340.19814375877,-33.38452806034228,120046.914062,0.3594969670448643,55446.20639563957,20.603319,0.112377
24162,340.19814375877,-33.38452806034228,120046.914062,0.3594969670448643,55451.28633274976,20.470624,0.092878
24162,340.19814375877,-33.38452806034228,120046.914062,0.3594969670448643,55453.057278553955,20.41221,0.086844
24162,340.19814375877,-33.38452806034228,120046.914062,0.3594969670448643,55453.17673665378,20.120761,0.075032
24162,340.19814375877,-33.38452806034228,120046.914062,0.3594969670448643,55453.28037426155,20.201354,0.106769
24162,340.19814375877,-33.38452806034228,120046.914062,0.3594969670448643,56435.394852251746,19.771533,0.230986
24162,340.19814375877,-33.38452806034228,120046.914062,0.3594969670448643,56506.17925839452,19.89055,0.107422
24162,340.19814375877,-33.38452806034228,120046.914062,0.3594969670448643,56506.26323218597,20.132945,0.14709
24162,340.19814375877,-33.38452806034228,120046.914062,0.3594969670448643,56508.17367008841,20.616499,0.159839
24162,340.19814375877,-33.38452806034228,120046.914062,0.3594969670448643,56508.25840764912,20.529385,0.193174
24162,340.19814375877,-33.38452806034228,120046.914062,0.3594969670448643,56518.23053564178,20.677509,0.156894
24162,340.19814375877,-33.38452806034228,120046.914062,0.3594969670448643,56518.31390748499,20.730292,0.190378
24162,340.19814375877,-33.38452806034228,120046.914062,0.3594969670448643,56520.134547686204,20.326711,0.190917
24162,340.19814375877,-33.38452806034228,120046.914062,0.3594969670448643,56520.22555771237,19.904334,0.156853
24162,340.19814375877,-33.38452806034228,120046.914062,0.3594969670448643,56578.062037435826,19.768408,0.155913
24162,340.19814375877,-33.38452806034228,120046.914062,0.3594969670448643,56805.31566197006,19.91374,0.110162
24162,340.19814375877,-33.38452806034228,120046.914062,0.3594969670448643,56809.303378260694,20.073415,0.114982
24162,340.19814375877,-33.38452806034228,120046.914062,0.3594969670448643,56809.377542910166,20.150565,0.108968
24162,340.19814375877,-33.38452806034228,120046.914062,0.3594969670448643,56815.29498276673,20.094612,0.14709
24162,340.19814375877,-33.38452806034228,120046.914062,0.3594969670448643,56815.41220075311,20.120565,0.1422
24162,340.19814375877,-33.38452806034228,120046.914062,0.3594969670448643,56825.42689352995,19.742123,0.168687
24162,340.19814375877,-33.38452806034228,120046.914062,0.3594969670448643,56829.433046824764,20.007875,0.101533
24162,340.19814375877,-33.38452806034228,120046.914062,0.3594969670448643,56829.44100934453,20.052263,0.125736
24162,340.19814375877,-33.38452806034228,120046.914062,0.3594969670448643,56831.22234334843,20.009611,0.115947
24162,340.19814375877,-33.38452806034228,120046.914062,0.3594969670448643,56831.314016273245,20.387389,0.159839
24162,340.19814375877,-33.38452806034228,120046.914062,0.3594969670448643,56832.42799018836,20.730171,0.175582
24162,340.19814375877,-33.38452806034228,120046.914062,0.3594969670448643,56834.4242232712,19.74087,0.085439
24162,340.19814375877,-33.38452806034228,120046.914062,0.3594969670448643,56836.32233286323,20.33352,0.143177
24162,340.19814375877,-33.38452806034228,120046.914062,0.3594969670448643,56836.385638987646,20.705607,0.180508
24162,340.19814375877,-33.38452806034228,120046.914062,0.3594969670448643,56838.31568656117,20.208238,0.094866
24162,340.19814375877,-33.38452806034228,120046.914062,0.3594969670448643,56838.41923291981,20.02326,0.090139
24162,340.19814375877,-33.38452806034228,120046.914062,0.3594969670448643,56840.42521991627,20.646604,0.192354
24162,340.19814375877,-33.38452806034228,120046.914062,0.3594969670448643,56844.28383558337,20.489436,0.133414
24162,340.19814375877,-33.38452806034228,120046.914062,0.3594969670448643,56844.42477438459,20.181636,0.128549
24162,340.19814375877,-33.38452806034228,120046.914062,0.3594969670448643,56848.40755466558,20.343228,0.138291
24162,340.19814375877,-33.38452806034228,120046.914062,0.3594969670448643,56856.29008169938,20.02486,0.137316
24162,340.19814375877,-33.38452806034228,120046.914062,0.3594969670448643,56858.1452960372,20.001836,0.096767
24162,340.19814375877,-33.38452806034228,120046.914062,0.3594969670448643,56858.2399176443,20.073717,0.114665
24162,340.19814375877,-33.38452806034228,120046.914062,0.3594969670448643,56930.12858391227,20.076389,0.110162
24162,340.19814375877,-33.38452806034228,120046.914062,0.3594969670448643,56930.21222451236,20.479713,0.137316
24162,340.19814375877,-33.38452806034228,120046.914062,0.3594969670448643,57283.01927179564,20.349962,0.231214
24162,340.19814375877,-33.38452806034228,120046.914062,0.3594969670448643,57295.044403815176,20.158023,0.170756
24162,340.19814375877,-33.38452806034228,120046.914062,0.3594969670448643,57303.13677044492,20.472858,0.191364
24162,340.19814375877,-33.38452806034228,120046.914062,0.3594969670448643,57307.13422153378,20.059917,0.206317
24162,340.19814375877,-33.38452806034228,120046.914062,0.3594969670448643,57311.05636276724,19.946049,0.204474
24162,340.19814375877,-33.38452806034228,120046.914062,0.3594969670448643,57311.14535214333,19.879634,0.137316
24615,346.67750816972807,-37.988039271676115,141051.984375,0.5028083054865397,55454.18886208115,21.263375,0.28341
24615,346.67750816972807,-37.988039271676115,141051.984375,0.5028083054865397,55455.01187787019,20.519928,0.383992
24615,346.67750816972807,-37.988039271676115,141051.984375,0.5028083054865397,55455.09595712088,20.816969,0.276016
24615,346.67750816972807,-37.988039271676115,141051.984375,0.5028083054865397,56151.117805440444,20.932361,0.239326
24615,346.67750816972807,-37.988039271676115,141051.984375,0.5028083054865397,56151.277606150135,20.155663,0.2623
24615,346.67750816972807,-37.988039271676115,141051.984375,0.5028083054865397,56151.36198527552,20.493358,0.234042
24615,346.67750816972807,-37.988039271676115,141051.984375,0.5028083054865397,56431.33178397827,20.26453,0.343145
24615,346.67750816972807,-37.988039271676115,141051.984375,0.5028083054865397,56431.38580003986,20.448272,0.20817
24615,346.67750816972807,-37.988039271676115,141051.984375,0.5028083054865397,56433.32957676798,20.057031,0.320763
24615,346.67750816972807,-37.988039271676115,141051.984375,0.5028083054865397,56445.37171810586,20.043825,0.203634
24615,346.67750816972807,-37.988039271676115,141051.984375,0.5028083054865397,56447.367548564915,20.384152,0.246123
24615,346.67750816972807,-37.988039271676115,141051.984375,0.5028083054865397,56506.20981432684,19.82078,0.28024
24615,346.67750816972807,-37.988039271676115,141051.984375,0.5028083054865397,56508.20413351152,20.274317,0.327514
24615,346.67750816972807,-37.988039271676115,141051.984375,0.5028083054865397,56510.39694105135,20.759644,0.323027
24615,346.67750816972807,-37.988039271676115,141051.984375,0.5028083054865397,56514.418116935994,20.456956,0.26118
24615,346.67750816972807,-37.988039271676115,141051.984375,0.5028083054865397,56516.27385630552,19.78899,0.233437
24615,346.67750816972807,-37.988039271676115,141051.984375,0.5028083054865397,56516.35412700474,20.433423,0.302185
24615,346.67750816972807,-37.988039271676115,141051.984375,0.5028083054865397,56518.38752386486,20.467553,0.352026
24615,346.67750816972807,-37.988039271676115,141051.984375,0.5028083054865397,56520.265818439424,20.307164,0.37928
24615,346.67750816972807,-37.988039271676115,141051.984375,0.5028083054865397,56807.37759613013,20.608503,0.290111
24615,346.67750816972807,-37.988039271676115,141051.984375,0.5028083054865397,56811.30162126012,20.753187,0.184456
24615,346.67750816972807,-37.988039271676115,141051.984375,0.5028083054865397,56815.36801585555,20.944825,0.289081
24615,346.67750816972807,-37.988039271676115,141051.984375,0.5028083054865397,56817.35955064092,20.888423,0.221729
24615,346.67750816972807,-37.988039271676115,141051.984375,0.5028083054865397,56834.234466634225,20.671969,0.300401
24615,346.67750816972807,-37.988039271676115,141051.984375,0.5028083054865397,56838.222687811125,20.375221,0.216156
24615,346.67750816972807,-37.988039271676115,141051.984375,0.5028083054865397,56838.306861045305,20.843202,0.248096
24615,346.67750816972807,-37.988039271676115,141051.984375,0.5028083054865397,56844.256105617154,20.595656,0.203044
24615,346.67750816972807,-37.988039271676115,141051.984375,0.5028083054865397,56844.34114630334,20.955602,0.225473
24615,346.67750816972807,-37.988039271676115,141051.984375,0.5028083054865397,56846.31938178744,20.732782,0.186603
24615,346.67750816972807,-37.988039271676115,141051.984375,0.5028083054865397,56856.171792156994,20.107832,0.253559
24615,346.67750816972807,-37.988039271676115,141051.984375,0.5028083054865397,56856.255466291215,20.33,0.16947
24615,346.67750816972807,-37.988039271676115,141051.984375,0.5028083054865397,56858.1634781491,20.23886,0.205538
24615,346.67750816972807,-37.988039271676115,141051.984375,0.5028083054865397,56858.24616843928,20.145179,0.18403
24615,346.67750816972807,-37.988039271676115,141051.984375,0.5028083054865397,56916.18355652876,20.562719,0.293635
24615,346.67750816972807,-37.988039271676115,141051.984375,0.5028083054865397,56943.10893015936,20.738946,0.213646
24615,346.67750816972807,-37.988039271676115,141051.984375,0.5028083054865397,56949.02891877573,20.925882,0.22382
24615,346.67750816972807,-37.988039271676115,141051.984375,0.5028083054865397,56949.112214148976,20.998686,0.238531
24615,346.67750816972807,-37.988039271676115,141051.984375,0.5028083054865397,56951.113169381395,20.965884,0.208438
24615,346.67750816972807,-37.988039271676115,141051.984375,0.5028083054865397,56955.03175452631,20.966536,0.23263
24615,346.67750816972807,-37.988039271676115,141051.984375,0.5028083054865397,56955.11488857865,21.144338,0.248355
24615,346.67750816972807,-37.988039271676115,141051.984375,0.5028083054865397,57295.15520297736,20.108147,0.200668
24615,346.67750816972807,-37.988039271676115,141051.984375,0.5028083054865397,57299.16963517945,20.369889,0.257218
25068,353.2482871837169,-38.340705954837006,122291.046875,0.2875796195153025,56232.01765755797,20.505272,0.218072
25068,353.2482871837169,-38.340705954837006,122291.046875,0.2875796195153025,56236.11670575943,20.279931,0.193341
25068,353.2482871837169,-38.340705954837006,122291.046875,0.2875796195153025,56238.03497965727,20.285585,0.190378
25068,353.2482871837169,-38.340705954837006,122291.046875,0.2875796195153025,56445.30756312935,20.04166,0.195318
25068,353.2482871837169,-38.340705954837006,122291.046875,0.2875796195153025,56506.22013294231,20.362861,0.21411
25068,353.2482871837169,-38.340705954837006,122291.046875,0.2875796195153025,56508.13729145238,20.466108,0.181494
25068,353.2482871837169,-38.340705954837006,122291.046875,0.2875796195153025,56508.22172897309,20.289934,0.154931
25068,353.2482871837169,-38.340705954837006,122291.046875,0.2875796195153025,56510.356020526495,20.22194,0.134391
25068,353.2482871837169,-38.340705954837006,122291.046875,0.2875796195153025,56514.389595128596,20.28468,0.198281
25068,353.2482871837169,-38.340705954837006,122291.046875,0.2875796195153025,56516.2754657059,20.415579,0.175581
25068,353.2482871837169,-38.340705954837006,122291.046875,0.2875796195153025,56518.406765857246,20.111425,0.168687
25068,353.2482871837169,-38.340705954837006,122291.046875,0.2875796195153025,56520.30617526034,20.381144,0.174596
25068,353.2482871837169,-38.340705954837006,122291.046875,0.2875796195153025,56805.320134262554,19.991501,0.239885
25068,353.2482871837169,-38.340705954837006,122291.046875,0.2875796195153025,56809.3513073097,20.19922,0.179197
25068,353.2482871837169,-38.340705954837006,122291.046875,0.2875796195153025,56809.39755669003,20.110082,0.146112
25068,353.2482871837169,-38.340705954837006,122291.046875,0.2875796195153025,56815.36917563155,20.315213,0.202236
25068,353.2482871837169,-38.340705954837006,122291.046875,0.2875796195153025,56817.3785732016,20.141841,0.161805
25068,353.2482871837169,-38.340705954837006,122291.046875,0.2875796195153025,56831.248607893474,20.00416,0.21114
25068,353.2482871837169,-38.340705954837006,122291.046875,0.2875796195153025,56834.28151444998,20.566766,0.21114
25068,353.2482871837169,-38.340705954837006,122291.046875,0.2875796195153025,56836.275827600155,20.538345,0.206193
25068,353.2482871837169,-38.340705954837006,122291.046875,0.2875796195153025,56836.35924938135,20.262651,0.164754
25068,353.2482871837169,-38.340705954837006,122291.046875,0.2875796195153025,56838.26893231133,20.453955,0.175779
25068,353.2482871837169,-38.340705954837006,122291.046875,0.2875796195153025,56838.35285155382,20.385844,0.270937
25068,353.2482871837169,-38.340705954837006,122291.046875,0.2875796195153025,56840.38019720977,20.458801,0.190464
25068,353.2482871837169,-38.340705954837006,122291.046875,0.2875796195153025,56844.25989637431,20.220315,0.283651
25068,353.2482871837169,-38.340705954837006,122291.046875,0.2875796195153025,56844.34253039956,20.629156,0.221044
25068,353.2482871837169,-38.340705954837006,122291.046875,0.2875796195153025,56846.418007686734,20.452739,0.195318
25068,353.2482871837169,-38.340705954837006,122291.046875,0.2875796195153025,56858.21283191303,20.381884,0.192518
25068,353.2482871837169,-38.340705954837006,122291.046875,0.2875796195153025,56858.29626338417,20.240018,0.200258
25068,353.2482871837169,-38.340705954837006,122291.046875,0.2875796195153025,56943.04598405957,20.372971,0.178538
25068,353.2482871837169,-38.340705954837006,122291.046875,0.2875796195153025,56949.13499571895,20.205,0.14905
25068,353.2482871837169,-38.340705954837006,122291.046875,0.2875796195153025,56951.07178712776,20.352479,0.178538
25068,353.2482871837169,-38.340705954837006,122291.046875,0.2875796195153025,56951.15486235544,20.065888,0.147091
25068,353.2482871837169,-38.340705954837006,122291.046875,0.2875796195153025,56955.07350514503,20.421631,0.173611
25068,353.2482871837169,-38.340705954837006,122291.046875,0.2875796195153025,56955.15632619709,20.279455,0.291252
25301,357.6381783137397,-51.839040046361816,142972.078125,0.5150515437560222,55825.01465625968,20.595784,0.107568
25301,357.6381783137397,-51.839040046361816,142972.078125,0.5150515437560222,55825.09740609676,20.644236,0.09215
25301,357.6381783137397,-51.839040046361816,142972.078125,0.5150515437560222,55825.102556261234,20.619026,0.078368
25301,357.6381783137397,-51.839040046361816,142972.078125,0.5150515437560222,55825.18087348994,20.726384,0.102775
25301,357.6381783137397,-51.839040046361816,142972.078125,0.5150515437560222,55825.186000508256,20.556258,0.072316
25301,357.6381783137397,-51.839040046361816,142972.078125,0.5150515437560222,55825.18856980419,20.477832,0.108049
25301,357.6381783137397,-51.839040046361816,142972.078125,0.5150515437560222,55826.18377884198,20.518805,0.091419
25301,357.6381783137397,-51.839040046361816,142972.078125,0.5150515437560222,55828.07521166466,20.648726,0.103731
25301,357.6381783137397,-51.839040046361816,142972.078125,0.5150515437560222,55828.082907995675,20.352154,0.103594
25301,357.6381783137397,-51.839040046361816,142972.078125,0.5150515437560222,55828.16373684071,20.614589,0.091648
25301,357.6381783137397,-51.839040046361816,142972.078125,0.5150515437560222,55828.171421599574,20.537346,0.087879
25301,357.6381783137397,-51.839040046361816,142972.078125,0.5150515437560222,55828.24816502817,20.550798,0.094672
25301,357.6381783137397,-51.839040046361816,142972.078125,0.5150515437560222,55828.255838213954,20.631975,0.113438
25301,357.6381783137397,-51.839040046361816,142972.078125,0.5150515437560222,56160.18344195094,20.735399,0.1092
25301,357.6381783137397,-51.839040046361816,142972.078125,0.5150515437560222,56160.26711654151,20.636253,0.135366
25301,357.6381783137397,-51.839040046361816,142972.078125,0.5150515437560222,56160.34736545058,20.569551,0.093918
25301,357.6381783137397,-51.839040046361816,142972.078125,0.5150515437560222,56161.20335772773,20.729101,0.141221
25301,357.6381783137397,-51.839040046361816,142972.078125,0.5150515437560222,56161.38079880737,20.443634,0.131467
25301,357.6381783137397,-51.839040046361816,142972.078125,0.5150515437560222,56180.04887199169,20.342354,0.193341
25301,357.6381783137397,-51.839040046361816,142972.078125,0.5150515437560222,56180.131574984174,20.732691,0.161805
25301,357.6381783137397,-51.839040046361816,142972.078125,0.5150515437560222,56180.1341326898,20.715023,0.147091
25301,357.6381783137397,-51.839040046361816,142972.078125,0.5150515437560222,56180.228015521076,20.69156,0.134389
25301,357.6381783137397,-51.839040046361816,142972.078125,0.5150515437560222,56180.23058479978,20.580294,0.107279
25301,357.6381783137397,-51.839040046361816,142972.078125,0.5150515437560222,56181.05714048073,20.465113,0.111124
25301,357.6381783137397,-51.839040046361816,142972.078125,0.5150515437560222,56181.140422187746,20.575681,0.114076
25301,357.6381783137397,-51.839040046361816,142972.078125,0.5150515437560222,56181.226643525064,20.715482,0.120897
25301,357.6381783137397,-51.839040046361816,142972.078125,0.5150515437560222,56864.425626043696,20.55138,0.155895
25301,357.6381783137397,-51.839040046361816,142972.078125,0.5150515437560222,56870.31748189498,20.757874,0.158856
25301,357.6381783137397,-51.839040046361816,142972.078125,0.5150515437560222,56872.228842200246,20.706343,0.171641
25301,357.6381783137397,-51.839040046361816,142972.078125,0.5150515437560222,56872.31404459011,20.492739,0.190611
25301,357.6381783137397,-51.839040046361816,142972.078125,0.5150515437560222,56874.358484723605,20.597177,0.128549
25301,357.6381783137397,-51.839040046361816,142972.078125,0.5150515437560222,56874.41412895918,20.693191,0.150028
25301,357.6381783137397,-51.839040046361816,142972.078125,0.5150515437560222,56886.35366009362,20.664065,0.180509
25301,357.6381783137397,-51.839040046361816,142972.078125,0.5150515437560222,56888.35211649723,20.862295,0.180509
25301,357.6381783137397,-51.839040046361816,142972.078125,0.5150515437560222,56888.404103518,20.909301,0.187416
25301,357.6381783137397,-51.839040046361816,142972.078125,0.5150515437560222,56890.35270266747,20.556981,0.144156
25401,359.61870198657584,-51.42658006646289,134438.875,0.5272268745112167,55825.017329995055,20.341479,0.151753
25401,359.61870198657584,-51.42658006646289,134438.875,0.5272268745112167,55825.100091333035,20.415064,0.155148
25401,359.61870198657584,-51.42658006646289,134438.875,0.5272268745112167,55825.18355865311,20.493407,0.111227
25401,359.61870198657584,-51.42658006646289,134438.875,0.5272268745112167,55828.07788255997,20.464535,0.091742
25401,359.61870198657584,-51.42658006646289,134438.875,0.5272268745112167,55828.16640764894,20.347314,0.100763
25401,359.61870198657584,-51.42658006646289,134438.875,0.5272268745112167,55828.25083575258,20.409904,0.078
25401,359.61870198657584,-51.42658006646289,134438.875,0.5272268745112167,56160.18356696097,20.83345,0.124661
25401,359.61870198657584,-51.42658006646289,134438.875,0.5272268745112167,56160.18613622291,20.48347,0.143405
25401,359.61870198657584,-51.42658006646289,134438.875,0.5272268745112167,56160.267241575755,20.42691,0.115947
25401,359.61870198657584,-51.42658006646289,134438.875,0.5272268745112167,56160.26981083769,20.457839,0.209905
25401,359.61870198657584,-51.42658006646289,134438.875,0.5272268745112167,56160.3500481965,20.361657,0.161914
25401,359.61870198657584,-51.42658006646289,134438.875,0.5272268745112167,56161.20604070276,20.51758,0.148045
25401,359.61870198657584,-51.42658006646289,134438.875,0.5272268745112167,56161.33489730721,20.414428,0.206194
25401,359.61870198657584,-51.42658006646289,134438.875,0.5272268745112167,56161.3834818257,20.278976,0.181679
25401,359.61870198657584,-51.42658006646289,134438.875,0.5272268745112167,56178.13475707825,20.525119,0.209162
25401,359.61870198657584,-51.42658006646289,134438.875,0.5272268745112167,56179.06348068314,20.583313,0.14521
25401,359.61870198657584,-51.42658006646289,134438.875,0.5272268745112167,56179.148625563364,20.639912,0.131468
25401,359.61870198657584,-51.42658006646289,134438.875,0.5272268745112167,56179.23205759702,20.328878,0.171214
25401,359.61870198657584,-51.42658006646289,134438.875,0.5272268745112167,56180.13169794995,20.694504,0.185442
25401,359.61870198657584,-51.42658006646289,134438.875,0.5272268745112167,56181.044462873135,20.450271,0.152271
25401,359.61870198657584,-51.42658006646289,134438.875,0.5272268745112167,56181.05983225163,20.478046,0.150851
25401,359.61870198657584,-51.42658006646289,134438.875,0.5272268745112167,56181.127732961904,20.437621,0.145903
25401,359.61870198657584,-51.42658006646289,134438.875,0.5272268745112167,56181.143113913946,20.641792,0.107279
25401,359.61870198657584,-51.42658006646289,134438.875,0.5272268745112167,56181.21391953295,20.701063,0.179129
25401,359.61870198657584,-51.42658006646289,134438.875,0.5272268745112167,56181.22932363255,20.465181,0.146524
25401,359.61870198657584,-51.42658006646289,134438.875,0.5272268745112167,56864.37891641492,20.60171,0.154932
25401,359.61870198657584,-51.42658006646289,134438.875,0.5272268745112167,56864.410511564,20.692712,0.15199
25401,359.61870198657584,-51.42658006646289,134438.875,0.5272268745112167,56870.23311967589,20.656213,0.152013
25401,359.61870198657584,-51.42658006646289,134438.875,0.5272268745112167,56870.31877356535,20.73811,0.156894
25401,359.61870198657584,-51.42658006646289,134438.875,0.5272268745112167,56870.436913665384,20.362235,0.247636
25401,359.61870198657584,-51.42658006646289,134438.875,0.5272268745112167,56872.23013581149,20.467404,0.130495
25401,359.61870198657584,-51.42658006646289,134438.875,0.5272268745112167,56872.31532671163,20.626205,0.167782
25401,359.61870198657584,-51.42658006646289,134438.875,0.5272268745112167,56872.37503325194,20.829485,0.215101
25401,359.61870198657584,-51.42658006646289,134438.875,0.5272268745112167,56872.407253257465,20.512362,0.228513
25401,359.61870198657584,-51.42658006646289,134438.875,0.5272268745112167,56874.35978034558,20.433441,0.142736
25401,359.61870198657584,-51.42658006646289,134438.875,0.5272268745112167,56874.398990586866,20.570037,0.165731
25401,359.61870198657584,-51.42658006646289,134438.875,0.5272268745112167,56876.42093303008,20.391028,0.139022
25401,359.61870198657584,-51.42658006646289,134438.875,0.5272268745112167,56884.383356586564,20.435418,0.19334
25401,359.61870198657584,-51.42658006646289,134438.875,0.5272268745112167,56886.35495236935,20.324649,0.129522
25401,359.61870198657584,-51.42658006646289,134438.875,0.5272268745112167,56886.392611725256,20.402865,0.144154
25401,359.61870198657584,-51.42658006646289,134438.875,0.5272268745112167,56888.35340961395,20.539325,0.142772
25401,359.61870198657584,-51.42658006646289,134438.875,0.5272268745112167,56890.35399646917,20.694249,0.162787
25401,359.61870198657584,-51.42658006646289,134438.875,0.5272268745112167,56890.390857275575,20.534361,0.208172
25401,359.61870198657584,-51.42658006646289,134438.875,0.5272268745112167,56895.281251876615,20.584263,0.160822
25401,359.61870198657584,-51.42658006646289,134438.875,0.5272268745112167,56903.27526869299,20.330768,0.139268
25401,359.61870198657584,-51.42658006646289,134438.875,0.5272268745112167,56903.34937243536,20.621623,0.158214
25401,359.61870198657584,-51.42658006646289,134438.875,0.5272268745112167,56920.20590602141,20.414819,0.161804
25401,359.61870198657584,-51.42658006646289,134438.875,0.5272268745112167,56920.28895666078,20.481992,0.213512
25401,359.61870198657584,-51.42658006646289,134438.875,0.5272268745112167,56924.19451817544,20.325951,0.174594
25401,359.61870198657584,-51.42658006646289,134438.875,0.5272268745112167,56924.277835248504,20.205822,0.146111
25401,359.61870198657584,-51.42658006646289,134438.875,0.5272268745112167,56926.18939589942,20.445209,0.127577
25401,359.61870198657584,-51.42658006646289,134438.875,0.5272268745112167,56928.183825468644,20.490832,0.13845
25401,359.61870198657584,-51.42658006646289,134438.875,0.5272268745112167,56928.26750158798,20.660619,0.158858
25401,359.61870198657584,-51.42658006646289,134438.875,0.5272268745112167,56930.33911817754,20.847431,0.223025
25401,359.61870198657584,-51.42658006646289,134438.875,0.5272268745112167,56932.17213919852,20.206821,0.235454
25401,359.61870198657584,-51.42658006646289,134438.875,0.5272268745112167,56932.254797139205,20.325559,0.130495
