,Unnamed: 0,star_id,ra,dec,dist,period,time,mag,mag_err
354,354,591,13.06916373,-31.17999115,132027.6875,0.6890466088477385,56185.32287511835,20.173664,0.111255
355,355,591,13.06916373,-31.17999115,132027.6875,0.6890466088477385,56185.36547569558,20.172289,0.169042
356,356,591,13.06916373,-31.17999115,132027.6875,0.6890466088477385,56211.18275326071,20.824444,0.242941
357,357,591,13.06916373,-31.17999115,132027.6875,0.6890466088477385,56211.26746931858,20.835517,0.033541
358,358,591,13.06916373,-31.17999115,132027.6875,0.6890466088477385,56246.0789122642,20.521963,0.151619
359,359,591,13.06916373,-31.17999115,132027.6875,0.6890466088477385,56250.151603832375,20.475994,0.215367
360,360,591,13.06916373,-31.17999115,132027.6875,0.6890466088477385,56508.29959214712,20.484348,0.270514
361,361,591,13.06916373,-31.17999115,132027.6875,0.6890466088477385,56510.38138523372,20.175552,0.10782
362,362,591,13.06916373,-31.17999115,132027.6875,0.6890466088477385,56510.417713779025,20.211552,0.179161
363,363,591,13.06916373,-31.17999115,132027.6875,0.6890466088477385,56514.36211448395,20.739711,0.115814
364,364,591,13.06916373,-31.17999115,132027.6875,0.6890466088477385,56514.399727538694,20.783309,0.200693
365,365,591,13.06916373,-31.17999115,132027.6875,0.6890466088477385,56516.37350866385,20.054155,0.168953
366,366,591,13.06916373,-31.17999115,132027.6875,0.6890466088477385,56516.41667681048,20.920432,0.151693
367,367,591,13.06916373,-31.17999115,132027.6875,0.6890466088477385,56518.35807310138,20.398708,0.184126
368,368,591,13.06916373,-31.17999115,132027.6875,0.6890466088477385,56560.25057708984,20.19572,0.196105
369,369,591,13.06916373,-31.17999115,132027.6875,0.6890466088477385,56562.2283786973,20.273338,0.13467
370,370,591,13.06916373,-31.17999115,132027.6875,0.6890466088477385,56568.212727648206,20.712353,0.131699
371,371,591,13.06916373,-31.17999115,132027.6875,0.6890466088477385,56570.207179284655,20.451627,0.184388
372,372,591,13.06916373,-31.17999115,132027.6875,0.6890466088477385,56576.19028345356,20.363766,0.10094
373,373,591,13.06916373,-31.17999115,132027.6875,0.6890466088477385,56618.067895328626,20.643511,0.243464
374,374,591,13.06916373,-31.17999115,132027.6875,0.6890466088477385,56620.147600786295,20.57254,0.164121
375,375,591,13.06916373,-31.17999115,132027.6875,0.6890466088477385,56622.05870460021,20.427199,0.174018
376,376,591,13.06916373,-31.17999115,132027.6875,0.6890466088477385,56622.1430662889,20.525831,0.270634
377,377,591,13.06916373,-31.17999115,132027.6875,0.6890466088477385,56626.05217499193,20.76151,0.238435
378,378,591,13.06916373,-31.17999115,132027.6875,0.6890466088477385,56628.03730997769,20.355639,0.174003
379,379,591,13.06916373,-31.17999115,132027.6875,0.6890466088477385,56628.12154506473,20.669178,0.136541
380,380,591,13.06916373,-31.17999115,132027.6875,0.6890466088477385,56630.035818484146,20.711159,0.111245
381,381,591,13.06916373,-31.17999115,132027.6875,0.6890466088477385,56630.118757525925,20.76796,0.132227
382,382,591,13.06916373,-31.17999115,132027.6875,0.6890466088477385,56832.43238606071,20.530635,0.224962
383,383,591,13.06916373,-31.17999115,132027.6875,0.6890466088477385,56836.31924758153,20.250738,0.133289
384,384,591,13.06916373,-31.17999115,132027.6875,0.6890466088477385,56836.38501008041,19.937668,0.148764
385,385,591,13.06916373,-31.17999115,132027.6875,0.6890466088477385,56838.38065945823,20.389448,0.173132
386,386,591,13.06916373,-31.17999115,132027.6875,0.6890466088477385,56840.36403510673,20.927683,0.170714
387,387,591,13.06916373,-31.17999115,132027.6875,0.6890466088477385,56840.40629092092,20.346832,0.148656
388,388,591,13.06916373,-31.17999115,132027.6875,0.6890466088477385,56844.366185717285,19.959995,0.081598
389,389,591,13.06916373,-31.17999115,132027.6875,0.6890466088477385,56846.33746225573,20.251494,0.158756
390,390,591,13.06916373,-31.17999115,132027.6875,0.6890466088477385,56846.39337465819,20.428831,0.178696
391,391,591,13.06916373,-31.17999115,132027.6875,0.6890466088477385,56856.34810170205,20.113237,0.140052
392,392,591,13.06916373,-31.17999115,132027.6875,0.6890466088477385,56858.274350268766,20.670945,0.276356
393,393,591,13.06916373,-31.17999115,132027.6875,0.6890466088477385,56970.01510985289,20.214588,0.161914
394,394,591,13.06916373,-31.17999115,132027.6875,0.6890466088477385,56972.02335787099,20.504122,0.192755
395,395,591,13.06916373,-31.17999115,132027.6875,0.6890466088477385,56972.106734069064,20.375942,0.128175
396,396,591,13.06916373,-31.17999115,132027.6875,0.6890466088477385,56974.0179194212,20.697261,0.2401
397,397,591,13.06916373,-31.17999115,132027.6875,0.6890466088477385,56976.063606971875,20.491161,0.200375
398,398,591,13.06916373,-31.17999115,132027.6875,0.6890466088477385,56978.02077289438,20.273021,0.185851
399,399,591,13.06916373,-31.17999115,132027.6875,0.6890466088477385,56980.06397139002,20.786964,0.218835
400,400,591,13.06916373,-31.17999115,132027.6875,0.6890466088477385,56980.14793873113,20.655204,0.221741
401,401,591,13.06916373,-31.17999115,132027.6875,0.6890466088477385,56982.14879475022,20.638692,0.219417
438,438,664,14.646698808188509,-35.06128164488754,155703.15625,0.4978702508964349,55449.1771163661,21.357632,0.144841
439,439,664,14.646698808188509,-35.06128164488754,155703.15625,0.4978702508964349,55449.26786138909,21.209221,0.139659
440,440,664,14.646698808188509,-35.06128164488754,155703.15625,0.4978702508964349,55449.35176668363,20.870998,0.113413
441,441,664,14.646698808188509,-35.06128164488754,155703.15625,0.4978702508964349,55476.053146436345,21.147822,0.154147
442,442,664,14.646698808188509,-35.06128164488754,155703.15625,0.4978702508964349,55476.22824962437,20.875679,0.140735
443,443,664,14.646698808188509,-35.06128164488754,155703.15625,0.4978702508964349,55481.09442533227,21.104429,0.182536
444,444,664,14.646698808188509,-35.06128164488754,155703.15625,0.4978702508964349,56151.19279034482,21.066525,0.201466
445,445,664,14.646698808188509,-35.06128164488754,155703.15625,0.4978702508964349,56151.21866815956,21.2619,0.215102
446,446,664,14.646698808188509,-35.06128164488754,155703.15625,0.4978702508964349,56151.315790975,21.30547,0.193341
447,447,664,14.646698808188509,-35.06128164488754,155703.15625,0.4978702508964349,56250.06962650642,20.601518,0.165737
448,448,664,14.646698808188509,-35.06128164488754,155703.15625,0.4978702508964349,56568.21391877765,20.754245,0.179524
449,449,664,14.646698808188509,-35.06128164488754,155703.15625,0.4978702508964349,56622.0600861758,20.84527,0.217114
450,450,664,14.646698808188509,-35.06128164488754,155703.15625,0.4978702508964349,56836.43369879527,20.530731,0.185442
451,451,664,14.646698808188509,-35.06128164488754,155703.15625,0.4978702508964349,56955.20422847243,21.081957,0.177552
490,490,952,15.60243556,-30.1836727,120657.960938,0.7976832084029657,55449.17486120993,20.870982,0.290873
491,491,952,15.60243556,-30.1836727,120657.960938,0.7976832084029657,55449.34952244535,19.595207,0.033541
492,492,952,15.60243556,-30.1836727,120657.960938,0.7976832084029657,55476.04816709738,20.63432,0.503881
493,493,952,15.60243556,-30.1836727,120657.960938,0.7976832084029657,56203.18447407521,19.875519,0.093293
494,494,952,15.60243556,-30.1836727,120657.960938,0.7976832084029657,56205.1791892699,20.831398,0.285333
495,495,952,15.60243556,-30.1836727,120657.960938,0.7976832084029657,56234.06944190664,20.322965,0.254042
496,496,952,15.60243556,-30.1836727,120657.960938,0.7976832084029657,56236.09737964067,20.106939,0.139468
497,497,952,15.60243556,-30.1836727,120657.960938,0.7976832084029657,56236.18219011556,20.751616,0.314009
498,498,952,15.60243556,-30.1836727,120657.960938,0.7976832084029657,56244.169690476265,20.607189,0.309048
499,499,952,15.60243556,-30.1836727,120657.960938,0.7976832084029657,56246.07785457978,20.603405,0.277064
500,500,952,15.60243556,-30.1836727,120657.960938,0.7976832084029657,56248.07196932146,20.226945,0.255255
501,501,952,15.60243556,-30.1836727,120657.960938,0.7976832084029657,56248.15520704072,20.456626,0.355722
502,502,952,15.60243556,-30.1836727,120657.960938,0.7976832084029657,56250.06717718998,20.617546,0.105014
503,503,952,15.60243556,-30.1836727,120657.960938,0.7976832084029657,56508.29858779488,20.722413,0.221454
504,504,952,15.60243556,-30.1836727,120657.960938,0.7976832084029657,56518.3582747099,20.055924,0.122661
505,505,952,15.60243556,-30.1836727,120657.960938,0.7976832084029657,56562.22861080663,19.939217,0.033541
506,506,952,15.60243556,-30.1836727,120657.960938,0.7976832084029657,56832.43358087167,20.655008,0.187578
507,507,952,15.60243556,-30.1836727,120657.960938,0.7976832084029657,56836.3181089852,20.455424,0.364578
508,508,952,15.60243556,-30.1836727,120657.960938,0.7976832084029657,56836.38388332864,21.237086,0.246432
509,509,952,15.60243556,-30.1836727,120657.960938,0.7976832084029657,56838.4227576321,20.685923,0.138879
510,510,952,15.60243556,-30.1836727,120657.960938,0.7976832084029657,56840.36292463122,20.453634,0.238746
511,511,952,15.60243556,-30.1836727,120657.960938,0.7976832084029657,56840.416904887185,20.56446,0.238463
512,512,952,15.60243556,-30.1836727,120657.960938,0.7976832084029657,56844.280058998615,20.487158,0.134451
513,513,952,15.60243556,-30.1836727,120657.960938,0.7976832084029657,56844.36509132758,20.658409,0.112029
514,514,952,15.60243556,-30.1836727,120657.960938,0.7976832084029657,56846.410320132505,20.669404,0.236133
515,515,952,15.60243556,-30.1836727,120657.960938,0.7976832084029657,56848.41744269105,20.507283,0.205144
516,516,952,15.60243556,-30.1836727,120657.960938,0.7976832084029657,56856.34704143787,20.37894,0.284418
517,517,952,15.60243556,-30.1836727,120657.960938,0.7976832084029657,56970.01406407589,20.399218,0.097692
518,518,952,15.60243556,-30.1836727,120657.960938,0.7976832084029657,56972.02225880278,20.639153,0.09549
519,519,952,15.60243556,-30.1836727,120657.960938,0.7976832084029657,56972.10686150333,19.740784,0.139468
520,520,952,15.60243556,-30.1836727,120657.960938,0.7976832084029657,56976.146506236866,19.845908,0.100309
521,521,952,15.60243556,-30.1836727,120657.960938,0.7976832084029657,57283.313909702,19.933898,0.241612
620,620,1117,18.94356344,-33.06895223,128828.65625,0.6725815902767261,56183.36325645307,20.409272,0.183269
621,621,1117,18.94356344,-33.06895223,128828.65625,0.6725815902767261,56183.3917032429,20.359473,0.153949
622,622,1117,18.94356344,-33.06895223,128828.65625,0.6725815902767261,56195.32378183445,20.119171,0.125632
623,623,1117,18.94356344,-33.06895223,128828.65625,0.6725815902767261,56211.20170689607,20.373743,0.157875
624,624,1117,18.94356344,-33.06895223,128828.65625,0.6725815902767261,56211.28634200897,20.279979,0.159878
625,625,1117,18.94356344,-33.06895223,128828.65625,0.6725815902767261,56221.25949059939,20.445305,0.171641
626,626,1117,18.94356344,-33.06895223,128828.65625,0.6725815902767261,56234.080288342666,20.211314,0.139268
627,627,1117,18.94356344,-33.06895223,128828.65625,0.6725815902767261,56246.08874358609,20.500232,0.170655
628,628,1117,18.94356344,-33.06895223,128828.65625,0.6725815902767261,56508.30204770388,20.635929,0.136341
629,629,1117,18.94356344,-33.06895223,128828.65625,0.6725815902767261,56510.383855514694,20.750606,0.147091
630,630,1117,18.94356344,-33.06895223,128828.65625,0.6725815902767261,56510.411909357645,20.690484,0.149049
631,631,1117,18.94356344,-33.06895223,128828.65625,0.6725815902767261,56514.364600868896,20.66969,0.171641
632,632,1117,18.94356344,-33.06895223,128828.65625,0.6725815902767261,56514.40813972568,20.666621,0.175627
633,633,1117,18.94356344,-33.06895223,128828.65625,0.6725815902767261,56518.36058652913,20.871288,0.205203
634,634,1117,18.94356344,-33.06895223,128828.65625,0.6725815902767261,56518.400352353696,20.45341,0.151009
635,635,1117,18.94356344,-33.06895223,128828.65625,0.6725815902767261,56520.32669035019,20.339463,0.140863
636,636,1117,18.94356344,-33.06895223,128828.65625,0.6725815902767261,56568.2564254296,20.563144,0.153949
637,637,1117,18.94356344,-33.06895223,128828.65625,0.6725815902767261,56572.29584306571,20.703212,0.192353
638,638,1117,18.94356344,-33.06895223,128828.65625,0.6725815902767261,56576.369503106456,20.561297,0.194329
639,639,1117,18.94356344,-33.06895223,128828.65625,0.6725815902767261,56618.07761970023,20.710241,0.149049
640,640,1117,18.94356344,-33.06895223,128828.65625,0.6725815902767261,56620.07332547428,20.824838,0.220053
641,641,1117,18.94356344,-33.06895223,128828.65625,0.6725815902767261,56626.06069372408,20.442794,0.136341
642,642,1117,18.94356344,-33.06895223,128828.65625,0.6725815902767261,56626.14380549221,20.490068,0.16377
643,643,1117,18.94356344,-33.06895223,128828.65625,0.6725815902767261,56628.0470686499,20.501654,0.153949
644,644,1117,18.94356344,-33.06895223,128828.65625,0.6725815902767261,56630.1284705908,20.625751,0.159839
645,645,1117,18.94356344,-33.06895223,128828.65625,0.6725815902767261,56834.32745613484,20.413271,0.176565
646,646,1117,18.94356344,-33.06895223,128828.65625,0.6725815902767261,56836.42396817263,20.630096,0.160823
647,647,1117,18.94356344,-33.06895223,128828.65625,0.6725815902767261,56838.31486435933,20.400476,0.128549
648,648,1117,18.94356344,-33.06895223,128828.65625,0.6725815902767261,56838.38168034982,20.603469,0.139268
649,649,1117,18.94356344,-33.06895223,128828.65625,0.6725815902767261,56840.366238688584,20.488101,0.144153
650,650,1117,18.94356344,-33.06895223,128828.65625,0.6725815902767261,56840.40850637108,20.551505,0.166719
651,651,1117,18.94356344,-33.06895223,128828.65625,0.6725815902767261,56844.37004937464,20.333458,0.132442
652,652,1117,18.94356344,-33.06895223,128828.65625,0.6725815902767261,56846.33971965918,20.223272,0.126605
653,653,1117,18.94356344,-33.06895223,128828.65625,0.6725815902767261,56846.39445193997,20.34802,0.121903
654,654,1117,18.94356344,-33.06895223,128828.65625,0.6725815902767261,56848.41258777445,20.390896,0.118847
655,655,1117,18.94356344,-33.06895223,128828.65625,0.6725815902767261,56856.350420373026,20.024224,0.157875
656,656,1117,18.94356344,-33.06895223,128828.65625,0.6725815902767261,56858.27668309584,20.512376,0.136341
657,657,1117,18.94356344,-33.06895223,128828.65625,0.6725815902767261,56943.25267358776,20.429281,0.174595
658,658,1117,18.94356344,-33.06895223,128828.65625,0.6725815902767261,56949.14982487168,20.391135,0.119817
659,659,1117,18.94356344,-33.06895223,128828.65625,0.6725815902767261,56949.23439098941,20.416194,0.150801
660,660,1117,18.94356344,-33.06895223,128828.65625,0.6725815902767261,56951.14657976618,20.240172,0.143328
661,661,1117,18.94356344,-33.06895223,128828.65625,0.6725815902767261,56951.23041690141,20.225437,0.105359
662,662,1117,18.94356344,-33.06895223,128828.65625,0.6725815902767261,56953.13366265036,20.287167,0.112089
663,663,1117,18.94356344,-33.06895223,128828.65625,0.6725815902767261,56953.216782379895,20.343197,0.120784
664,664,1117,18.94356344,-33.06895223,128828.65625,0.6725815902767261,56955.13496103976,20.347701,0.119817
665,665,1117,18.94356344,-33.06895223,128828.65625,0.6725815902767261,56959.11972260196,20.512163,0.161804
666,666,1117,18.94356344,-33.06895223,128828.65625,0.6725815902767261,56970.04004202597,20.000561,0.138293
667,667,1117,18.94356344,-33.06895223,128828.65625,0.6725815902767261,56974.0428513228,20.137227,0.111124
668,668,1117,18.94356344,-33.06895223,128828.65625,0.6725815902767261,56978.04573744023,20.350345,0.147091
669,669,1117,18.94356344,-33.06895223,128828.65625,0.6725815902767261,56978.12941490393,20.275608,0.187685
670,670,1117,18.94356344,-33.06895223,128828.65625,0.6725815902767261,56980.089229213074,20.374301,0.127575
671,671,1117,18.94356344,-33.06895223,128828.65625,0.6725815902767261,56982.090111819096,20.201123,0.118847
672,672,1117,18.94356344,-33.06895223,128828.65625,0.6725815902767261,56982.17380127823,20.65558,0.175581
745,745,1274,23.55372627,-12.6414494,128543.851562,0.60099169838251,55469.17021758156,20.53756,0.123656
746,746,1274,23.55372627,-12.6414494,128543.851562,0.60099169838251,55478.06235572137,20.370195,0.129871
747,747,1274,23.55372627,-12.6414494,128543.851562,0.60099169838251,55478.31608206872,20.511683,0.1379
748,748,1274,23.55372627,-12.6414494,128543.851562,0.60099169838251,55826.384759086184,20.542066,0.21629
749,749,1274,23.55372627,-12.6414494,128543.851562,0.60099169838251,56114.414941677824,20.163284,0.194329
750,750,1274,23.55372627,-12.6414494,128543.851562,0.60099169838251,56136.419557972346,20.591545,0.157876
751,751,1274,23.55372627,-12.6414494,128543.851562,0.60099169838251,56138.41968064755,20.173924,0.196804
752,752,1274,23.55372627,-12.6414494,128543.851562,0.60099169838251,56180.15637670271,20.621883,0.129139
753,753,1274,23.55372627,-12.6414494,128543.851562,0.60099169838251,56180.25258342642,20.601025,0.160752
754,754,1274,23.55372627,-12.6414494,128543.851562,0.60099169838251,56211.21633478813,20.521193,0.150028
755,755,1274,23.55372627,-12.6414494,128543.851562,0.60099169838251,56217.199214464985,20.54918,0.170647
756,756,1274,23.55372627,-12.6414494,128543.851562,0.60099169838251,56264.063028534874,20.192054,0.125733
757,757,1274,23.55372627,-12.6414494,128543.851562,0.60099169838251,56266.059824241325,20.394098,0.121753
758,758,1274,23.55372627,-12.6414494,128543.851562,0.60099169838251,56266.1432932755,20.733726,0.167703
759,759,1274,23.55372627,-12.6414494,128543.851562,0.60099169838251,56268.13964371057,20.454202,0.285017
760,760,1274,23.55372627,-12.6414494,128543.851562,0.60099169838251,56270.1266138088,20.360836,0.156447
761,761,1274,23.55372627,-12.6414494,128543.851562,0.60099169838251,56561.30250557838,20.559082,0.180509
762,762,1274,23.55372627,-12.6414494,128543.851562,0.60099169838251,56561.35267445957,20.349005,0.186427
763,763,1274,23.55372627,-12.6414494,128543.851562,0.60099169838251,56563.375909457915,20.255007,0.193341
764,764,1274,23.55372627,-12.6414494,128543.851562,0.60099169838251,56569.34806573484,20.127068,0.123503
765,765,1274,23.55372627,-12.6414494,128543.851562,0.60099169838251,56569.385215015616,20.286219,0.21191
766,766,1274,23.55372627,-12.6414494,128543.851562,0.60099169838251,56571.26006194716,20.239137,0.162409
767,767,1274,23.55372627,-12.6414494,128543.851562,0.60099169838251,56573.25234071584,20.745104,0.172168
768,768,1274,23.55372627,-12.6414494,128543.851562,0.60099169838251,56575.24197025085,20.45063,0.175612
769,769,1274,23.55372627,-12.6414494,128543.851562,0.60099169838251,56575.31824789196,19.946651,0.147546
770,770,1274,23.55372627,-12.6414494,128543.851562,0.60099169838251,56577.21470438968,20.209899,0.136862
771,771,1274,23.55372627,-12.6414494,128543.851562,0.60099169838251,56619.095432605594,20.390074,0.151988
772,772,1274,23.55372627,-12.6414494,128543.851562,0.60099169838251,56619.17884234805,20.343278,0.166719
773,773,1274,23.55372627,-12.6414494,128543.851562,0.60099169838251,56623.24502937868,20.287681,0.255641
774,774,1274,23.55372627,-12.6414494,128543.851562,0.60099169838251,56625.23059308948,20.049798,0.138313
775,775,1274,23.55372627,-12.6414494,128543.851562,0.60099169838251,56625.23936582543,20.070204,0.233748
776,776,1274,23.55372627,-12.6414494,128543.851562,0.60099169838251,56627.0647917171,20.185499,0.140906
777,777,1274,23.55372627,-12.6414494,128543.851562,0.60099169838251,56627.148352829274,20.309594,0.142099
778,778,1274,23.55372627,-12.6414494,128543.851562,0.60099169838251,56629.064867865294,20.505413,0.180608
779,779,1274,23.55372627,-12.6414494,128543.851562,0.60099169838251,56629.149216221645,20.68268,0.162787
780,780,1274,23.55372627,-12.6414494,128543.851562,0.60099169838251,56631.13015562063,20.548683,0.181495
781,781,1274,23.55372627,-12.6414494,128543.851562,0.60099169838251,56873.40340323141,19.846926,0.137214
782,782,1274,23.55372627,-12.6414494,128543.851562,0.60099169838251,56873.425647473894,20.095464,0.153951
783,783,1274,23.55372627,-12.6414494,128543.851562,0.60099169838251,56877.38986842334,20.473568,0.139508
784,784,1274,23.55372627,-12.6414494,128543.851562,0.60099169838251,56877.41497118026,20.609449,0.151629
785,785,1274,23.55372627,-12.6414494,128543.851562,0.60099169838251,56885.40142563917,20.175928,0.177889
786,786,1274,23.55372627,-12.6414494,128543.851562,0.60099169838251,56887.36429089261,20.461225,0.166719
787,787,1274,23.55372627,-12.6414494,128543.851562,0.60099169838251,56889.3576241089,20.834612,0.177552
788,788,1274,23.55372627,-12.6414494,128543.851562,0.60099169838251,56919.36793503119,20.596579,0.20817
789,789,1274,23.55372627,-12.6414494,128543.851562,0.60099169838251,56925.35251442576,20.710652,0.177552
790,790,1274,23.55372627,-12.6414494,128543.851562,0.60099169838251,56925.378206453286,20.416599,0.162787
791,791,1274,23.55372627,-12.6414494,128543.851562,0.60099169838251,56927.34712980222,20.605546,0.198281
792,792,1274,23.55372627,-12.6414494,128543.851562,0.60099169838251,56929.342497108504,20.175913,0.116673
793,793,1274,23.55372627,-12.6414494,128543.851562,0.60099169838251,56929.37232068274,20.163344,0.12952
794,794,1274,23.55372627,-12.6414494,128543.851562,0.60099169838251,56931.26650531683,20.397956,0.114983
795,795,1274,23.55372627,-12.6414494,128543.851562,0.60099169838251,56931.33061963646,20.608153,0.171642
796,796,1274,23.55372627,-12.6414494,128543.851562,0.60099169838251,56970.149177791085,19.960743,0.175581
797,797,1274,23.55372627,-12.6414494,128543.851562,0.60099169838251,56972.072026987094,20.43048,0.128402
798,798,1274,23.55372627,-12.6414494,128543.851562,0.60099169838251,56974.06884509977,20.68806,0.167703
799,799,1274,23.55372627,-12.6414494,128543.851562,0.60099169838251,56974.15192973614,20.69436,0.198281
800,800,1274,23.55372627,-12.6414494,128543.851562,0.60099169838251,56978.15579934371,20.498993,0.146111
801,801,1315,24.7379265622882,-7.61326084919905,125079.046875,0.5286857274797045,55456.34652624698,20.412041,0.123182
802,802,1315,24.7379265622882,-7.61326084919905,125079.046875,0.5286857274797045,55457.28845241014,19.993866,0.159021
803,803,1315,24.7379265622882,-7.61326084919905,125079.046875,0.5286857274797045,55469.07559224405,20.651761,0.213688
804,804,1315,24.7379265622882,-7.61326084919905,125079.046875,0.5286857274797045,55469.07814986725,20.581301,0.13266
805,805,1315,24.7379265622882,-7.61326084919905,125079.046875,0.5286857274797045,55469.16280603502,20.493537,0.122291
806,806,1315,24.7379265622882,-7.61326084919905,125079.046875,0.5286857274797045,55470.090517236385,20.826298,0.193851
807,807,1315,24.7379265622882,-7.61326084919905,125079.046875,0.5286857274797045,55470.09307485912,20.459229,0.121335
808,808,1315,24.7379265622882,-7.61326084919905,125079.046875,0.5286857274797045,55470.17539328337,20.519413,0.205362
809,809,1315,24.7379265622882,-7.61326084919905,125079.046875,0.5286857274797045,55470.1779509061,20.526694,0.123813
810,810,1315,24.7379265622882,-7.61326084919905,125079.046875,0.5286857274797045,55470.2616465115,20.709802,0.149602
811,811,1315,24.7379265622882,-7.61326084919905,125079.046875,0.5286857274797045,55478.052386362106,20.464782,0.103546
812,812,1315,24.7379265622882,-7.61326084919905,125079.046875,0.5286857274797045,55478.05494398577,20.542938,0.089199
813,813,1315,24.7379265622882,-7.61326084919905,125079.046875,0.5286857274797045,55478.13528347295,20.621116,0.113029
814,814,1315,24.7379265622882,-7.61326084919905,125079.046875,0.5286857274797045,55478.13784109708,20.524804,0.120936
815,815,1315,24.7379265622882,-7.61326084919905,125079.046875,0.5286857274797045,55478.22090023151,20.805999,0.13035
816,816,1315,24.7379265622882,-7.61326084919905,125079.046875,0.5286857274797045,55478.22345785517,20.552961,0.086316
817,817,1315,24.7379265622882,-7.61326084919905,125079.046875,0.5286857274797045,56180.1592660239,20.967564,0.179966
818,818,1315,24.7379265622882,-7.61326084919905,125079.046875,0.5286857274797045,56180.33936570352,20.791206,0.155021
819,819,1315,24.7379265622882,-7.61326084919905,125079.046875,0.5286857274797045,56184.31073093042,20.322986,0.22584
820,820,1315,24.7379265622882,-7.61326084919905,125079.046875,0.5286857274797045,56186.241328503005,19.994327,0.174549
821,821,1315,24.7379265622882,-7.61326084919905,125079.046875,0.5286857274797045,56264.05714323092,20.131123,0.251708
822,822,1315,24.7379265622882,-7.61326084919905,125079.046875,0.5286857274797045,56266.053915725555,20.10481,0.18963
823,823,1315,24.7379265622882,-7.61326084919905,125079.046875,0.5286857274797045,56266.13738427311,20.372917,0.157523
824,824,1315,24.7379265622882,-7.61326084919905,125079.046875,0.5286857274797045,56619.17177716037,20.317157,0.1758
825,825,1315,24.7379265622882,-7.61326084919905,125079.046875,0.5286857274797045,56623.076306375675,20.128035,0.211027
826,826,1315,24.7379265622882,-7.61326084919905,125079.046875,0.5286857274797045,56623.15946146939,20.365175,0.174273
827,827,1315,24.7379265622882,-7.61326084919905,125079.046875,0.5286857274797045,56625.07087390078,20.233402,0.16977
828,828,1315,24.7379265622882,-7.61326084919905,125079.046875,0.5286857274797045,56625.153786180075,20.004788,0.344015
829,829,1315,24.7379265622882,-7.61326084919905,125079.046875,0.5286857274797045,56627.057704283856,20.941435,0.140617
830,830,1315,24.7379265622882,-7.61326084919905,125079.046875,0.5286857274797045,56629.0577109321,20.710631,0.22318
831,831,1315,24.7379265622882,-7.61326084919905,125079.046875,0.5286857274797045,56635.14880399546,19.766104,0.134376
832,832,1315,24.7379265622882,-7.61326084919905,125079.046875,0.5286857274797045,56949.24272937607,20.275199,0.173978
833,833,1315,24.7379265622882,-7.61326084919905,125079.046875,0.5286857274797045,56953.14188432554,20.494528,0.148573
834,834,1315,24.7379265622882,-7.61326084919905,125079.046875,0.5286857274797045,56953.2251290679,20.539159,0.188494
835,835,1315,24.7379265622882,-7.61326084919905,125079.046875,0.5286857274797045,56955.22266853461,20.764456,0.181391
836,836,1315,24.7379265622882,-7.61326084919905,125079.046875,0.5286857274797045,56959.12777473871,20.397778,0.197305
837,837,1315,24.7379265622882,-7.61326084919905,125079.046875,0.5286857274797045,56959.21139015071,19.999765,0.209698
838,838,1315,24.7379265622882,-7.61326084919905,125079.046875,0.5286857274797045,56979.186245016754,20.846528,0.219745
839,839,1315,24.7379265622882,-7.61326084919905,125079.046875,0.5286857274797045,56989.13641220378,20.71865,0.144221
942,942,1404,27.78024386,-15.58652645,157611.59375,0.53622837360308,55469.11462943023,20.777754,0.122529
943,943,1404,27.78024386,-15.58652645,157611.59375,0.53622837360308,55470.26417719619,21.16353,0.161707
944,944,1404,27.78024386,-15.58652645,157611.59375,0.53622837360308,55478.10427193716,20.972771,0.150912
945,945,1404,27.78024386,-15.58652645,157611.59375,0.53622837360308,55478.10684114834,21.258686,0.168688
946,946,1404,27.78024386,-15.58652645,157611.59375,0.53622837360308,55478.24909674749,21.438867,0.177355
947,947,1404,27.78024386,-15.58652645,157611.59375,0.53622837360308,55478.33947048662,20.920793,0.136926
948,948,1404,27.78024386,-15.58652645,157611.59375,0.53622837360308,56180.17431788286,20.941016,0.210637
949,949,1404,27.78024386,-15.58652645,157611.59375,0.53622837360308,56180.27889238531,21.131399,0.213207
950,950,1404,27.78024386,-15.58652645,157611.59375,0.53622837360308,56180.28146161279,21.140056,0.19927
951,951,1404,27.78024386,-15.58652645,157611.59375,0.53622837360308,56180.362785757985,20.693465,0.189391
952,952,1404,27.78024386,-15.58652645,157611.59375,0.53622837360308,56181.170217304025,20.968981,0.212762
953,953,1404,27.78024386,-15.58652645,157611.59375,0.53622837360308,56181.1728096758,21.05309,0.144759
954,954,1404,27.78024386,-15.58652645,157611.59375,0.53622837360308,56181.28564730054,21.038686,0.147822
955,955,1404,27.78024386,-15.58652645,157611.59375,0.53622837360308,56181.288204953074,21.336797,0.186429
956,956,1404,27.78024386,-15.58652645,157611.59375,0.53622837360308,56182.14008827368,20.899312,0.161805
957,957,1404,27.78024386,-15.58652645,157611.59375,0.53622837360308,56182.2228936851,20.868922,0.164123
958,958,1404,27.78024386,-15.58652645,157611.59375,0.53622837360308,56182.22546290932,21.108445,0.156894
959,959,1404,27.78024386,-15.58652645,157611.59375,0.53622837360308,56182.30576853128,21.112756,0.153426
960,960,1404,27.78024386,-15.58652645,157611.59375,0.53622837360308,56266.073259679135,20.873448,0.183468
961,961,1404,27.78024386,-15.58652645,157611.59375,0.53622837360308,56270.06313047977,20.870341,0.16672
962,962,1404,27.78024386,-15.58652645,157611.59375,0.53622837360308,56571.27548100334,20.635775,0.16672
963,963,1404,27.78024386,-15.58652645,157611.59375,0.53622837360308,56575.2445878014,20.811682,0.184455
964,964,1404,27.78024386,-15.58652645,157611.59375,0.53622837360308,56577.266882023774,20.638954,0.164753
965,965,1404,27.78024386,-15.58652645,157611.59375,0.53622837360308,56619.107923187315,20.721789,0.150029
966,966,1404,27.78024386,-15.58652645,157611.59375,0.53622837360308,56623.09695327841,21.082815,0.211141
967,967,1404,27.78024386,-15.58652645,157611.59375,0.53622837360308,56625.09163220087,20.732601,0.216685
968,968,1404,27.78024386,-15.58652645,157611.59375,0.53622837360308,56627.16074575996,20.671337,0.189026
969,969,1404,27.78024386,-15.58652645,157611.59375,0.53622837360308,56629.16279625986,20.993623,0.196304
970,970,1404,27.78024386,-15.58652645,157611.59375,0.53622837360308,56631.073849050794,21.019073,0.182482
971,971,1404,27.78024386,-15.58652645,157611.59375,0.53622837360308,56631.07502955757,21.020348,0.189391
972,972,1404,27.78024386,-15.58652645,157611.59375,0.53622837360308,56635.120336875785,20.261835,0.192354
973,973,1404,27.78024386,-15.58652645,157611.59375,0.53622837360308,56635.12401730055,20.298654,0.225009
974,974,1404,27.78024386,-15.58652645,157611.59375,0.53622837360308,56951.2008120073,20.871509,0.217082
975,975,1404,27.78024386,-15.58652645,157611.59375,0.53622837360308,56951.28445058968,20.846597,0.195316
976,976,1404,27.78024386,-15.58652645,157611.59375,0.53622837360308,56953.2430897234,20.778922,0.176567
977,977,1404,27.78024386,-15.58652645,157611.59375,0.53622837360308,56972.09166107746,20.813424,0.171641
978,978,1404,27.78024386,-15.58652645,157611.59375,0.53622837360308,56972.0928299767,20.823805,0.177658
979,979,1404,27.78024386,-15.58652645,157611.59375,0.53622837360308,56974.17040504515,20.584174,0.182482
980,980,1404,27.78024386,-15.58652645,157611.59375,0.53622837360308,56976.132135841995,20.484691,0.222702
981,981,1404,27.78024386,-15.58652645,157611.59375,0.53622837360308,56976.21542891301,20.40631,0.210823
1021,1021,1558,32.5195374,7.85661991,124837.171875,0.6484092284956255,55449.39624306746,20.15218,0.25117
1022,1022,1558,32.5195374,7.85661991,124837.171875,0.6484092284956255,55449.39741195459,20.012456,0.117274
1023,1023,1558,32.5195374,7.85661991,124837.171875,0.6484092284956255,55449.406832488254,20.155854,0.109585
1024,1024,1558,32.5195374,7.85661991,124837.171875,0.6484092284956255,55449.40800137492,20.250748,0.125827
1025,1025,1558,32.5195374,7.85661991,124837.171875,0.6484092284956255,55451.40477056336,20.137805,0.120783
1026,1026,1558,32.5195374,7.85661991,124837.171875,0.6484092284956255,55451.41067285137,20.224173,0.170263
1027,1027,1558,32.5195374,7.85661991,124837.171875,0.6484092284956255,55453.329250227194,20.138819,0.114306
1028,1028,1558,32.5195374,7.85661991,124837.171875,0.6484092284956255,55453.37587821344,20.311467,0.129034
1029,1029,1558,32.5195374,7.85661991,124837.171875,0.6484092284956255,55454.360597376246,20.721834,0.175974
1030,1030,1558,32.5195374,7.85661991,124837.171875,0.6484092284956255,55454.386347480584,20.743646,0.186034
1031,1031,1558,32.5195374,7.85661991,124837.171875,0.6484092284956255,55486.263282685075,19.955544,0.135463
1032,1032,1558,32.5195374,7.85661991,124837.171875,0.6484092284956255,55514.021860932466,20.821754,0.189982
1033,1033,1558,32.5195374,7.85661991,124837.171875,0.6484092284956255,55514.23571941303,20.155237,0.103228
1034,1034,1558,32.5195374,7.85661991,124837.171875,0.6484092284956255,55516.10743124271,20.13094,0.212329
1035,1035,1558,32.5195374,7.85661991,124837.171875,0.6484092284956255,56210.27974495152,20.493111,0.184454
1036,1036,1558,32.5195374,7.85661991,124837.171875,0.6484092284956255,56215.18139406573,20.142376,0.115647
1037,1037,1558,32.5195374,7.85661991,124837.171875,0.6484092284956255,56215.265193510335,20.358796,0.098671
1038,1038,1558,32.5195374,7.85661991,124837.171875,0.6484092284956255,56567.22444565408,19.983662,0.161452
1039,1039,1558,32.5195374,7.85661991,124837.171875,0.6484092284956255,56567.30809489731,20.599645,0.157876
1040,1040,1558,32.5195374,7.85661991,124837.171875,0.6484092284956255,56569.21878726408,20.134453,0.119702
1041,1041,1558,32.5195374,7.85661991,124837.171875,0.6484092284956255,56569.30186936725,20.574952,0.151008
1042,1042,1558,32.5195374,7.85661991,124837.171875,0.6484092284956255,56571.21405327134,20.237666,0.146113
1043,1043,1558,32.5195374,7.85661991,124837.171875,0.6484092284956255,56571.297494081315,20.591267,0.17558
1044,1044,1558,32.5195374,7.85661991,124837.171875,0.6484092284956255,56575.19584438484,20.644873,0.147091
1045,1045,1558,32.5195374,7.85661991,124837.171875,0.6484092284956255,56575.27906522993,20.295402,0.167613
1046,1046,1558,32.5195374,7.85661991,124837.171875,0.6484092284956255,56577.279975919984,20.680737,0.168688
1047,1047,1558,32.5195374,7.85661991,124837.171875,0.6484092284956255,56617.0822028988,20.273119,0.215985
1048,1048,1558,32.5195374,7.85661991,124837.171875,0.6484092284956255,56619.07725079777,20.018409,0.093428
1049,1049,1558,32.5195374,7.85661991,124837.171875,0.6484092284956255,56623.066260018386,20.271193,0.114981
1050,1050,1558,32.5195374,7.85661991,124837.171875,0.6484092284956255,56623.149390366394,20.27084,0.165538
1051,1051,1558,32.5195374,7.85661991,124837.171875,0.6484092284956255,56627.046364629176,20.421059,0.124895
1052,1052,1558,32.5195374,7.85661991,124837.171875,0.6484092284956255,56627.12994673103,20.690203,0.142199
1053,1053,1558,32.5195374,7.85661991,124837.171875,0.6484092284956255,56629.046342521906,20.391,0.127575
1054,1054,1558,32.5195374,7.85661991,124837.171875,0.6484092284956255,56629.13074653782,20.638082,0.170657
1055,1055,1558,32.5195374,7.85661991,124837.171875,0.6484092284956255,56944.11578907864,20.34545,0.125634
1056,1056,1558,32.5195374,7.85661991,124837.171875,0.6484092284956255,56944.20056064939,20.600527,0.181495
1057,1057,1558,32.5195374,7.85661991,124837.171875,0.6484092284956255,56948.09616420418,20.485071,0.178875
1058,1058,1558,32.5195374,7.85661991,124837.171875,0.6484092284956255,56950.09080177453,20.532268,0.2151
1059,1059,1558,32.5195374,7.85661991,124837.171875,0.6484092284956255,56952.17085953057,20.891601,0.182483
1060,1060,1558,32.5195374,7.85661991,124837.171875,0.6484092284956255,56956.07387359394,20.851415,0.187415
1061,1061,1558,32.5195374,7.85661991,124837.171875,0.6484092284956255,56958.15204803599,20.262653,0.133414
1062,1062,1558,32.5195374,7.85661991,124837.171875,0.6484092284956255,56971.06807478471,20.918793,0.192353
1063,1063,1558,32.5195374,7.85661991,124837.171875,0.6484092284956255,56971.15427061822,20.148534,0.172625
1064,1064,1558,32.5195374,7.85661991,124837.171875,0.6484092284956255,56973.07106462866,20.038913,0.139116
1065,1065,1558,32.5195374,7.85661991,124837.171875,0.6484092284956255,56973.15575609822,20.403656,0.204089
1066,1066,1558,32.5195374,7.85661991,124837.171875,0.6484092284956255,56975.10206440417,20.376787,0.128549
1067,1067,1558,32.5195374,7.85661991,124837.171875,0.6484092284956255,56975.185332527384,20.474914,0.157149
1068,1068,1558,32.5195374,7.85661991,124837.171875,0.6484092284956255,56977.07773677772,20.13707,0.186467
1069,1069,1558,32.5195374,7.85661991,124837.171875,0.6484092284956255,56979.0914186798,20.463435,0.132441
1070,1070,1558,32.5195374,7.85661991,124837.171875,0.6484092284956255,56979.17489541648,20.523537,0.136339
1071,1071,1558,32.5195374,7.85661991,124837.171875,0.6484092284956255,56983.079966295045,20.744793,0.186429
1072,1072,1558,32.5195374,7.85661991,124837.171875,0.6484092284956255,56983.16300358297,20.856237,0.197294
1073,1073,1558,32.5195374,7.85661991,124837.171875,0.6484092284956255,56985.07398582203,20.435831,0.144155
1074,1074,1558,32.5195374,7.85661991,124837.171875,0.6484092284956255,56987.18883378012,20.687763,0.183468
1075,1075,1558,32.5195374,7.85661991,124837.171875,0.6484092284956255,56987.194770828355,20.712824,0.170657
1076,1076,1558,32.5195374,7.85661991,124837.171875,0.6484092284956255,57312.26622730168,20.184458,0.204215
1077,1077,1558,32.5195374,7.85661991,124837.171875,0.6484092284956255,57312.2674308843,20.105703,0.176567
1547,1547,1713,37.71931361,-33.29097102,129427.78125,0.6072330973818423,56211.36103599984,20.500035,0.167505
1548,1548,1713,37.71931361,-33.29097102,129427.78125,0.6072330973818423,56221.30890070228,20.356162,0.240906
1549,1549,1713,37.71931361,-33.29097102,129427.78125,0.6072330973818423,56263.09104003152,20.456112,0.17361
1550,1550,1713,37.71931361,-33.29097102,129427.78125,0.6072330973818423,56267.088219763245,20.765729,0.180508
1551,1551,1713,37.71931361,-33.29097102,129427.78125,0.6072330973818423,56267.17137685744,20.735312,0.185441
1552,1552,1713,37.71931361,-33.29097102,129427.78125,0.6072330973818423,56277.06841064524,20.298899,0.141221
1553,1553,1713,37.71931361,-33.29097102,129427.78125,0.6072330973818423,56277.15159181785,19.911051,0.170751
1554,1554,1713,37.71931361,-33.29097102,129427.78125,0.6072330973818423,56508.35720770853,20.581355,0.145132
1555,1555,1713,37.71931361,-33.29097102,129427.78125,0.6072330973818423,56510.43339485722,20.338833,0.125632
1556,1556,1713,37.71931361,-33.29097102,129427.78125,0.6072330973818423,56516.38603826193,20.04601,0.124663
1557,1557,1713,37.71931361,-33.29097102,129427.78125,0.6072330973818423,56516.41161586251,20.068782,0.150537
1558,1558,1713,37.71931361,-33.29097102,129427.78125,0.6072330973818423,56518.42674683081,20.817866,0.18248
1559,1559,1713,37.71931361,-33.29097102,129427.78125,0.6072330973818423,56558.26336809574,19.929933,0.151989
1560,1560,1713,37.71931361,-33.29097102,129427.78125,0.6072330973818423,56560.26409545215,20.547949,0.194327
1561,1561,1713,37.71931361,-33.29097102,129427.78125,0.6072330973818423,56564.38339858735,20.326011,0.176606
1562,1562,1713,37.71931361,-33.29097102,129427.78125,0.6072330973818423,56568.27037884714,20.846331,0.174594
1563,1563,1713,37.71931361,-33.29097102,129427.78125,0.6072330973818423,56570.28281654883,20.510169,0.140245
1564,1564,1713,37.71931361,-33.29097102,129427.78125,0.6072330973818423,56570.336724748835,20.701689,0.175581
1565,1565,1713,37.71931361,-33.29097102,129427.78125,0.6072330973818423,56576.26741530374,20.41284,0.174109
1566,1566,1713,37.71931361,-33.29097102,129427.78125,0.6072330973818423,56578.30898468429,19.970417,0.132442
1567,1567,1713,37.71931361,-33.29097102,129427.78125,0.6072330973818423,56618.11666882457,20.527114,0.162786
1568,1568,1713,37.71931361,-33.29097102,129427.78125,0.6072330973818423,56620.19627409242,20.106478,0.168686
1569,1569,1713,37.71931361,-33.29097102,129427.78125,0.6072330973818423,56622.11101778038,20.309851,0.103445
1570,1570,1713,37.71931361,-33.29097102,129427.78125,0.6072330973818423,56622.19537764508,20.370452,0.124419
1571,1571,1713,37.71931361,-33.29097102,129427.78125,0.6072330973818423,56624.11880531069,20.810154,0.195316
1572,1572,1713,37.71931361,-33.29097102,129427.78125,0.6072330973818423,56626.10314872768,20.687165,0.15493
1573,1573,1713,37.71931361,-33.29097102,129427.78125,0.6072330973818423,56626.18857370597,20.86583,0.180508
1574,1574,1713,37.71931361,-33.29097102,129427.78125,0.6072330973818423,56630.08549316926,20.335477,0.127959
1575,1575,1713,37.71931361,-33.29097102,129427.78125,0.6072330973818423,56636.08520416822,20.689519,0.19927
1576,1576,1713,37.71931361,-33.29097102,129427.78125,0.6072330973818423,56636.16850049142,20.404459,0.17361
1577,1577,1713,37.71931361,-33.29097102,129427.78125,0.6072330973818423,56836.41093821358,19.994457,0.108784
1578,1578,1713,37.71931361,-33.29097102,129427.78125,0.6072330973818423,56836.42958422704,20.153824,0.109201
1579,1579,1713,37.71931361,-33.29097102,129427.78125,0.6072330973818423,56838.408848686144,20.629836,0.140245
1580,1580,1713,37.71931361,-33.29097102,129427.78125,0.6072330973818423,56844.35626625875,20.109149,0.132543
1581,1581,1713,37.71931361,-33.29097102,129427.78125,0.6072330973818423,56844.402597276494,20.170885,0.111125
1582,1582,1713,37.71931361,-33.29097102,129427.78125,0.6072330973818423,56846.34887960786,20.586246,0.17361
1583,1583,1713,37.71931361,-33.29097102,129427.78125,0.6072330973818423,56846.398891059216,20.801389,0.15984
1584,1584,1713,37.71931361,-33.29097102,129427.78125,0.6072330973818423,56856.3742219219,20.137546,0.14807
1585,1585,1713,37.71931361,-33.29097102,129427.78125,0.6072330973818423,56943.22414722899,19.831652,0.111525
1586,1586,1713,37.71931361,-33.29097102,129427.78125,0.6072330973818423,56943.30443094205,20.548433,0.204213
1587,1587,1713,37.71931361,-33.29097102,129427.78125,0.6072330973818423,56949.33140816679,20.148431,0.113052
1588,1588,1713,37.71931361,-33.29097102,129427.78125,0.6072330973818423,56951.25733005116,20.162338,0.206837
1589,1589,1713,37.71931361,-33.29097102,129427.78125,0.6072330973818423,56951.33093616925,20.566413,0.161804
1590,1590,1713,37.71931361,-33.29097102,129427.78125,0.6072330973818423,56955.25180771109,20.590086,0.143176
1591,1591,1713,37.71931361,-33.29097102,129427.78125,0.6072330973818423,56955.3433525837,20.396896,0.139512
1592,1592,1713,37.71931361,-33.29097102,129427.78125,0.6072330973818423,56959.2382724802,20.575077,0.16082
1593,1593,1713,37.71931361,-33.29097102,129427.78125,0.6072330973818423,56963.27299516136,19.891802,0.102375
1594,1594,1713,37.71931361,-33.29097102,129427.78125,0.6072330973818423,57364.069467018824,19.773905,0.117879
1703,1703,1754,38.94839152,-34.02913103,127991.914062,0.6515498214471676,56211.3371465262,20.240993,0.245508
1704,1704,1754,38.94839152,-34.02913103,127991.914062,0.6515498214471676,56267.0883180988,20.646764,0.213084
1705,1705,1754,38.94839152,-34.02913103,127991.914062,0.6515498214471676,56277.06850516237,20.244377,0.094478
1706,1706,1754,38.94839152,-34.02913103,127991.914062,0.6515498214471676,56277.15168629168,20.257991,0.122506
1707,1707,1754,38.94839152,-34.02913103,127991.914062,0.6515498214471676,56510.43688439857,20.225247,0.127543
1708,1708,1754,38.94839152,-34.02913103,127991.914062,0.6515498214471676,56518.4314183658,20.240079,0.094229
1709,1709,1754,38.94839152,-34.02913103,127991.914062,0.6515498214471676,56570.28287523426,20.494253,0.140322
1710,1710,1754,38.94839152,-34.02913103,127991.914062,0.6515498214471676,56570.3367835097,20.223387,0.15021
1711,1711,1754,38.94839152,-34.02913103,127991.914062,0.6515498214471676,56618.11676758574,20.413083,0.138454
1712,1712,1754,38.94839152,-34.02913103,127991.914062,0.6515498214471676,56622.111117024906,20.690604,0.178819
1713,1713,1754,38.94839152,-34.02913103,127991.914062,0.6515498214471676,56622.19547689473,20.644968,0.114885
1714,1714,1754,38.94839152,-34.02913103,127991.914062,0.6515498214471676,56624.20240820618,20.567871,0.181342
1715,1715,1754,38.94839152,-34.02913103,127991.914062,0.6515498214471676,56626.10324798245,20.574974,0.183884
1716,1716,1754,38.94839152,-34.02913103,127991.914062,0.6515498214471676,56630.085591965355,20.651157,0.120759
1717,1717,1754,38.94839152,-34.02913103,127991.914062,0.6515498214471676,56632.09315266693,20.467041,0.115342
1718,1718,1754,38.94839152,-34.02913103,127991.914062,0.6515498214471676,56632.17650647368,20.380018,0.101046
1719,1719,1754,38.94839152,-34.02913103,127991.914062,0.6515498214471676,56636.0853013997,20.380034,0.135846
1720,1720,1754,38.94839152,-34.02913103,127991.914062,0.6515498214471676,56636.16859769402,20.240176,0.228051
1721,1721,1754,38.94839152,-34.02913103,127991.914062,0.6515498214471676,56836.429495305754,20.310233,0.188335
1722,1722,1754,38.94839152,-34.02913103,127991.914062,0.6515498214471676,56838.4087613672,20.650147,0.17291
1723,1723,1754,38.94839152,-34.02913103,127991.914062,0.6515498214471676,56838.42916662479,20.709974,0.183436
1724,1724,1754,38.94839152,-34.02913103,127991.914062,0.6515498214471676,56840.423856319394,20.630424,0.142692
1725,1725,1754,38.94839152,-34.02913103,127991.914062,0.6515498214471676,56844.35618436849,20.637992,0.146552
1726,1726,1754,38.94839152,-34.02913103,127991.914062,0.6515498214471676,56846.34879973624,20.68079,0.189676
1727,1727,1754,38.94839152,-34.02913103,127991.914062,0.6515498214471676,56846.39881123928,20.370013,0.212109
1728,1728,1754,38.94839152,-34.02913103,127991.914062,0.6515498214471676,56949.258202211,20.753414,0.140009
1729,1729,1754,38.94839152,-34.02913103,127991.914062,0.6515498214471676,56949.33148430567,20.43643,0.155541
1730,1730,1754,38.94839152,-34.02913103,127991.914062,0.6515498214471676,56951.2574082925,20.55299,0.147956
1731,1731,1754,38.94839152,-34.02913103,127991.914062,0.6515498214471676,56951.33101448929,20.324392,0.110046
1732,1732,1754,38.94839152,-34.02913103,127991.914062,0.6515498214471676,56955.251890023705,20.612737,0.172048
1733,1733,1754,38.94839152,-34.02913103,127991.914062,0.6515498214471676,56955.34343498526,20.442844,0.195071
1734,1734,1754,38.94839152,-34.02913103,127991.914062,0.6515498214471676,56959.23835845291,20.825107,0.165003
1735,1735,1754,38.94839152,-34.02913103,127991.914062,0.6515498214471676,57305.36256845202,20.206919,0.065955
1736,1736,1754,38.94839152,-34.02913103,127991.914062,0.6515498214471676,57362.067105283495,20.096388,0.12201
1737,1737,1754,38.94839152,-34.02913103,127991.914062,0.6515498214471676,57362.06827422697,20.271444,0.125564
1738,1738,1754,38.94839152,-34.02913103,127991.914062,0.6515498214471676,57362.15254230704,20.406011,0.156715
1813,1813,1768,39.29253666,-34.88133675,143196.0,0.5419561355805299,55507.03116840497,20.870577,0.135861
1814,1814,1768,39.29253666,-34.88133675,143196.0,0.5419561355805299,55507.17045446019,21.125971,0.136245
1815,1815,1768,39.29253666,-34.88133675,143196.0,0.5419561355805299,56183.251699029934,20.440803,0.19373
1816,1816,1768,39.29253666,-34.88133675,143196.0,0.5419561355805299,56215.220199815,20.360109,0.246154
1817,1817,1768,39.29253666,-34.88133675,143196.0,0.5419561355805299,56265.095760533586,20.684652,0.18946
1818,1818,1768,39.29253666,-34.88133675,143196.0,0.5419561355805299,56267.17508029286,20.151968,0.157213
1819,1819,1768,39.29253666,-34.88133675,143196.0,0.5419561355805299,56271.09203848848,20.591734,0.167932
1820,1820,1768,39.29253666,-34.88133675,143196.0,0.5419561355805299,56273.16802661028,20.251613,0.142824
1821,1821,1768,39.29253666,-34.88133675,143196.0,0.5419561355805299,56277.072116864845,20.28973,0.158665
1822,1822,1768,39.29253666,-34.88133675,143196.0,0.5419561355805299,56277.155332764145,20.691005,0.197399
1823,1823,1768,39.29253666,-34.88133675,143196.0,0.5419561355805299,56508.350816044025,20.035781,0.151936
1824,1824,1768,39.29253666,-34.88133675,143196.0,0.5419561355805299,56514.320404838305,20.096132,0.161055
1825,1825,1768,39.29253666,-34.88133675,143196.0,0.5419561355805299,56514.429902881384,20.462253,0.199481
1826,1826,1768,39.29253666,-34.88133675,143196.0,0.5419561355805299,56520.40061303694,20.961763,0.165133
1827,1827,1768,39.29253666,-34.88133675,143196.0,0.5419561355805299,56520.42208198272,20.91087,0.180849
1828,1828,1768,39.29253666,-34.88133675,143196.0,0.5419561355805299,56564.26455987571,20.478402,0.193261
1829,1829,1768,39.29253666,-34.88133675,143196.0,0.5419561355805299,56576.227351411246,20.588576,0.178256
1830,1830,1768,39.29253666,-34.88133675,143196.0,0.5419561355805299,56578.29401662992,20.546302,0.20898
1831,1831,1768,39.29253666,-34.88133675,143196.0,0.5419561355805299,56943.196667636745,20.782084,0.19297
1832,1832,1768,39.29253666,-34.88133675,143196.0,0.5419561355805299,56949.20719004655,20.656671,0.163399
1833,1833,1768,39.29253666,-34.88133675,143196.0,0.5419561355805299,56951.21091201529,20.643877,0.163331
1834,1834,1768,39.29253666,-34.88133675,143196.0,0.5419561355805299,56951.298082221765,20.655975,0.184092
1835,1835,1768,39.29253666,-34.88133675,143196.0,0.5419561355805299,56953.17452228721,20.924432,0.182129
1836,1836,1768,39.29253666,-34.88133675,143196.0,0.5419561355805299,56953.25788493501,20.783958,0.17325
1837,1837,1768,39.29253666,-34.88133675,143196.0,0.5419561355805299,56955.22928566206,20.811171,0.197777
1838,1838,1768,39.29253666,-34.88133675,143196.0,0.5419561355805299,56959.21573547367,20.90284,0.173942
1839,1839,1768,39.29253666,-34.88133675,143196.0,0.5419561355805299,56959.29289503209,20.306165,0.183435
1840,1840,1768,39.29253666,-34.88133675,143196.0,0.5419561355805299,56961.213089247234,20.958623,0.162165
1841,1841,1768,39.29253666,-34.88133675,143196.0,0.5419561355805299,57307.226230017375,20.219457,0.156988
1842,1842,1768,39.29253666,-34.88133675,143196.0,0.5419561355805299,57313.18276145542,19.999074,0.242925
1843,1843,1768,39.29253666,-34.88133675,143196.0,0.5419561355805299,57313.18394193193,19.956514,0.158157
1844,1844,1768,39.29253666,-34.88133675,143196.0,0.5419561355805299,57362.07432074146,20.593715,0.181566
1845,1845,1768,39.29253666,-34.88133675,143196.0,0.5419561355805299,57362.1585310176,20.687918,0.182862
1846,1846,1768,39.29253666,-34.88133675,143196.0,0.5419561355805299,57364.07680514082,20.12479,0.166292
1847,1847,1768,39.29253666,-34.88133675,143196.0,0.5419561355805299,57364.160298021976,20.150255,0.215586
1882,1882,1773,39.37648367,-34.91236657,139493.5625,0.589334625287071,56215.30088267755,20.597008,0.199244
1883,1883,1773,39.37648367,-34.91236657,139493.5625,0.589334625287071,56223.358198444825,20.304821,0.247879
1884,1884,1773,39.37648367,-34.91236657,139493.5625,0.589334625287071,56267.17508632224,20.215501,0.171155
1885,1885,1773,39.37648367,-34.91236657,139493.5625,0.589334625287071,56269.08948473446,20.677711,0.202744
1886,1886,1773,39.37648367,-34.91236657,139493.5625,0.589334625287071,56273.16803238634,20.931196,0.168414
1887,1887,1773,39.37648367,-34.91236657,139493.5625,0.589334625287071,56508.35081438953,20.896861,0.186968
1888,1888,1773,39.37648367,-34.91236657,139493.5625,0.589334625287071,56510.36932259239,20.72107,0.191433
1889,1889,1773,39.37648367,-34.91236657,139493.5625,0.589334625287071,56518.372912022285,20.69386,0.190416
1890,1890,1773,39.37648367,-34.91236657,139493.5625,0.589334625287071,56520.40061272262,20.592868,0.174554
1891,1891,1773,39.37648367,-34.91236657,139493.5625,0.589334625287071,56520.42208167072,20.491854,0.180855
1892,1892,1773,39.37648367,-34.91236657,139493.5625,0.589334625287071,56562.348363871686,20.346417,0.203422
1893,1893,1773,39.37648367,-34.91236657,139493.5625,0.589334625287071,56564.26456411183,20.813286,0.182534
1894,1894,1773,39.37648367,-34.91236657,139493.5625,0.589334625287071,56568.23483614158,20.444129,0.203985
1895,1895,1773,39.37648367,-34.91236657,139493.5625,0.589334625287071,56570.346334863454,20.75018,0.195167
1896,1896,1773,39.37648367,-34.91236657,139493.5625,0.589334625287071,56572.36498128949,20.210276,0.167396
1897,1897,1773,39.37648367,-34.91236657,139493.5625,0.589334625287071,56576.227356554475,21.091042,0.234048
1898,1898,1773,39.37648367,-34.91236657,139493.5625,0.589334625287071,56578.20857630018,20.160538,0.189289
1899,1899,1773,39.37648367,-34.91236657,139493.5625,0.589334625287071,56622.11469685519,20.810911,0.191051
1900,1900,1773,39.37648367,-34.91236657,139493.5625,0.589334625287071,56624.122509319335,20.633966,0.190811
1901,1901,1773,39.37648367,-34.91236657,139493.5625,0.589334625287071,56624.20605927054,20.329747,0.176347
1902,1902,1773,39.37648367,-34.91236657,139493.5625,0.589334625287071,56626.10684274975,20.675991,0.186151
1903,1903,1773,39.37648367,-34.91236657,139493.5625,0.589334625287071,56626.192267792765,20.803583,0.167962
1904,1904,1773,39.37648367,-34.91236657,139493.5625,0.589334625287071,56628.09317072574,20.70388,0.174561
1905,1905,1773,39.37648367,-34.91236657,139493.5625,0.589334625287071,56628.178711674176,20.670586,0.182092
1906,1906,1773,39.37648367,-34.91236657,139493.5625,0.589334625287071,56636.08889186941,20.438497,0.191542
1907,1907,1773,39.37648367,-34.91236657,139493.5625,0.589334625287071,56943.19667289173,20.734076,0.193044
1908,1908,1773,39.37648367,-34.91236657,139493.5625,0.589334625287071,56951.298087940086,20.303035,0.148888
1909,1909,1773,39.37648367,-34.91236657,139493.5625,0.589334625287071,56953.1745280968,20.923551,0.17534
1910,1910,1773,39.37648367,-34.91236657,139493.5625,0.589334625287071,56953.257890748326,20.693996,0.178093
1911,1911,1773,39.37648367,-34.91236657,139493.5625,0.589334625287071,56959.215741532855,20.866937,0.17437
1912,1912,1773,39.37648367,-34.91236657,139493.5625,0.589334625287071,56963.19091551192,20.548016,0.224752
1913,1913,1773,39.37648367,-34.91236657,139493.5625,0.589334625287071,56963.27427857183,20.591941,0.209899
1914,1914,1773,39.37648367,-34.91236657,139493.5625,0.589334625287071,57339.12930457713,20.1996,0.188085
1915,1915,1773,39.37648367,-34.91236657,139493.5625,0.589334625287071,57362.074326802045,20.468896,0.188261
1916,1916,1773,39.37648367,-34.91236657,139493.5625,0.589334625287071,57362.15853707492,20.794829,0.180127
1917,1917,1773,39.37648367,-34.91236657,139493.5625,0.589334625287071,57364.07563060662,20.828983,0.191206
1918,1918,1779,39.46422475717648,-35.338800241181715,139701.625,0.558408653887189,55507.258841280825,20.936272,0.124162
1919,1919,1779,39.46422475717648,-35.338800241181715,139701.625,0.558408653887189,56183.25167845702,20.280916,0.167964
1920,1920,1779,39.46422475717648,-35.338800241181715,139701.625,0.558408653887189,56183.335145361256,20.471084,0.155583
1921,1921,1779,39.46422475717648,-35.338800241181715,139701.625,0.558408653887189,56211.29404928442,20.728129,0.18939
1922,1922,1779,39.46422475717648,-35.338800241181715,139701.625,0.558408653887189,56221.20989676798,20.236079,0.141221
1923,1923,1779,39.46422475717648,-35.338800241181715,139701.625,0.558408653887189,56221.292646038346,20.259211,0.169669
1924,1924,1779,39.46422475717648,-35.338800241181715,139701.625,0.558408653887189,56267.17510765372,20.872182,0.18939
1925,1925,1779,39.46422475717648,-35.338800241181715,139701.625,0.558408653887189,56273.16805631155,20.139181,0.11857
1926,1926,1779,39.46422475717648,-35.338800241181715,139701.625,0.558408653887189,56277.072147923056,19.980915,0.176212
1927,1927,1779,39.46422475717648,-35.338800241181715,139701.625,0.558408653887189,56277.15536384983,20.588426,0.147091
1928,1928,1779,39.46422475717648,-35.338800241181715,139701.625,0.558408653887189,56508.350781461224,20.448119,0.139269
1929,1929,1779,39.46422475717648,-35.338800241181715,139701.625,0.558408653887189,56514.42986942781,20.28394,0.157819
1930,1930,1779,39.46422475717648,-35.338800241181715,139701.625,0.558408653887189,56518.30699165305,20.073496,0.15871
1931,1931,1779,39.46422475717648,-35.338800241181715,139701.625,0.558408653887189,56518.37288004998,20.279354,0.128715
1932,1932,1779,39.46422475717648,-35.338800241181715,139701.625,0.558408653887189,56520.4005810665,20.979479,0.193341
1933,1933,1779,39.46422475717648,-35.338800241181715,139701.625,0.558408653887189,56520.42205001833,21.002645,0.194328
1934,1934,1779,39.46422475717648,-35.338800241181715,139701.625,0.558408653887189,56564.264548106585,20.746978,0.16672
1935,1935,1779,39.46422475717648,-35.338800241181715,139701.625,0.558408653887189,56564.33446234418,20.776914,0.208171
1936,1936,1779,39.46422475717648,-35.338800241181715,139701.625,0.558408653887189,56570.23156134179,20.098073,0.173782
1937,1937,1779,39.46422475717648,-35.338800241181715,139701.625,0.558408653887189,56572.22663406236,21.01296,0.201248
1938,1938,1779,39.46422475717648,-35.338800241181715,139701.625,0.558408653887189,56576.35809047241,20.367449,0.134391
1939,1939,1779,39.46422475717648,-35.338800241181715,139701.625,0.558408653887189,56622.1991426358,20.216407,0.142611
1940,1940,1779,39.46422475717648,-35.338800241181715,139701.625,0.558408653887189,56624.122526687104,20.847773,0.173611
1941,1941,1779,39.46422475717648,-35.338800241181715,139701.625,0.558408653887189,56626.19228618452,20.690549,0.168688
1942,1942,1779,39.46422475717648,-35.338800241181715,139701.625,0.558408653887189,56628.17873102659,20.670944,0.164326
1943,1943,1779,39.46422475717648,-35.338800241181715,139701.625,0.558408653887189,56632.180138660595,20.812344,0.198282
1944,1944,1779,39.46422475717648,-35.338800241181715,139701.625,0.558408653887189,56636.17229221063,20.38492,0.143177
1945,1945,1779,39.46422475717648,-35.338800241181715,139701.625,0.558408653887189,56943.28054752899,20.08161,0.120783
1946,1946,1779,39.46422475717648,-35.338800241181715,139701.625,0.558408653887189,56951.210913706105,20.749464,0.15199
1947,1947,1779,39.46422475717648,-35.338800241181715,139701.625,0.558408653887189,56953.17452521343,21.009197,0.18051
1948,1948,1779,39.46422475717648,-35.338800241181715,139701.625,0.558408653887189,56953.257887913845,20.878465,0.16672
1949,1949,1779,39.46422475717648,-35.338800241181715,139701.625,0.558408653887189,56955.22928987816,21.081837,0.208171
1950,1950,1779,39.46422475717648,-35.338800241181715,139701.625,0.558408653887189,56955.30143808294,20.933181,0.18051
1951,1951,1779,39.46422475717648,-35.338800241181715,139701.625,0.558408653887189,56959.215742173605,21.0687,0.196305
1952,1952,1779,39.46422475717648,-35.338800241181715,139701.625,0.558408653887189,56961.21309718024,20.435116,0.157438
1953,1953,1779,39.46422475717648,-35.338800241181715,139701.625,0.558408653887189,57311.21499799984,20.341326,0.181011
1954,1954,1779,39.46422475717648,-35.338800241181715,139701.625,0.558408653887189,57362.07434773678,20.012145,0.135377
1955,1955,1779,39.46422475717648,-35.338800241181715,139701.625,0.558408653887189,57362.15855804831,20.504951,0.131589
1956,1956,1779,39.46422475717648,-35.338800241181715,139701.625,0.558408653887189,57364.160325881094,20.696277,0.216091
1957,1957,1782,39.56491664,-34.96063222,138070.6875,0.5278079571446838,55484.144943539985,20.813902,0.165118
1958,1958,1782,39.56491664,-34.96063222,138070.6875,0.5278079571446838,56183.25170937972,20.61737,0.210513
1959,1959,1782,39.56491664,-34.96063222,138070.6875,0.5278079571446838,56185.27343120752,20.604842,0.171313
1960,1960,1782,39.56491664,-34.96063222,138070.6875,0.5278079571446838,56185.36239535594,20.57719,0.226507
1961,1961,1782,39.56491664,-34.96063222,138070.6875,0.5278079571446838,56187.327255828306,19.710405,0.161448
1962,1962,1782,39.56491664,-34.96063222,138070.6875,0.5278079571446838,56195.30579815665,20.47021,0.217912
1963,1963,1782,39.56491664,-34.96063222,138070.6875,0.5278079571446838,56213.22245900938,19.975968,0.179188
1964,1964,1782,39.56491664,-34.96063222,138070.6875,0.5278079571446838,56215.30089551443,20.115464,0.168556
1965,1965,1782,39.56491664,-34.96063222,138070.6875,0.5278079571446838,56221.209913895,20.661031,0.240406
1966,1966,1782,39.56491664,-34.96063222,138070.6875,0.5278079571446838,56223.22840556968,19.913202,0.187649
1967,1967,1782,39.56491664,-34.96063222,138070.6875,0.5278079571446838,56267.091941938736,20.300501,0.150054
1968,1968,1782,39.56491664,-34.96063222,138070.6875,0.5278079571446838,56267.17509906227,20.56726,0.184394
1969,1969,1782,39.56491664,-34.96063222,138070.6875,0.5278079571446838,56269.17342999764,20.223107,0.184866
1970,1970,1782,39.56491664,-34.96063222,138070.6875,0.5278079571446838,56277.072133927606,20.052956,0.147922
1971,1971,1782,39.56491664,-34.96063222,138070.6875,0.5278079571446838,56277.15534981061,20.608232,0.207777
1972,1972,1782,39.56491664,-34.96063222,138070.6875,0.5278079571446838,56508.26611599699,20.1704,0.160427
1973,1973,1782,39.56491664,-34.96063222,138070.6875,0.5278079571446838,56508.35081232479,20.754158,0.189155
1974,1974,1782,39.56491664,-34.96063222,138070.6875,0.5278079571446838,56510.3693210301,20.091514,0.159454
1975,1975,1782,39.56491664,-34.96063222,138070.6875,0.5278079571446838,56518.30702406075,20.348491,0.177152
1976,1976,1782,39.56491664,-34.96063222,138070.6875,0.5278079571446838,56518.37291246466,20.521259,0.186562
1977,1977,1782,39.56491664,-34.96063222,138070.6875,0.5278079571446838,56520.400613672566,20.239485,0.137913
1978,1978,1782,39.56491664,-34.96063222,138070.6875,0.5278079571446838,56520.42208262626,20.39523,0.164958
1979,1979,1782,39.56491664,-34.96063222,138070.6875,0.5278079571446838,56562.243080364075,20.862741,0.147411
1980,1980,1782,39.56491664,-34.96063222,138070.6875,0.5278079571446838,56564.2645747019,20.766998,0.190747
1981,1981,1782,39.56491664,-34.96063222,138070.6875,0.5278079571446838,56564.33448891528,20.428225,0.199107
1982,1982,1782,39.56491664,-34.96063222,138070.6875,0.5278079571446838,56572.22665766161,20.552319,0.200779
1983,1983,1782,39.56491664,-34.96063222,138070.6875,0.5278079571446838,56576.35811233008,20.297958,0.170049
1984,1984,1782,39.56491664,-34.96063222,138070.6875,0.5278079571446838,56620.199999795295,20.85165,0.213457
1985,1985,1782,39.56491664,-34.96063222,138070.6875,0.5278079571446838,56626.10685610119,20.704288,0.180275
1986,1986,1782,39.56491664,-34.96063222,138070.6875,0.5278079571446838,56628.09318390163,20.259252,0.151255
1987,1987,1782,39.56491664,-34.96063222,138070.6875,0.5278079571446838,56628.178724842146,20.554254,0.169145
1988,1988,1782,39.56491664,-34.96063222,138070.6875,0.5278079571446838,56630.08924911497,20.767772,0.162425
1989,1989,1782,39.56491664,-34.96063222,138070.6875,0.5278079571446838,56636.088904185686,20.528038,0.201897
1990,1990,1782,39.56491664,-34.96063222,138070.6875,0.5278079571446838,56638.084580908064,19.997669,0.213443
1991,1991,1782,39.56491664,-34.96063222,138070.6875,0.5278079571446838,56638.16759965196,20.063328,0.206776
1992,1992,1782,39.56491664,-34.96063222,138070.6875,0.5278079571446838,56943.19668543385,20.391619,0.183595
1993,1993,1782,39.56491664,-34.96063222,138070.6875,0.5278079571446838,56943.280568648595,20.507166,0.214087
1994,1994,1782,39.56491664,-34.96063222,138070.6875,0.5278079571446838,56949.20720883319,20.917714,0.159859
1995,1995,1782,39.56491664,-34.96063222,138070.6875,0.5278079571446838,56951.21093108505,20.776799,0.168668
1996,1996,1782,39.56491664,-34.96063222,138070.6875,0.5278079571446838,56953.17454161169,20.149122,0.134224
1997,1997,1782,39.56491664,-34.96063222,138070.6875,0.5278079571446838,56953.25790426973,20.822119,0.17175
1998,1998,1782,39.56491664,-34.96063222,138070.6875,0.5278079571446838,56955.30145339668,20.11784,0.151519
1999,1999,1782,39.56491664,-34.96063222,138070.6875,0.5278079571446838,56961.21310937358,20.477874,0.17983
2000,2000,1782,39.56491664,-34.96063222,138070.6875,0.5278079571446838,56963.190929587465,20.068615,0.190667
2001,2001,1782,39.56491664,-34.96063222,138070.6875,0.5278079571446838,56963.27429265017,20.484764,0.192117
2002,2002,1782,39.56491664,-34.96063222,138070.6875,0.5278079571446838,57342.15900030825,19.919594,0.219274
2003,2003,1782,39.56491664,-34.96063222,138070.6875,0.5278079571446838,57360.15940297302,20.551417,0.208044
2004,2004,1784,39.57521847,-34.96447018,132580.4375,0.5933663687473109,55484.14494419703,20.674613,0.165832
2005,2005,1784,39.57521847,-34.96447018,132580.4375,0.5933663687473109,56179.38394411374,20.405797,0.177959
2006,2006,1784,39.57521847,-34.96447018,132580.4375,0.5933663687473109,56185.362395716365,20.170297,0.178317
2007,2007,1784,39.57521847,-34.96447018,132580.4375,0.5933663687473109,56207.32909874385,19.745808,0.150679
2008,2008,1784,39.57521847,-34.96447018,132580.4375,0.5933663687473109,56211.294071686454,20.447512,0.182564
2009,2009,1784,39.57521847,-34.96447018,132580.4375,0.5933663687473109,56213.22245965572,20.117308,0.174979
2010,2010,1784,39.57521847,-34.96447018,132580.4375,0.5933663687473109,56213.32034656592,20.19667,0.189865
2011,2011,1784,39.57521847,-34.96447018,132580.4375,0.5933663687473109,56219.21707082586,20.318344,0.232804
2012,2012,1784,39.57521847,-34.96447018,132580.4375,0.5933663687473109,56223.35821272805,20.450961,0.260663
2013,2013,1784,39.57521847,-34.96447018,132580.4375,0.5933663687473109,56263.09480741946,20.120226,0.165954
2014,2014,1784,39.57521847,-34.96447018,132580.4375,0.5933663687473109,56267.175099805,20.655977,0.194849
2015,2015,1784,39.57521847,-34.96447018,132580.4375,0.5933663687473109,56269.089497993235,20.297896,0.19584
2016,2016,1784,39.57521847,-34.96447018,132580.4375,0.5933663687473109,56273.083220843226,20.493251,0.193227
2017,2017,1784,39.57521847,-34.96447018,132580.4375,0.5933663687473109,56273.16804511985,20.05835,0.135158
2018,2018,1784,39.57521847,-34.96447018,132580.4375,0.5933663687473109,56506.39278335683,20.230471,0.148519
2019,2019,1784,39.57521847,-34.96447018,132580.4375,0.5933663687473109,56508.26611578651,20.613709,0.179125
2020,2020,1784,39.57521847,-34.96447018,132580.4375,0.5933663687473109,56510.369320848025,20.882657,0.191465
2021,2021,1784,39.57521847,-34.96447018,132580.4375,0.5933663687473109,56514.429901224095,20.480849,0.207854
2022,2022,1784,39.57521847,-34.96447018,132580.4375,0.5933663687473109,56518.307023987174,20.519867,0.197847
2023,2023,1784,39.57521847,-34.96447018,132580.4375,0.5933663687473109,56518.37291239202,20.278486,0.1652
2024,2024,1784,39.57521847,-34.96447018,132580.4375,0.5933663687473109,56520.40061362786,20.979771,0.16284
2025,2025,1784,39.57521847,-34.96447018,132580.4375,0.5933663687473109,56520.42208258202,20.707109,0.187182
2026,2026,1784,39.57521847,-34.96447018,132580.4375,0.5933663687473109,56562.24308085861,20.46816,0.206748
2027,2027,1784,39.57521847,-34.96447018,132580.4375,0.5933663687473109,56564.26457521785,20.667516,0.193135
2028,2028,1784,39.57521847,-34.96447018,132580.4375,0.5933663687473109,56564.33448943216,20.584705,0.190002
2029,2029,1784,39.57521847,-34.96447018,132580.4375,0.5933663687473109,56572.22665825486,19.913508,0.137847
2030,2030,1784,39.57521847,-34.96447018,132580.4375,0.5933663687473109,56572.364993712865,20.451779,0.200537
2031,2031,1784,39.57521847,-34.96447018,132580.4375,0.5933663687473109,56576.22736951802,20.942212,0.174572
2032,2032,1784,39.57521847,-34.96447018,132580.4375,0.5933663687473109,56576.35811295919,20.071746,0.158663
2033,2033,1784,39.57521847,-34.96447018,132580.4375,0.5933663687473109,56578.20858951798,19.985663,0.196959
2034,2034,1784,39.57521847,-34.96447018,132580.4375,0.5933663687473109,56610.204722973984,19.531021,0.10669
2035,2035,1784,39.57521847,-34.96447018,132580.4375,0.5933663687473109,56618.12035849132,20.521901,0.168285
2036,2036,1784,39.57521847,-34.96447018,132580.4375,0.5933663687473109,56622.1147112879,20.18597,0.161657
2037,2037,1784,39.57521847,-34.96447018,132580.4375,0.5933663687473109,56624.1225236021,20.600158,0.190797
2038,2038,1784,39.57521847,-34.96447018,132580.4375,0.5933663687473109,56626.106856867205,20.752273,0.177142
2039,2039,1784,39.57521847,-34.96447018,132580.4375,0.5933663687473109,56626.19228190277,20.361872,0.167176
2040,2040,1784,39.57521847,-34.96447018,132580.4375,0.5933663687473109,56628.09318466112,20.719002,0.169797
2041,2041,1784,39.57521847,-34.96447018,132580.4375,0.5933663687473109,56628.17872560164,20.843506,0.163157
2042,2042,1784,39.57521847,-34.96447018,132580.4375,0.5933663687473109,56630.089249867015,20.525217,0.157459
2043,2043,1784,39.57521847,-34.96447018,132580.4375,0.5933663687473109,56632.0968812597,20.604446,0.179151
2044,2044,1784,39.57521847,-34.96447018,132580.4375,0.5933663687473109,56632.180130953435,20.142354,0.168626
2045,2045,1784,39.57521847,-34.96447018,132580.4375,0.5933663687473109,56636.1722822641,20.543013,0.218814
2046,2046,1784,39.57521847,-34.96447018,132580.4375,0.5933663687473109,56638.08458162239,19.696311,0.156632
2047,2047,1784,39.57521847,-34.96447018,132580.4375,0.5933663687473109,56943.196686076,20.252091,0.181108
2048,2048,1784,39.57521847,-34.96447018,132580.4375,0.5933663687473109,56943.28056929167,20.68288,0.201689
2049,2049,1784,39.57521847,-34.96447018,132580.4375,0.5933663687473109,56949.20720951911,20.855024,0.168633
2050,2050,1784,39.57521847,-34.96447018,132580.4375,0.5933663687473109,56953.174542322755,19.994705,0.136299
2051,2051,1784,39.57521847,-34.96447018,132580.4375,0.5933663687473109,56953.25790498126,20.492654,0.173506
2052,2052,1784,39.57521847,-34.96447018,132580.4375,0.5933663687473109,56957.34428751469,20.041239,0.160593
2053,2053,1784,39.57521847,-34.96447018,132580.4375,0.5933663687473109,56959.2157561793,20.637208,0.168396
2054,2054,1784,39.57521847,-34.96447018,132580.4375,0.5933663687473109,56961.21311012423,20.733902,0.178515
2055,2055,1784,39.57521847,-34.96447018,132580.4375,0.5933663687473109,56963.27429340873,19.942423,0.174539
2056,2056,1784,39.57521847,-34.96447018,132580.4375,0.5933663687473109,57346.06075492501,20.106011,0.163502
2057,2057,1784,39.57521847,-34.96447018,132580.4375,0.5933663687473109,57362.074340382125,20.286621,0.176977
2058,2058,1784,39.57521847,-34.96447018,132580.4375,0.5933663687473109,57362.15855064569,20.495815,0.181867
2167,2167,1794,39.68947241,-34.99002211,142026.546875,0.6585315488597185,55484.14495205181,20.956496,0.163438
2168,2168,1794,39.68947241,-34.99002211,142026.546875,0.6585315488597185,56221.292672039475,20.538243,0.192489
2169,2169,1794,39.68947241,-34.99002211,142026.546875,0.6585315488597185,56223.228414580226,20.299667,0.179768
2170,2170,1794,39.68947241,-34.99002211,142026.546875,0.6585315488597185,56225.28162796935,20.227669,0.206851
2171,2171,1794,39.68947241,-34.99002211,142026.546875,0.6585315488597185,56267.17510740319,20.639135,0.188516
2172,2172,1794,39.68947241,-34.99002211,142026.546875,0.6585315488597185,56269.17343818396,20.805089,0.162759
2173,2173,1794,39.68947241,-34.99002211,142026.546875,0.6585315488597185,56508.3508111299,20.719092,0.191227
2174,2174,1794,39.68947241,-34.99002211,142026.546875,0.6585315488597185,56510.36932016816,20.242123,0.147617
2175,2175,1794,39.68947241,-34.99002211,142026.546875,0.6585315488597185,56514.320403059945,20.085132,0.159704
2176,2176,1794,39.68947241,-34.99002211,142026.546875,0.6585315488597185,56514.42990116123,20.636062,0.207474
2177,2177,1794,39.68947241,-34.99002211,142026.546875,0.6585315488597185,56516.2677453463,20.644902,0.191722
2178,2178,1794,39.68947241,-34.99002211,142026.546875,0.6585315488597185,56518.30702451337,20.260001,0.156873
2179,2179,1794,39.68947241,-34.99002211,142026.546875,0.6585315488597185,56518.37291292846,20.30093,0.169748
2180,2180,1794,39.68947241,-34.99002211,142026.546875,0.6585315488597185,56520.400614472106,20.490908,0.162774
2181,2181,1794,39.68947241,-34.99002211,142026.546875,0.6585315488597185,56520.42208342906,20.684416,0.184854
2182,2182,1794,39.68947241,-34.99002211,142026.546875,0.6585315488597185,56562.34838103736,20.535139,0.199373
2183,2183,1794,39.68947241,-34.99002211,142026.546875,0.6585315488597185,56570.34635413252,20.421618,0.185593
2184,2184,1794,39.68947241,-34.99002211,142026.546875,0.6585315488597185,56572.22666556109,20.696193,0.196917
2185,2185,1794,39.68947241,-34.99002211,142026.546875,0.6585315488597185,56572.365001030266,20.531305,0.206838
2186,2186,1794,39.68947241,-34.99002211,142026.546875,0.6585315488597185,56576.227377126925,20.247281,0.152237
2187,2187,1794,39.68947241,-34.99002211,142026.546875,0.6585315488597185,56576.35812057741,20.577833,0.193806
2188,2188,1794,39.68947241,-34.99002211,142026.546875,0.6585315488597185,56578.294042886235,20.700362,0.212419
2189,2189,1794,39.68947241,-34.99002211,142026.546875,0.6585315488597185,56618.12036685366,20.633886,0.170975
2190,2190,1794,39.68947241,-34.99002211,142026.546875,0.6585315488597185,56624.12253170321,20.913802,0.181429
2191,2191,1794,39.68947241,-34.99002211,142026.546875,0.6585315488597185,56626.106864863075,20.816515,0.180875
2192,2192,1794,39.68947241,-34.99002211,142026.546875,0.6585315488597185,56626.192289893515,20.763323,0.171773
2193,2193,1794,39.68947241,-34.99002211,142026.546875,0.6585315488597185,56628.1787334769,20.95219,0.16506
2194,2194,1794,39.68947241,-34.99002211,142026.546875,0.6585315488597185,56636.17228958337,20.630143,0.215707
2195,2195,1794,39.68947241,-34.99002211,142026.546875,0.6585315488597185,56638.08458878752,20.57339,0.248443
2196,2196,1794,39.68947241,-34.99002211,142026.546875,0.6585315488597185,56638.16760752443,20.151425,0.218655
2197,2197,1794,39.68947241,-34.99002211,142026.546875,0.6585315488597185,56949.20721760439,20.774977,0.166101
2198,2198,1794,39.68947241,-34.99002211,142026.546875,0.6585315488597185,56953.17455059569,20.960665,0.173185
2199,2199,1794,39.68947241,-34.99002211,142026.546875,0.6585315488597185,57360.15941151185,20.777047,0.207034
2200,2200,1794,39.68947241,-34.99002211,142026.546875,0.6585315488597185,57362.1585582979,20.761299,0.179337
2237,2237,1796,39.705622655802614,-34.94665797976974,138618.78125,0.6323539302627835,55484.14495473728,20.655641,0.138388
2238,2238,1796,39.705622655802614,-34.94665797976974,138618.78125,0.6323539302627835,55484.260757144075,20.850926,0.110066
2239,2239,1796,39.705622655802614,-34.94665797976974,138618.78125,0.6323539302627835,55507.03119961871,20.754019,0.098099
2240,2240,1796,39.705622655802614,-34.94665797976974,138618.78125,0.6323539302627835,55507.17048567021,20.81762,0.091271
2241,2241,1796,39.705622655802614,-34.94665797976974,138618.78125,0.6323539302627835,55507.25886027469,21.01839,0.121366
2242,2242,1796,39.705622655802614,-34.94665797976974,138618.78125,0.6323539302627835,56183.33518524701,20.21479,0.151866
2243,2243,1796,39.705622655802614,-34.94665797976974,138618.78125,0.6323539302627835,56185.27344041411,20.074018,0.174572
2244,2244,1796,39.705622655802614,-34.94665797976974,138618.78125,0.6323539302627835,56195.30580835743,20.586573,0.184453
2245,2245,1796,39.705622655802614,-34.94665797976974,138618.78125,0.6323539302627835,56211.29408217128,20.530734,0.170655
2246,2246,1796,39.705622655802614,-34.94665797976974,138618.78125,0.6323539302627835,56211.341856708284,20.658528,0.225999
2247,2247,1796,39.705622655802614,-34.94665797976974,138618.78125,0.6323539302627835,56221.29267436778,20.295402,0.151008
2248,2248,1796,39.705622655802614,-34.94665797976974,138618.78125,0.6323539302627835,56223.22841679817,20.395232,0.169672
2249,2249,1796,39.705622655802614,-34.94665797976974,138618.78125,0.6323539302627835,56265.1794305644,20.436282,0.165737
2250,2250,1796,39.705622655802614,-34.94665797976974,138618.78125,0.6323539302627835,56273.16805115156,20.182308,0.149286
2251,2251,1796,39.705622655802614,-34.94665797976974,138618.78125,0.6323539302627835,56277.15535591776,20.453832,0.150338
2252,2252,1796,39.705622655802614,-34.94665797976974,138618.78125,0.6323539302627835,56508.26611835603,20.487891,0.176565
2253,2253,1796,39.705622655802614,-34.94665797976974,138618.78125,0.6323539302627835,56508.35081470013,20.390481,0.155746
2254,2254,1796,39.705622655802614,-34.94665797976974,138618.78125,0.6323539302627835,56510.29403703101,19.934841,0.146751
2255,2255,1796,39.705622655802614,-34.94665797976974,138618.78125,0.6323539302627835,56510.36932379659,20.477225,0.138742
2256,2256,1796,39.705622655802614,-34.94665797976974,138618.78125,0.6323539302627835,56514.32040678896,20.79835,0.174594
2257,2257,1796,39.705622655802614,-34.94665797976974,138618.78125,0.6323539302627835,56518.307028325275,20.852826,0.186427
2258,2258,1796,39.705622655802614,-34.94665797976974,138618.78125,0.6323539302627835,56518.3729167413,20.646195,0.155913
2259,2259,1796,39.705622655802614,-34.94665797976974,138618.78125,0.6323539302627835,56520.400618319865,20.062079,0.156813
2260,2260,1796,39.705622655802614,-34.94665797976974,138618.78125,0.6323539302627835,56520.422087277286,20.082694,0.149393
2261,2261,1796,39.705622655802614,-34.94665797976974,138618.78125,0.6323539302627835,56560.23059961526,20.168595,0.144156
2262,2262,1796,39.705622655802614,-34.94665797976974,138618.78125,0.6323539302627835,56560.314100921154,20.418804,0.168687
2263,2263,1796,39.705622655802614,-34.94665797976974,138618.78125,0.6323539302627835,56562.243090700824,20.558842,0.171641
2264,2264,1796,39.705622655802614,-34.94665797976974,138618.78125,0.6323539302627835,56564.26458518999,20.57363,0.149048
2265,2265,1796,39.705622655802614,-34.94665797976974,138618.78125,0.6323539302627835,56568.23485811427,21.058275,0.270668
2266,2266,1796,39.705622655802614,-34.94665797976974,138618.78125,0.6323539302627835,56570.346357267816,20.011026,0.160012
2267,2267,1796,39.705622655802614,-34.94665797976974,138618.78125,0.6323539302627835,56572.22666861443,20.269768,0.155461
2268,2268,1796,39.705622655802614,-34.94665797976974,138618.78125,0.6323539302627835,56572.365004077554,20.286888,0.153953
2269,2269,1796,39.705622655802614,-34.94665797976974,138618.78125,0.6323539302627835,56576.2273799954,20.95158,0.188401
2270,2270,1796,39.705622655802614,-34.94665797976974,138618.78125,0.6323539302627835,56576.35812343983,20.662633,0.177552
2271,2271,1796,39.705622655802614,-34.94665797976974,138618.78125,0.6323539302627835,56578.29404565366,20.56119,0.176565
2272,2272,1796,39.705622655802614,-34.94665797976974,138618.78125,0.6323539302627835,56622.19914886914,20.104778,0.176293
2273,2273,1796,39.705622655802614,-34.94665797976974,138618.78125,0.6323539302627835,56624.12253157748,20.252344,0.132225
2274,2274,1796,39.705622655802614,-34.94665797976974,138618.78125,0.6323539302627835,56624.20608151192,20.604248,0.174594
2275,2275,1796,39.705622655802614,-34.94665797976974,138618.78125,0.6323539302627835,56626.106864599045,20.687836,0.151197
2276,2276,1796,39.705622655802614,-34.94665797976974,138618.78125,0.6323539302627835,56626.1922896239,20.586017,0.160821
2277,2277,1796,39.705622655802614,-34.94665797976974,138618.78125,0.6323539302627835,56628.09319214057,20.546491,0.152969
2278,2278,1796,39.705622655802614,-34.94665797976974,138618.78125,0.6323539302627835,56628.178733069915,20.815845,0.180508
2279,2279,1796,39.705622655802614,-34.94665797976974,138618.78125,0.6323539302627835,56630.08925708383,20.743317,0.164752
2280,2280,1796,39.705622655802614,-34.94665797976974,138618.78125,0.6323539302627835,56636.08891128795,20.263674,0.135365
2281,2281,1796,39.705622655802614,-34.94665797976974,138618.78125,0.6323539302627835,56636.17228862876,20.524944,0.168687
2282,2282,1796,39.705622655802614,-34.94665797976974,138618.78125,0.6323539302627835,56949.20722007658,20.417334,0.144914
2283,2283,1796,39.705622655802614,-34.94665797976974,138618.78125,0.6323539302627835,56951.21094233077,20.567177,0.133415
2284,2284,1796,39.705622655802614,-34.94665797976974,138618.78125,0.6323539302627835,56953.17455284577,20.759468,0.15493
2285,2285,1796,39.705622655802614,-34.94665797976974,138618.78125,0.6323539302627835,56955.22931643622,20.952871,0.186427
2286,2286,1796,39.705622655802614,-34.94665797976974,138618.78125,0.6323539302627835,56955.30146460282,20.681007,0.15984
2287,2287,1796,39.705622655802614,-34.94665797976974,138618.78125,0.6323539302627835,56957.344297945965,20.322112,0.198283
2288,2288,1796,39.705622655802614,-34.94665797976974,138618.78125,0.6323539302627835,56959.215766551904,20.32109,0.127218
2289,2289,1796,39.705622655802614,-34.94665797976974,138618.78125,0.6323539302627835,56959.292926114984,20.356243,0.162038
2290,2290,1796,39.705622655802614,-34.94665797976974,138618.78125,0.6323539302627835,56961.21312042186,20.542099,0.139268
2291,2291,1796,39.705622655802614,-34.94665797976974,138618.78125,0.6323539302627835,57360.15941100335,20.271256,0.140766
2292,2292,1796,39.705622655802614,-34.94665797976974,138618.78125,0.6323539302627835,57362.07434739964,20.206544,0.169834
2293,2293,1796,39.705622655802614,-34.94665797976974,138618.78125,0.6323539302627835,57362.15855765203,20.51236,0.161857
2294,2294,1797,39.71694845,-34.97828368,135926.40625,0.4881710891288163,56508.3508123029,20.450727,0.180082
2295,2295,1797,39.71694845,-34.97828368,135926.40625,0.4881710891288163,56510.36932142032,20.827936,0.190633
2296,2296,1797,39.71694845,-34.97828368,135926.40625,0.4881710891288163,56514.32040446251,20.939893,0.195185
2297,2297,1797,39.71694845,-34.97828368,135926.40625,0.4881710891288163,56518.30702606077,20.738676,0.207035
2298,2298,1797,39.71694845,-34.97828368,135926.40625,0.4881710891288163,56518.37291447818,20.893348,0.182116
2299,2299,1797,39.71694845,-34.97828368,135926.40625,0.4881710891288163,56520.40061609261,20.142383,0.140971
2300,2300,1797,39.71694845,-34.97828368,135926.40625,0.4881710891288163,56520.42208505049,20.345506,0.160755
2301,2301,1797,39.71694845,-34.97828368,135926.40625,0.4881710891288163,56570.34635666013,20.403088,0.176095
2302,2302,1797,39.71694845,-34.97828368,135926.40625,0.4881710891288163,56572.22666808637,20.430124,0.18614
2303,2303,1797,39.71694845,-34.97828368,135926.40625,0.4881710891288163,56572.36500355508,20.676547,0.203831
2304,2304,1797,39.71694845,-34.97828368,135926.40625,0.4881710891288163,56576.22737963824,20.868632,0.189729
2305,2305,1797,39.71694845,-34.97828368,135926.40625,0.4881710891288163,56578.294045385905,20.639171,0.217405
2306,2306,1797,39.71694845,-34.97828368,135926.40625,0.4881710891288163,56618.12036852632,20.461311,0.166507
2307,2307,1797,39.71694845,-34.97828368,135926.40625,0.4881710891288163,56622.11472102301,20.522478,0.196129
2308,2308,1797,39.71694845,-34.97828368,135926.40625,0.4881710891288163,56622.19915039465,20.905234,0.189904
2309,2309,1797,39.71694845,-34.97828368,135926.40625,0.4881710891288163,56624.12253316864,20.583344,0.186933
2310,2310,1797,39.71694845,-34.97828368,135926.40625,0.4881710891288163,56624.20608310588,20.738053,0.201956
2311,2311,1797,39.71694845,-34.97828368,135926.40625,0.4881710891288163,56626.10686625587,20.943648,0.174809
2312,2312,1797,39.71694845,-34.97828368,135926.40625,0.4881710891288163,56628.09319386119,20.590645,0.170528
2313,2313,1797,39.71694845,-34.97828368,135926.40625,0.4881710891288163,56632.09689004626,20.71479,0.178155
2314,2314,1797,39.71694845,-34.97828368,135926.40625,0.4881710891288163,56632.180139730684,20.350222,0.178085
2315,2315,1797,39.71694845,-34.97828368,135926.40625,0.4881710891288163,56636.088913244195,20.302941,0.18925
2316,2316,1797,39.71694845,-34.97828368,135926.40625,0.4881710891288163,56638.084589714184,20.24019,0.216371
2317,2317,1797,39.71694845,-34.97828368,135926.40625,0.4881710891288163,56949.20722005423,20.413106,0.144873
2318,2318,1797,39.71694845,-34.97828368,135926.40625,0.4881710891288163,56951.2109423955,20.685943,0.164271
2319,2319,1797,39.71694845,-34.97828368,135926.40625,0.4881710891288163,56951.29811261734,20.39573,0.159868
2320,2320,1797,39.71694845,-34.97828368,135926.40625,0.4881710891288163,56953.17455299571,20.86933,0.180428
2321,2321,1797,39.71694845,-34.97828368,135926.40625,0.4881710891288163,56953.257915657014,20.44301,0.163756
2322,2322,1797,39.71694845,-34.97828368,135926.40625,0.4881710891288163,56955.30146484543,20.685943,0.183674
2323,2323,1797,39.71694845,-34.97828368,135926.40625,0.4881710891288163,56959.21576696355,20.7153,0.170049
2324,2324,1797,39.71694845,-34.97828368,135926.40625,0.4881710891288163,56961.213120918255,20.289282,0.152372
2325,2325,1797,39.71694845,-34.97828368,135926.40625,0.4881710891288163,56963.1909411368,20.162533,0.199461
2326,2326,1797,39.71694845,-34.97828368,135926.40625,0.4881710891288163,56963.2743041995,20.434973,0.191062
2327,2327,1797,39.71694845,-34.97828368,135926.40625,0.4881710891288163,57360.159412772395,20.565212,0.2065
2328,2328,1797,39.71694845,-34.97828368,135926.40625,0.4881710891288163,57362.074349226896,20.508819,0.187687
2329,2329,1797,39.71694845,-34.97828368,135926.40625,0.4881710891288163,57362.15855948161,20.716922,0.181903
2330,2330,1798,39.75160372,-34.92692896,132978.046875,0.6008740353323775,56510.36932589719,20.952927,0.180554
2331,2331,1798,39.75160372,-34.92692896,132978.046875,0.6008740353323775,56514.320409141015,20.153968,0.155122
2332,2332,1798,39.75160372,-34.92692896,132978.046875,0.6008740353323775,56514.429907251615,20.349648,0.19568
2333,2333,1798,39.75160372,-34.92692896,132978.046875,0.6008740353323775,56518.37291934015,20.690897,0.188221
2334,2334,1798,39.75160372,-34.92692896,132978.046875,0.6008740353323775,56520.40062103653,20.333023,0.149733
2335,2335,1798,39.75160372,-34.92692896,132978.046875,0.6008740353323775,56520.42208999535,20.387497,0.166469
2336,2336,1798,39.75160372,-34.92692896,132978.046875,0.6008740353323775,56562.348388679326,20.456997,0.199945
2337,2337,1798,39.75160372,-34.92692896,132978.046875,0.6008740353323775,56564.26458940562,20.435992,0.184362
2338,2338,1798,39.75160372,-34.92692896,132978.046875,0.6008740353323775,56570.34636150347,20.416352,0.180117
2339,2339,1798,39.75160372,-34.92692896,132978.046875,0.6008740353323775,56576.227384204045,19.954717,0.154232
2340,2340,1798,39.75160372,-34.92692896,132978.046875,0.6008740353323775,56576.358127647545,20.582403,0.196478
2341,2341,1798,39.75160372,-34.92692896,132978.046875,0.6008740353323775,56618.12036994612,20.544891,0.166487
2342,2342,1798,39.75160372,-34.92692896,132978.046875,0.6008740353323775,56622.11472207308,20.78819,0.194106
2343,2343,1798,39.75160372,-34.92692896,132978.046875,0.6008740353323775,56622.199151437264,20.672975,0.214814
2344,2344,1798,39.75160372,-34.92692896,132978.046875,0.6008740353323775,56624.12253403105,20.797841,0.187266
2345,2345,1798,39.75160372,-34.92692896,132978.046875,0.6008740353323775,56626.10686693201,20.060482,0.1279
2346,2346,1798,39.75160372,-34.92692896,132978.046875,0.6008740353323775,56626.19229195127,20.461865,0.159624
2347,2347,1798,39.75160372,-34.92692896,132978.046875,0.6008740353323775,56628.0931943492,20.413791,0.156799
2348,2348,1798,39.75160372,-34.92692896,132978.046875,0.6008740353323775,56628.178735273425,20.568574,0.177301
2349,2349,1798,39.75160372,-34.92692896,132978.046875,0.6008740353323775,56632.09689015476,20.06348,0.138652
2350,2350,1798,39.75160372,-34.92692896,132978.046875,0.6008740353323775,56632.18013983173,20.621128,0.202395
2351,2351,1798,39.75160372,-34.92692896,132978.046875,0.6008740353323775,56638.08458925504,20.151189,0.21425
2352,2352,1798,39.75160372,-34.92692896,132978.046875,0.6008740353323775,56949.20722418139,20.704575,0.164298
2353,2353,1798,39.75160372,-34.92692896,132978.046875,0.6008740353323775,56951.21094639599,20.173659,0.130329
2354,2354,1798,39.75160372,-34.92692896,132978.046875,0.6008740353323775,56951.29811661225,20.729555,0.191556
2355,2355,1798,39.75160372,-34.92692896,132978.046875,0.6008740353323775,56953.174556867685,20.641257,0.178979
2356,2356,1798,39.75160372,-34.92692896,132978.046875,0.6008740353323775,56953.257919522934,20.758763,0.172928
2357,2357,1798,39.75160372,-34.92692896,132978.046875,0.6008740353323775,56955.229320407845,20.396711,0.144709
2358,2358,1798,39.75160372,-34.92692896,132978.046875,0.6008740353323775,56955.301468572114,20.750037,0.193307
2359,2359,1798,39.75160372,-34.92692896,132978.046875,0.6008740353323775,56959.21577041084,20.57516,0.163824
2360,2360,1798,39.75160372,-34.92692896,132978.046875,0.6008740353323775,56963.190944283735,20.19554,0.183014
2361,2361,1798,39.75160372,-34.92692896,132978.046875,0.6008740353323775,56963.27430733992,20.352444,0.178883
2362,2362,1798,39.75160372,-34.92692896,132978.046875,0.6008740353323775,57311.21503326902,20.618231,0.177579
2363,2363,1798,39.75160372,-34.92692896,132978.046875,0.6008740353323775,57344.13273469126,20.15348,0.185265
2364,2364,1798,39.75160372,-34.92692896,132978.046875,0.6008740353323775,57360.159413113724,20.337588,0.191056
2365,2365,1798,39.75160372,-34.92692896,132978.046875,0.6008740353323775,57362.15855963342,20.082447,0.14141
2366,2366,1801,39.81475337,-34.96147873,141663.703125,0.5801796807038619,56267.17628255719,20.430929,0.168496
2367,2367,1801,39.81475337,-34.96147873,141663.703125,0.5801796807038619,56576.22855652822,20.859951,0.197487
2368,2368,1801,39.81475337,-34.96147873,141663.703125,0.5801796807038619,56576.35696217511,20.365109,0.186682
2369,2369,1801,39.81475337,-34.96147873,141663.703125,0.5801796807038619,56576.358131077606,20.140225,0.16269
2370,2370,1801,39.81475337,-34.96147873,141663.703125,0.5801796807038619,56578.29523387132,20.428173,0.188772
2371,2371,1801,39.81475337,-34.96147873,141663.703125,0.5801796807038619,56618.120374960825,20.192395,0.138306
2372,2372,1801,39.81475337,-34.96147873,141663.703125,0.5801796807038619,56618.1215438894,19.795534,0.181577
2373,2373,1801,39.81475337,-34.96147873,141663.703125,0.5801796807038619,56622.199156472925,20.206981,0.160337
2374,2374,1801,39.81475337,-34.96147873,141663.703125,0.5801796807038619,56622.2003369797,20.073254,0.167885
2375,2375,1801,39.81475337,-34.96147873,141663.703125,0.5801796807038619,56624.123731149826,20.536294,0.187934
2376,2376,1801,39.81475337,-34.96147873,141663.703125,0.5801796807038619,56628.178740294185,20.751345,0.174769
2377,2377,1801,39.81475337,-34.96147873,141663.703125,0.5801796807038619,56632.0968951378,20.317748,0.15764
2378,2378,1801,39.81475337,-34.96147873,141663.703125,0.5801796807038619,56632.098087229766,20.436547,0.177965
2379,2379,1801,39.81475337,-34.96147873,141663.703125,0.5801796807038619,56632.18014481338,20.636148,0.212657
2380,2380,1801,39.81475337,-34.96147873,141663.703125,0.5801796807038619,56632.181313757785,20.394553,0.173564
2381,2381,1801,39.81475337,-34.96147873,141663.703125,0.5801796807038619,56636.09008684335,20.575497,0.228995
2382,2382,1801,39.81475337,-34.96147873,141663.703125,0.5801796807038619,56636.17229522811,20.440023,0.20975
2383,2383,1801,39.81475337,-34.96147873,141663.703125,0.5801796807038619,56943.281756435055,20.474544,0.234337
2384,2384,1801,39.81475337,-34.96147873,141663.703125,0.5801796807038619,56949.207228070125,20.948101,0.157556
2385,2385,1801,39.81475337,-34.96147873,141663.703125,0.5801796807038619,56951.21095039463,20.523778,0.166254
2386,2386,1801,39.81475337,-34.96147873,141663.703125,0.5801796807038619,56951.21211929945,20.421691,0.167546
2387,2387,1801,39.81475337,-34.96147873,141663.703125,0.5801796807038619,56951.294613900594,20.943166,0.172223
2388,2388,1801,39.81475337,-34.96147873,141663.703125,0.5801796807038619,56951.29812061554,20.754479,0.183761
2389,2389,1801,39.81475337,-34.96147873,141663.703125,0.5801796807038619,56953.25909253396,20.804937,0.176059
2390,2390,1801,39.81475337,-34.96147873,141663.703125,0.5801796807038619,56955.229324610904,20.362444,0.146813
2391,2391,1801,39.81475337,-34.96147873,141663.703125,0.5801796807038619,56955.23049351806,20.172658,0.136656
2392,2392,1801,39.81475337,-34.96147873,141663.703125,0.5801796807038619,56955.30147277936,20.511316,0.18044
2393,2393,1801,39.81475337,-34.96147873,141663.703125,0.5801796807038619,56955.30266483221,20.256161,0.161903
2394,2394,1801,39.81475337,-34.96147873,141663.703125,0.5801796807038619,56959.2157747969,20.934144,0.169383
2395,2395,1801,39.81475337,-34.96147873,141663.703125,0.5801796807038619,56959.21694370592,20.804577,0.175661
2396,2396,1801,39.81475337,-34.96147873,141663.703125,0.5801796807038619,56959.292934360914,19.932017,0.161892
2397,2397,1801,39.81475337,-34.96147873,141663.703125,0.5801796807038619,56959.29410326993,20.091298,0.174091
2398,2398,1801,39.81475337,-34.96147873,141663.703125,0.5801796807038619,56961.21312868642,20.831247,0.173376
2399,2399,1801,39.81475337,-34.96147873,141663.703125,0.5801796807038619,56961.21430916991,20.682861,0.202539
2400,2400,1801,39.81475337,-34.96147873,141663.703125,0.5801796807038619,56963.274311889894,20.705371,0.206573
2401,2401,1801,39.81475337,-34.96147873,141663.703125,0.5801796807038619,57360.159418123774,20.325762,0.189141
2505,2505,1804,39.82458871,-34.92532207,136970.0625,0.6185659839483382,56624.12253873283,20.88287,0.185476
2506,2506,1804,39.82458871,-34.92532207,136970.0625,0.6185659839483382,56624.20726916613,20.876245,0.185817
2507,2507,1804,39.82458871,-34.92532207,136970.0625,0.6185659839483382,56626.1068715197,20.406773,0.161286
2508,2508,1804,39.82458871,-34.92532207,136970.0625,0.6185659839483382,56626.10805203067,20.295395,0.152659
2509,2509,1804,39.82458871,-34.92532207,136970.0625,0.6185659839483382,56626.192296533845,20.582785,0.164766
2510,2510,1804,39.82458871,-34.92532207,136970.0625,0.6185659839483382,56626.19346547173,20.376238,0.173469
2511,2511,1804,39.82458871,-34.92532207,136970.0625,0.6185659839483382,56628.09319881769,20.48047,0.166004
2512,2512,1804,39.82458871,-34.92532207,136970.0625,0.6185659839483382,56628.09436775744,20.597632,0.202889
2513,2513,1804,39.82458871,-34.92532207,136970.0625,0.6185659839483382,56628.17873973632,20.742471,0.175392
2514,2514,1804,39.82458871,-34.92532207,136970.0625,0.6185659839483382,56628.17990867607,20.571284,0.162495
2515,2515,1804,39.82458871,-34.92532207,136970.0625,0.6185659839483382,56632.09808645863,20.734316,0.197515
2516,2516,1804,39.82458871,-34.92532207,136970.0625,0.6185659839483382,56632.18014403805,20.603147,0.203743
2517,2517,1804,39.82458871,-34.92532207,136970.0625,0.6185659839483382,56636.08891691035,20.271654,0.187852
2518,2518,1804,39.82458871,-34.92532207,136970.0625,0.6185659839483382,56636.090085858945,20.628974,0.235254
2519,2519,1804,39.82458871,-34.92532207,136970.0625,0.6185659839483382,56636.17229423951,20.825466,0.184933
2520,2520,1804,39.82458871,-34.92532207,136970.0625,0.6185659839483382,56949.207229855936,20.742874,0.16736
2521,2521,1804,39.82458871,-34.92532207,136970.0625,0.6185659839483382,56949.2083987603,20.514637,0.16484
2522,2522,1804,39.82458871,-34.92532207,136970.0625,0.6185659839483382,56951.210952087305,20.658988,0.165919
2523,2523,1804,39.82458871,-34.92532207,136970.0625,0.6185659839483382,56951.21212099213,20.533099,0.158077
2524,2524,1804,39.82458871,-34.92532207,136970.0625,0.6185659839483382,56951.298122304026,20.782489,0.18603
2525,2525,1804,39.82458871,-34.92532207,136970.0625,0.6185659839483382,56953.1757314736,20.871302,0.170012
2526,2526,1804,39.82458871,-34.92532207,136970.0625,0.6185659839483382,56953.25792522356,20.733475,0.175089
2527,2527,1804,39.82458871,-34.92532207,136970.0625,0.6185659839483382,56953.25909412932,20.766952,0.17853
2528,2528,1804,39.82458871,-34.92532207,136970.0625,0.6185659839483382,56955.2293261108,20.350445,0.13791
2529,2529,1804,39.82458871,-34.92532207,136970.0625,0.6185659839483382,56955.23049501749,20.061307,0.137496
2530,2530,1804,39.82458871,-34.92532207,136970.0625,0.6185659839483382,56955.30147427553,20.177662,0.149675
2531,2531,1804,39.82458871,-34.92532207,136970.0625,0.6185659839483382,56955.30266632838,20.575505,0.179758
2532,2532,1804,39.82458871,-34.92532207,136970.0625,0.6185659839483382,56959.215776097495,20.72611,0.172548
2533,2533,1804,39.82458871,-34.92532207,136970.0625,0.6185659839483382,56959.21694500698,20.588653,0.174841
2534,2534,1804,39.82458871,-34.92532207,136970.0625,0.6185659839483382,56961.21431036899,20.315219,0.17873
2535,2535,1804,39.82458871,-34.92532207,136970.0625,0.6185659839483382,56963.27431298187,20.246567,0.180071
2536,2536,1804,39.82458871,-34.92532207,136970.0625,0.6185659839483382,56963.27549346676,20.210584,0.154631
2537,2537,1804,39.82458871,-34.92532207,136970.0625,0.6185659839483382,57305.328075647354,20.161469,0.207219
2538,2538,1804,39.82458871,-34.92532207,136970.0625,0.6185659839483382,57346.14488829626,19.947726,0.120885
2539,2539,1804,39.82458871,-34.92532207,136970.0625,0.6185659839483382,57360.15941748535,20.771341,0.208143
2540,2540,1804,39.82458871,-34.92532207,136970.0625,0.6185659839483382,57364.075656666886,20.350075,0.232929
2914,2914,1808,39.84128588,-34.92440308,136722.3125,0.6156350875438015,56624.12373187626,20.669101,0.189805
2915,2915,1808,39.84128588,-34.92440308,136722.3125,0.6156350875438015,56624.2060897178,20.243507,0.159648
2916,2916,1808,39.84128588,-34.92440308,136722.3125,0.6156350875438015,56624.20727022644,20.118976,0.167647
2917,2917,1808,39.84128588,-34.92440308,136722.3125,0.6156350875438015,56626.10687255347,20.321101,0.145805
2918,2918,1808,39.84128588,-34.92440308,136722.3125,0.6156350875438015,56626.10805306444,20.326506,0.155182
2919,2919,1808,39.84128588,-34.92440308,136722.3125,0.6156350875438015,56626.19229756668,20.537443,0.170211
2920,2920,1808,39.84128588,-34.92440308,136722.3125,0.6156350875438015,56626.193466504104,20.53197,0.185331
2921,2921,1808,39.84128588,-34.92440308,136722.3125,0.6156350875438015,56628.09319982305,20.524792,0.162984
2922,2922,1808,39.84128588,-34.92440308,136722.3125,0.6156350875438015,56628.0943687628,20.48918,0.196661
2923,2923,1808,39.84128588,-34.92440308,136722.3125,0.6156350875438015,56628.17874074029,20.70986,0.175469
2924,2924,1808,39.84128588,-34.92440308,136722.3125,0.6156350875438015,56632.09808740206,20.792531,0.201384
2925,2925,1808,39.84128588,-34.92440308,136722.3125,0.6156350875438015,56632.18014498055,20.444221,0.186554
2926,2926,1808,39.84128588,-34.92440308,136722.3125,0.6156350875438015,56632.18131392449,20.119286,0.149764
2927,2927,1808,39.84128588,-34.92440308,136722.3125,0.6156350875438015,56636.09008673718,20.539492,0.221395
2928,2928,1808,39.84128588,-34.92440308,136722.3125,0.6156350875438015,56636.172295116354,20.455013,0.207484
2929,2929,1808,39.84128588,-34.92440308,136722.3125,0.6156350875438015,56943.19788813544,20.681012,0.185512
2930,2930,1808,39.84128588,-34.92440308,136722.3125,0.6156350875438015,56949.20723116957,20.519301,0.161079
2931,2931,1808,39.84128588,-34.92440308,136722.3125,0.6156350875438015,56949.20840007393,20.331532,0.155056
2932,2932,1808,39.84128588,-34.92440308,136722.3125,0.6156350875438015,56951.210953403264,20.438834,0.160793
2933,2933,1808,39.84128588,-34.92440308,136722.3125,0.6156350875438015,56951.21212230856,20.282425,0.158949
2934,2934,1808,39.84128588,-34.92440308,136722.3125,0.6156350875438015,56951.29461690551,20.681838,0.175059
2935,2935,1808,39.84128588,-34.92440308,136722.3125,0.6156350875438015,56951.29812362045,20.673851,0.189101
2936,2936,1808,39.84128588,-34.92440308,136722.3125,0.6156350875438015,56953.1745638852,20.904824,0.179794
2937,2937,1808,39.84128588,-34.92440308,136722.3125,0.6156350875438015,56953.17573279049,20.701822,0.18184
2938,2938,1808,39.84128588,-34.92440308,136722.3125,0.6156350875438015,56953.25792654045,20.608668,0.177665
2939,2939,1808,39.84128588,-34.92440308,136722.3125,0.6156350875438015,56955.22932742676,20.765163,0.189265
2940,2940,1808,39.84128588,-34.92440308,136722.3125,0.6156350875438015,56955.23049633391,20.677122,0.172583
2941,2941,1808,39.84128588,-34.92440308,136722.3125,0.6156350875438015,56955.30147559149,20.870021,0.172399
2942,2942,1808,39.84128588,-34.92440308,136722.3125,0.6156350875438015,56955.30266764434,20.955653,0.185028
2943,2943,1808,39.84128588,-34.92440308,136722.3125,0.6156350875438015,56959.215777406935,20.607205,0.167995
2944,2944,1808,39.84128588,-34.92440308,136722.3125,0.6156350875438015,56959.21694631642,20.547685,0.175796
2945,2945,1808,39.84128588,-34.92440308,136722.3125,0.6156350875438015,56961.21313118888,20.573021,0.179372
2946,2946,1808,39.84128588,-34.92440308,136722.3125,0.6156350875438015,56961.214311672375,20.632628,0.198909
2947,2947,1808,39.84128588,-34.92440308,136722.3125,0.6156350875438015,56963.27549476316,20.639306,0.195424
2948,2948,1808,39.84128588,-34.92440308,136722.3125,0.6156350875438015,57311.215040208306,20.362238,0.17226
2949,2949,1808,39.84128588,-34.92440308,136722.3125,0.6156350875438015,57360.15941846743,20.621543,0.215627
2950,2950,1809,39.85461586,-34.9125013,133352.75,0.5794605987560234,56514.37920607999,20.527412,0.183632
2951,2951,1809,39.85461586,-34.9125013,133352.75,0.5794605987560234,56572.22786152037,20.629087,0.173502
2952,2952,1809,39.85461586,-34.9125013,133352.75,0.5794605987560234,56622.199157927185,20.171503,0.159349
2953,2953,1809,39.85461586,-34.9125013,133352.75,0.5794605987560234,56622.20033843396,20.578408,0.190123
2954,2954,1809,39.85461586,-34.9125013,133352.75,0.5794605987560234,56624.122540341225,20.537022,0.188501
2955,2955,1809,39.85461586,-34.9125013,133352.75,0.5794605987560234,56624.12373242341,20.467553,0.177633
2956,2956,1809,39.85461586,-34.9125013,133352.75,0.5794605987560234,56624.207270771265,20.644454,0.180688
2957,2957,1809,39.85461586,-34.9125013,133352.75,0.5794605987560234,56626.1068730494,20.914008,0.177794
2958,2958,1809,39.85461586,-34.9125013,133352.75,0.5794605987560234,56626.19229806075,20.89574,0.158131
2959,2959,1809,39.85461586,-34.9125013,133352.75,0.5794605987560234,56628.09320026683,20.463836,0.165445
2960,2960,1809,39.85461586,-34.9125013,133352.75,0.5794605987560234,56628.09436920658,20.281973,0.189995
2961,2961,1809,39.85461586,-34.9125013,133352.75,0.5794605987560234,56628.1787411822,20.540263,0.169188
2962,2962,1809,39.85461586,-34.9125013,133352.75,0.5794605987560234,56632.09689564863,20.286324,0.152817
2963,2963,1809,39.85461586,-34.9125013,133352.75,0.5794605987560234,56632.09808774013,20.32907,0.166574
2964,2964,1809,39.85461586,-34.9125013,133352.75,0.5794605987560234,56632.18014531629,20.662155,0.211127
2965,2965,1809,39.85461586,-34.9125013,133352.75,0.5794605987560234,56632.1813142607,20.644771,0.191298
2966,2966,1809,39.85461586,-34.9125013,133352.75,0.5794605987560234,56636.17229534499,20.318894,0.189463
2967,2967,1809,39.85461586,-34.9125013,133352.75,0.5794605987560234,56636.17346429406,20.496542,0.206442
2968,2968,1809,39.85461586,-34.9125013,133352.75,0.5794605987560234,56943.281761218794,20.477345,0.230731
2969,2969,1809,39.85461586,-34.9125013,133352.75,0.5794605987560234,56949.20840144064,20.31257,0.151424
2970,2970,1809,39.85461586,-34.9125013,133352.75,0.5794605987560234,56951.21212364733,20.570566,0.158546
2971,2971,1809,39.85461586,-34.9125013,133352.75,0.5794605987560234,56951.29461824335,20.59765,0.166481
2972,2972,1809,39.85461586,-34.9125013,133352.75,0.5794605987560234,56953.17573410086,20.495295,0.160828
2973,2973,1809,39.85461586,-34.9125013,133352.75,0.5794605987560234,56953.25792784942,20.488654,0.172317
2974,2974,1809,39.85461586,-34.9125013,133352.75,0.5794605987560234,56953.25909675518,20.29777,0.164416
2975,2975,1809,39.85461586,-34.9125013,133352.75,0.5794605987560234,56955.23049761215,20.695994,0.175012
2976,2976,1809,39.85461586,-34.9125013,133352.75,0.5794605987560234,56955.3014768688,20.462476,0.167102
2977,2977,1809,39.85461586,-34.9125013,133352.75,0.5794605987560234,56955.30266892165,21.054146,0.1755
2978,2978,1809,39.85461586,-34.9125013,133352.75,0.5794605987560234,56959.21577861905,20.455949,0.162672
2979,2979,1809,39.85461586,-34.9125013,133352.75,0.5794605987560234,56961.21313236561,20.039389,0.158633
2980,2980,1809,39.85461586,-34.9125013,133352.75,0.5794605987560234,56961.2143128491,20.240994,0.166049
2981,2981,1809,39.85461586,-34.9125013,133352.75,0.5794605987560234,57311.215041616466,20.123975,0.157167
2982,2982,1809,39.85461586,-34.9125013,133352.75,0.5794605987560234,57344.21875619469,19.940389,0.158804
2983,2983,1809,39.85461586,-34.9125013,133352.75,0.5794605987560234,57360.159418870695,20.629404,0.214891
2984,2984,1809,39.85461586,-34.9125013,133352.75,0.5794605987560234,57362.15856517665,20.204458,0.142544
2985,2985,1809,39.85461586,-34.9125013,133352.75,0.5794605987560234,57364.07565788599,20.311097,0.234164
2986,2986,1813,39.87856196,-34.8929109,137045.625,0.4526588880154521,55484.147527432535,20.409591,0.156733
2987,2987,1813,39.87856196,-34.8929109,137045.625,0.4526588880154521,55484.263341410086,20.581634,0.117117
2988,2988,1813,39.87856196,-34.8929109,137045.625,0.4526588880154521,55484.353636270855,20.903653,0.14458
2989,2989,1813,39.87856196,-34.8929109,137045.625,0.4526588880154521,56185.27463457314,20.059633,0.184064
2990,2990,1813,39.87856196,-34.8929109,137045.625,0.4526588880154521,56185.3421302191,20.509914,0.205319
2991,2991,1813,39.87856196,-34.8929109,137045.625,0.4526588880154521,56205.20569286635,20.716876,0.20566
2992,2992,1813,39.87856196,-34.8929109,137045.625,0.4526588880154521,56219.21826512925,19.695429,0.131913
2993,2993,1813,39.87856196,-34.8929109,137045.625,0.4526588880154521,56219.29828299722,20.233892,0.190789
2994,2994,1813,39.87856196,-34.8929109,137045.625,0.4526588880154521,56265.096964972094,20.922109,0.170564
2995,2995,1813,39.87856196,-34.8929109,137045.625,0.4526588880154521,56267.176283695735,19.944022,0.149883
2996,2996,1813,39.87856196,-34.8929109,137045.625,0.4526588880154521,56273.08440254163,19.903586,0.165143
2997,2997,1813,39.87856196,-34.8929109,137045.625,0.4526588880154521,56273.1692383592,20.401925,0.163311
2998,2998,1813,39.87856196,-34.8929109,137045.625,0.4526588880154521,56514.37920804415,20.254386,0.154881
2999,2999,1813,39.87856196,-34.8929109,137045.625,0.4526588880154521,56520.401807405986,20.912493,0.162026
3000,3000,1813,39.87856196,-34.8929109,137045.625,0.4526588880154521,56520.42092693504,21.020926,0.17134
3001,3001,1813,39.87856196,-34.8929109,137045.625,0.4526588880154521,56560.23179464275,20.772864,0.188168
3002,3002,1813,39.87856196,-34.8929109,137045.625,0.4526588880154521,56562.34432536876,20.012174,0.18647
3003,3003,1813,39.87856196,-34.8929109,137045.625,0.4526588880154521,56568.236041965894,19.999191,0.168096
3004,3004,1813,39.87856196,-34.8929109,137045.625,0.4526588880154521,56570.345191799104,20.808137,0.206822
3005,3005,1813,39.87856196,-34.8929109,137045.625,0.4526588880154521,56576.35696958797,20.527506,0.191074
3006,3006,1813,39.87856196,-34.8929109,137045.625,0.4526588880154521,56622.11592176976,20.258973,0.153241
3007,3007,1813,39.87856196,-34.8929109,137045.625,0.4526588880154521,56622.20033954969,20.594551,0.189084
3008,3008,1813,39.87856196,-34.8929109,137045.625,0.4526588880154521,56624.20727179991,20.530431,0.176615
3009,3009,1813,39.87856196,-34.8929109,137045.625,0.4526588880154521,56626.10805450566,21.141655,0.202214
3010,3010,1813,39.87856196,-34.8929109,137045.625,0.4526588880154521,56628.094370063394,20.529079,0.202155
3011,3011,1813,39.87856196,-34.8929109,137045.625,0.4526588880154521,56636.09008745989,19.689646,0.1422
3012,3012,1813,39.87856196,-34.8929109,137045.625,0.4526588880154521,56636.173464781605,20.674912,0.202644
3013,3013,1813,39.87856196,-34.8929109,137045.625,0.4526588880154521,56943.197892096825,20.789061,0.194012
3014,3014,1813,39.87856196,-34.8929109,137045.625,0.4526588880154521,56949.20840384578,20.723722,0.155966
3015,3015,1813,39.87856196,-34.8929109,137045.625,0.4526588880154521,56951.2121260073,19.994449,0.142533
3016,3016,1813,39.87856196,-34.8929109,137045.625,0.4526588880154521,56951.29462060146,20.845027,0.169283
3017,3017,1813,39.87856196,-34.8929109,137045.625,0.4526588880154521,56953.25909906626,21.038207,0.186878
3018,3018,1813,39.87856196,-34.8929109,137045.625,0.4526588880154521,56959.21694967989,20.829518,0.180733
3019,3019,1813,39.87856196,-34.8929109,137045.625,0.4526588880154521,56959.29410923645,20.440809,0.190564
3020,3020,1813,39.87856196,-34.8929109,137045.625,0.4526588880154521,57313.183986675926,20.529345,0.190058
3021,3021,1813,39.87856196,-34.8929109,137045.625,0.4526588880154521,57362.158565872815,19.802443,0.154142
3022,3022,1815,39.88350564,-34.92393857,136955.5,0.5215725556020876,56211.29526531743,19.919548,0.143946
3023,3023,1815,39.88350564,-34.92393857,136955.5,0.5215725556020876,56211.3407020513,20.369511,0.197657
3024,3024,1815,39.88350564,-34.92393857,136955.5,0.5215725556020876,56221.29385761963,20.513334,0.18499
3025,3025,1815,39.88350564,-34.92393857,136955.5,0.5215725556020876,56223.302430968266,20.199042,0.194519
3026,3026,1815,39.88350564,-34.92393857,136955.5,0.5215725556020876,56269.17461541854,19.980713,0.188152
3027,3027,1815,39.88350564,-34.92393857,136955.5,0.5215725556020876,56277.07333967881,20.256052,0.218101
3028,3028,1815,39.88350564,-34.92393857,136955.5,0.5215725556020876,56508.35199858202,20.94354,0.154255
3029,3029,1815,39.88350564,-34.92393857,136955.5,0.5215725556020876,56514.32158054272,20.339218,0.172303
3030,3030,1815,39.88350564,-34.92393857,136955.5,0.5215725556020876,56514.37920565717,20.373912,0.163868
3031,3031,1815,39.88350564,-34.92393857,136955.5,0.5215725556020876,56520.40180506557,20.679298,0.181964
3032,3032,1815,39.88350564,-34.92393857,136955.5,0.5215725556020876,56560.231793224346,20.609491,0.189556
3033,3033,1815,39.88350564,-34.92393857,136955.5,0.5215725556020876,56560.31529453909,20.474644,0.204901
3034,3034,1815,39.88350564,-34.92393857,136955.5,0.5215725556020876,56562.24428450782,20.29604,0.167664
3035,3035,1815,39.88350564,-34.92393857,136955.5,0.5215725556020876,56562.344324024394,20.432132,0.195165
3036,3036,1815,39.88350564,-34.92393857,136955.5,0.5215725556020876,56564.33098307578,20.31017,0.19151
3037,3037,1815,39.88350564,-34.92393857,136955.5,0.5215725556020876,56570.345190749504,20.556548,0.218888
3038,3038,1815,39.88350564,-34.92393857,136955.5,0.5215725556020876,56572.22786315065,20.137333,0.140131
3039,3039,1815,39.88350564,-34.92393857,136955.5,0.5215725556020876,56576.35696877446,20.147834,0.168218
3040,3040,1815,39.88350564,-34.92393857,136955.5,0.5215725556020876,56618.121547935065,20.201496,0.196051
3041,3041,1815,39.88350564,-34.92393857,136955.5,0.5215725556020876,56620.201212642714,19.972474,0.192053
3042,3042,1815,39.88350564,-34.92393857,136955.5,0.5215725556020876,56624.12373461109,20.6871,0.188772
3043,3043,1815,39.88350564,-34.92393857,136955.5,0.5215725556020876,56626.10805573501,20.894331,0.173529
3044,3044,1815,39.88350564,-34.92393857,136955.5,0.5215725556020876,56626.19346917188,20.739219,0.186648
3045,3045,1815,39.88350564,-34.92393857,136955.5,0.5215725556020876,56628.09437136538,20.445174,0.201835
3046,3046,1815,39.88350564,-34.92393857,136955.5,0.5215725556020876,56632.18131637806,20.029186,0.16246
3047,3047,1815,39.88350564,-34.92393857,136955.5,0.5215725556020876,56949.208403343335,20.882814,0.142616
3048,3048,1815,39.88350564,-34.92393857,136955.5,0.5215725556020876,56951.212125588674,20.982406,0.178333
3049,3049,1815,39.88350564,-34.92393857,136955.5,0.5215725556020876,56951.29462018609,20.668412,0.172444
3050,3050,1815,39.88350564,-34.92393857,136955.5,0.5215725556020876,56953.25909873331,20.964367,0.165656
3051,3051,1815,39.88350564,-34.92393857,136955.5,0.5215725556020876,56955.23049962381,20.864389,0.17329
3052,3052,1815,39.88350564,-34.92393857,136955.5,0.5215725556020876,56959.216949599795,20.07133,0.13298
3053,3053,1815,39.88350564,-34.92393857,136955.5,0.5215725556020876,56961.214314946905,20.644044,0.195349
3054,3054,1815,39.88350564,-34.92393857,136955.5,0.5215725556020876,57311.21622392768,20.571203,0.216517
3055,3055,1815,39.88350564,-34.92393857,136955.5,0.5215725556020876,57344.13274410926,20.02049,0.242655
3056,3056,1815,39.88350564,-34.92393857,136955.5,0.5215725556020876,57362.15856730053,20.59501,0.186695
3057,3057,1815,39.88350564,-34.92393857,136955.5,0.5215725556020876,57364.0768405078,20.63584,0.218774
3058,3058,1818,39.90086822,-34.92966312,133237.984375,0.5864819669564193,56211.295266406145,20.173933,0.185918
3059,3059,1818,39.90086822,-34.92966312,133237.984375,0.5864819669564193,56221.293858821504,20.569712,0.187415
3060,3060,1818,39.90086822,-34.92966312,133237.984375,0.5864819669564193,56267.176286378875,20.856942,0.205203
3061,3061,1818,39.90086822,-34.92966312,133237.984375,0.5864819669564193,56273.084405364,20.365117,0.170121
3062,3062,1818,39.90086822,-34.92966312,133237.984375,0.5864819669564193,56508.3519982812,20.948199,0.203226
3063,3063,1818,39.90086822,-34.92966312,133237.984375,0.5864819669564193,56576.35696986038,20.547938,0.156895
3064,3064,1818,39.90086822,-34.92966312,133237.984375,0.5864819669564193,56578.29524153424,20.655432,0.179522
3065,3065,1818,39.90086822,-34.92966312,133237.984375,0.5864819669564193,56618.20449688006,20.565004,0.192353
3066,3066,1818,39.90086822,-34.92966312,133237.984375,0.5864819669564193,56620.20121394424,20.391389,0.143178
3067,3067,1818,39.90086822,-34.92966312,133237.984375,0.5864819669564193,56622.20034192595,20.476313,0.14709
3068,3068,1818,39.90086822,-34.92966312,133237.984375,0.5864819669564193,56624.12373589538,19.956656,0.137235
3069,3069,1818,39.90086822,-34.92966312,133237.984375,0.5864819669564193,56624.20727424277,20.415421,0.133415
3070,3070,1818,39.90086822,-34.92966312,133237.984375,0.5864819669564193,56626.10805700859,20.464508,0.149774
3071,3071,1818,39.90086822,-34.92966312,133237.984375,0.5864819669564193,56626.19347044453,20.948637,0.203226
3072,3072,1818,39.90086822,-34.92966312,133237.984375,0.5864819669564193,56632.0980910901,20.874755,0.18544
3073,3073,1818,39.90086822,-34.92966312,133237.984375,0.5864819669564193,56632.18131760834,20.53256,0.162598
3074,3074,1818,39.90086822,-34.92966312,133237.984375,0.5864819669564193,56636.090090232436,20.732123,0.186429
3075,3075,1818,39.90086822,-34.92966312,133237.984375,0.5864819669564193,56636.173467556015,20.713936,0.178537
3076,3076,1818,39.90086822,-34.92966312,133237.984375,0.5864819669564193,56943.19789245399,20.276393,0.185614
3077,3077,1818,39.90086822,-34.92966312,133237.984375,0.5864819669564193,56943.28176410124,20.506937,0.200013
3078,3078,1818,39.90086822,-34.92966312,133237.984375,0.5864819669564193,56949.20840451913,20.504875,0.123289
3079,3079,1818,39.90086822,-34.92966312,133237.984375,0.5864819669564193,56951.21212678496,20.831985,0.160822
3080,3080,1818,39.90086822,-34.92966312,133237.984375,0.5864819669564193,56951.29462138284,20.738991,0.156895
3081,3081,1818,39.90086822,-34.92966312,133237.984375,0.5864819669564193,56953.17573729204,20.270808,0.141023
3082,3082,1818,39.90086822,-34.92966312,133237.984375,0.5864819669564193,56953.259099948686,20.373804,0.122145
3083,3083,1818,39.90086822,-34.92966312,133237.984375,0.5864819669564193,56955.23050085595,20.792008,0.144155
3084,3084,1818,39.90086822,-34.92966312,133237.984375,0.5864819669564193,56955.30267216731,20.831352,0.171642
3085,3085,1818,39.90086822,-34.92966312,133237.984375,0.5864819669564193,56959.21695086174,20.402837,0.121752
3086,3086,1818,39.90086822,-34.92966312,133237.984375,0.5864819669564193,56959.29411042202,20.527559,0.167703
3087,3087,1818,39.90086822,-34.92966312,133237.984375,0.5864819669564193,56961.21431622142,20.873278,0.18939
3088,3088,1818,39.90086822,-34.92966312,133237.984375,0.5864819669564193,56963.19212468201,20.461179,0.223214
3089,3089,1818,39.90086822,-34.92966312,133237.984375,0.5864819669564193,56963.27549930941,20.69411,0.175581
3090,3090,1818,39.90086822,-34.92966312,133237.984375,0.5864819669564193,57311.21622506762,20.697585,0.192688
3091,3091,1818,39.90086822,-34.92966312,133237.984375,0.5864819669564193,57346.06077736942,20.145972,0.161804
3092,3092,1818,39.90086822,-34.92966312,133237.984375,0.5864819669564193,57346.0619462952,20.112408,0.130493
3093,3093,1818,39.90086822,-34.92966312,133237.984375,0.5864819669564193,57360.159422265366,20.101854,0.12507
3157,3157,1820,39.9198937,-34.95522908,139247.140625,0.5994427347008127,56518.30822447548,20.995272,0.223027
3158,3158,1820,39.9198937,-34.95522908,139247.140625,0.5994427347008127,56518.371751898434,20.782605,0.182482
3159,3159,1820,39.9198937,-34.95522908,139247.140625,0.5994427347008127,56520.40180348279,21.054188,0.199269
3160,3160,1820,39.9198937,-34.95522908,139247.140625,0.5994427347008127,56520.420923012774,20.772918,0.15493
3161,3161,1820,39.9198937,-34.95522908,139247.140625,0.5994427347008127,56522.32091883756,20.497899,0.207143
3162,3162,1820,39.9198937,-34.95522908,139247.140625,0.5994427347008127,56558.31470038183,20.235137,0.232188
3163,3163,1820,39.9198937,-34.95522908,139247.140625,0.5994427347008127,56560.23179388326,20.476504,0.198701
3164,3164,1820,39.9198937,-34.95522908,139247.140625,0.5994427347008127,56562.344324803445,20.612151,0.19334
3165,3165,1820,39.9198937,-34.95522908,139247.140625,0.5994427347008127,56564.26578006614,20.254901,0.116842
3166,3166,1820,39.9198937,-34.95522908,139247.140625,0.5994427347008127,56564.33098396659,20.476663,0.157876
3167,3167,1820,39.9198937,-34.95522908,139247.140625,0.5994427347008127,56568.23604194354,20.873469,0.169672
3168,3168,1820,39.9198937,-34.95522908,139247.140625,0.5994427347008127,56570.2327806619,20.220007,0.138835
3169,3169,1820,39.9198937,-34.95522908,139247.140625,0.5994427347008127,56570.3451919714,20.299438,0.165528
3170,3170,1820,39.9198937,-34.95522908,139247.140625,0.5994427347008127,56572.22786447313,20.617637,0.146112
3171,3171,1820,39.9198937,-34.95522908,139247.140625,0.5994427347008127,56576.22856466239,20.242312,0.160061
3172,3172,1820,39.9198937,-34.95522908,139247.140625,0.5994427347008127,56576.356970313005,20.789087,0.195317
3173,3173,1820,39.9198937,-34.95522908,139247.140625,0.5994427347008127,56578.29524206044,20.635755,0.17558
3174,3174,1820,39.9198937,-34.95522908,139247.140625,0.5994427347008127,56620.20121578779,20.670302,0.178538
3175,3175,1820,39.9198937,-34.95522908,139247.140625,0.5994427347008127,56622.11592602823,20.593499,0.153718
3176,3176,1820,39.9198937,-34.95522908,139247.140625,0.5994427347008127,56624.123737821355,20.974627,0.184455
3177,3177,1820,39.9198937,-34.95522908,139247.140625,0.5994427347008127,56624.20727617061,20.198179,0.128542
3178,3178,1820,39.9198937,-34.95522908,139247.140625,0.5994427347008127,56626.10805897275,20.392858,0.161457
3179,3179,1820,39.9198937,-34.95522908,139247.140625,0.5994427347008127,56626.19347241102,20.745474,0.167703
3180,3180,1820,39.9198937,-34.95522908,139247.140625,0.5994427347008127,56632.09809315624,20.342806,0.141072
3181,3181,1820,39.9198937,-34.95522908,139247.140625,0.5994427347008127,56636.17346967943,20.10808,0.131535
3182,3182,1820,39.9198937,-34.95522908,139247.140625,0.5994427347008127,56638.08577995468,20.452886,0.168781
3183,3183,1820,39.9198937,-34.95522908,139247.140625,0.5994427347008127,56943.197892967146,20.489338,0.177153
3184,3184,1820,39.9198937,-34.95522908,139247.140625,0.5994427347008127,56949.20840525767,20.496773,0.126682
3185,3185,1820,39.9198937,-34.95522908,139247.140625,0.5994427347008127,56951.29462219775,20.967322,0.191364
3186,3186,1820,39.9198937,-34.95522908,139247.140625,0.5994427347008127,56953.25910083437,20.39114,0.127691
3187,3187,1820,39.9198937,-34.95522908,139247.140625,0.5994427347008127,56955.23050181195,20.398286,0.110911
3188,3188,1820,39.9198937,-34.95522908,139247.140625,0.5994427347008127,56955.30267312564,20.537932,0.134389
3189,3189,1820,39.9198937,-34.95522908,139247.140625,0.5994427347008127,56959.294111518655,20.251638,0.164537
3190,3190,1820,39.9198937,-34.95522908,139247.140625,0.5994427347008127,56961.21431738278,20.587623,0.161936
3191,3191,1820,39.9198937,-34.95522908,139247.140625,0.5994427347008127,57311.216225685086,20.605929,0.196458
3192,3192,1820,39.9198937,-34.95522908,139247.140625,0.5994427347008127,57360.15942429239,20.789029,0.179524
3193,3193,1821,39.92307241,-34.90957979,133717.828125,0.5291507689637435,56267.09312982764,20.770643,0.19927
3194,3194,1821,39.92307241,-34.90957979,133717.828125,0.5291507689637435,56520.420926717576,20.650771,0.141221
3195,3195,1821,39.92307241,-34.90957979,133717.828125,0.5291507689637435,56560.23179666838,20.817169,0.237898
3196,3196,1821,39.92307241,-34.90957979,133717.828125,0.5291507689637435,56562.24428797746,20.724662,0.186174
3197,3197,1821,39.92307241,-34.90957979,133717.828125,0.5291507689637435,56562.3443274945,20.59899,0.188402
3198,3198,1821,39.92307241,-34.90957979,133717.828125,0.5291507689637435,56564.26578266965,20.416226,0.125634
3199,3199,1821,39.92307241,-34.90957979,133717.828125,0.5291507689637435,56564.33098656684,20.72244,0.192353
3200,3200,1821,39.92307241,-34.90957979,133717.828125,0.5291507689637435,56572.22786668036,20.3858,0.146091
3201,3201,1821,39.92307241,-34.90957979,133717.828125,0.5291507689637435,56576.22856665356,20.686955,0.157403
3202,3202,1821,39.92307241,-34.90957979,133717.828125,0.5291507689637435,56576.35697229719,20.18586,0.127502
3203,3203,1821,39.92307241,-34.90957979,133717.828125,0.5291507689637435,56578.295243936125,20.518251,0.155912
3204,3204,1821,39.92307241,-34.90957979,133717.828125,0.5291507689637435,56618.121550403535,20.355207,0.13439
3205,3205,1821,39.92307241,-34.90957979,133717.828125,0.5291507689637435,56622.11592513602,20.725347,0.168688
3206,3206,1821,39.92307241,-34.90957979,133717.828125,0.5291507689637435,56622.20034291502,20.760706,0.188402
3207,3207,1821,39.92307241,-34.90957979,133717.828125,0.5291507689637435,56624.12373680202,20.522332,0.129334
3208,3208,1821,39.92307241,-34.90957979,133717.828125,0.5291507689637435,56624.20727514569,20.671064,0.167704
3209,3209,1821,39.92307241,-34.90957979,133717.828125,0.5291507689637435,56626.108057829086,20.277123,0.1548
3210,3210,1821,39.92307241,-34.90957979,133717.828125,0.5291507689637435,56626.193471261766,20.335822,0.129525
3211,3211,1821,39.92307241,-34.90957979,133717.828125,0.5291507689637435,56632.0980916461,20.784773,0.169672
3212,3212,1821,39.92307241,-34.90957979,133717.828125,0.5291507689637435,56632.18131816061,20.637773,0.173609
3213,3213,1821,39.92307241,-34.90957979,133717.828125,0.5291507689637435,56636.09009060869,20.309072,0.167775
3214,3214,1821,39.92307241,-34.90957979,133717.828125,0.5291507689637435,56636.173467928544,20.343551,0.132441
3215,3215,1821,39.92307241,-34.90957979,133717.828125,0.5291507689637435,56638.0857780939,20.551234,0.195662
3216,3216,1821,39.92307241,-34.90957979,133717.828125,0.5291507689637435,56943.19789486239,20.529473,0.200212
3217,3217,1821,39.92307241,-34.90957979,133717.828125,0.5291507689637435,56949.208406804595,20.930906,0.161805
3218,3218,1821,39.92307241,-34.90957979,133717.828125,0.5291507689637435,56951.21212902339,20.696235,0.14919
3219,3219,1821,39.92307241,-34.90957979,133717.828125,0.5291507689637435,56951.29462361941,20.6469,0.146112
3220,3220,1821,39.92307241,-34.90957979,133717.828125,0.5291507689637435,56953.175739482045,20.522569,0.138293
3221,3221,1821,39.92307241,-34.90957979,133717.828125,0.5291507689637435,56953.25910213636,20.355962,0.119815
3222,3222,1821,39.92307241,-34.90957979,133717.828125,0.5291507689637435,56955.23050299194,20.170682,0.10391
3223,3223,1821,39.92307241,-34.90957979,133717.828125,0.5291507689637435,56955.302674301434,20.561534,0.138293
3224,3224,1821,39.92307241,-34.90957979,133717.828125,0.5291507689637435,56959.21695288597,20.401956,0.122722
3225,3225,1821,39.92307241,-34.90957979,133717.828125,0.5291507689637435,56961.214318186045,20.45582,0.156348
3226,3226,1821,39.92307241,-34.90957979,133717.828125,0.5291507689637435,56963.192126584705,20.540556,0.240567
3227,3227,1821,39.92307241,-34.90957979,133717.828125,0.5291507689637435,56963.27550120978,20.532031,0.151008
3228,3228,1821,39.92307241,-34.90957979,133717.828125,0.5291507689637435,57311.21622742247,20.822312,0.214111
3229,3229,1823,39.93956417,-34.92035366,136842.125,0.5431391146090023,56263.09599739779,20.157877,0.187799
3230,3230,1823,39.93956417,-34.92035366,136842.125,0.5431391146090023,56267.17628828762,20.719674,0.182248
3231,3231,1823,39.93956417,-34.92035366,136842.125,0.5431391146090023,56269.09068574058,20.1944,0.188501
3232,3232,1823,39.93956417,-34.92035366,136842.125,0.5431391146090023,56277.15653493442,20.590107,0.191523
3233,3233,1823,39.93956417,-34.92035366,136842.125,0.5431391146090023,56510.36814806657,20.636783,0.189441
3234,3234,1823,39.93956417,-34.92035366,136842.125,0.5431391146090023,56514.32158176787,20.851698,0.183762
3235,3235,1823,39.93956417,-34.92035366,136842.125,0.5431391146090023,56518.371755110566,20.160507,0.153619
3236,3236,1823,39.93956417,-34.92035366,136842.125,0.5431391146090023,56560.23179715872,20.599415,0.201983
3237,3237,1823,39.93956417,-34.92035366,136842.125,0.5431391146090023,56562.34432803234,20.157992,0.187032
3238,3238,1823,39.93956417,-34.92035366,136842.125,0.5431391146090023,56568.2360450197,20.764661,0.190467
3239,3239,1823,39.93956417,-34.92035366,136842.125,0.5431391146090023,56570.23278367845,20.635286,0.206811
3240,3240,1823,39.93956417,-34.92035366,136842.125,0.5431391146090023,56572.22786742682,20.56034,0.162292
3241,3241,1823,39.93956417,-34.92035366,136842.125,0.5431391146090023,56578.20978760393,20.392273,0.199596
3242,3242,1823,39.93956417,-34.92035366,136842.125,0.5431391146090023,56578.29524479993,20.386976,0.184013
3243,3243,1823,39.93956417,-34.92035366,136842.125,0.5431391146090023,56624.123738165945,20.691097,0.192221
3244,3244,1823,39.93956417,-34.92035366,136842.125,0.5431391146090023,56626.10805919627,20.653173,0.172858
3245,3245,1823,39.93956417,-34.92035366,136842.125,0.5431391146090023,56626.19347262895,20.763183,0.200487
3246,3246,1823,39.93956417,-34.92035366,136842.125,0.5431391146090023,56628.094374728855,20.041361,0.158768
3247,3247,1823,39.93956417,-34.92035366,136842.125,0.5431391146090023,56628.17991563864,20.227277,0.1529
3248,3248,1823,39.93956417,-34.92035366,136842.125,0.5431391146090023,56638.08577944804,20.197644,0.21091
3249,3249,1823,39.93956417,-34.92035366,136842.125,0.5431391146090023,56943.19789571967,20.293183,0.195978
3250,3250,1823,39.93956417,-34.92035366,136842.125,0.5431391146090023,56949.20840776898,20.836286,0.158561
3251,3251,1823,39.93956417,-34.92035366,136842.125,0.5431391146090023,56951.212130021304,20.431809,0.158418
3252,3252,1823,39.93956417,-34.92035366,136842.125,0.5431391146090023,56951.29462461872,20.312625,0.147391
3253,3253,1823,39.93956417,-34.92035366,136842.125,0.5431391146090023,56953.17574051162,20.963243,0.179778
3254,3254,1823,39.93956417,-34.92035366,136842.125,0.5431391146090023,56953.25910316734,20.566174,0.173874
3255,3255,1823,39.93956417,-34.92035366,136842.125,0.5431391146090023,56955.23050405318,20.954684,0.18146
3256,3256,1823,39.93956417,-34.92035366,136842.125,0.5431391146090023,56955.30267536361,20.553296,0.174081
3257,3257,1823,39.93956417,-34.92035366,136842.125,0.5431391146090023,56959.21695400495,20.895092,0.17354
3258,3258,1823,39.93956417,-34.92035366,136842.125,0.5431391146090023,56963.19212775538,20.063586,0.231296
3259,3259,1823,39.93956417,-34.92035366,136842.125,0.5431391146090023,56963.275502381846,20.403232,0.170843
3260,3260,1823,39.93956417,-34.92035366,136842.125,0.5431391146090023,57313.183990538586,20.812833,0.180398
3261,3261,1823,39.93956417,-34.92035366,136842.125,0.5431391146090023,57360.160604815,20.79629,0.200549
3262,3262,1823,39.93956417,-34.92035366,136842.125,0.5431391146090023,57362.15857048007,20.698102,0.184936
3263,3263,1823,39.93956417,-34.92035366,136842.125,0.5431391146090023,57364.075663062744,20.341624,0.220141
3264,3264,1823,39.93956417,-34.92035366,136842.125,0.5431391146090023,57364.07684358256,20.149701,0.22124
3265,3265,1825,39.96724545,-34.98314689,134910.34375,0.5986859595688417,56265.09697346436,20.791016,0.207183
3266,3266,1825,39.96724545,-34.98314689,134910.34375,0.5986859595688417,56267.1762922639,20.448725,0.154717
3267,3267,1825,39.96724545,-34.98314689,134910.34375,0.5986859595688417,56562.244286980014,20.29362,0.161545
3268,3268,1825,39.96724545,-34.98314689,134910.34375,0.5986859595688417,56570.34519413952,20.804868,0.206193
3269,3269,1825,39.96724545,-34.98314689,134910.34375,0.5986859595688417,56572.22786674462,20.593598,0.153741
3270,3270,1825,39.96724545,-34.98314689,134910.34375,0.5986859595688417,56576.22856714437,20.531245,0.165012
3271,3271,1825,39.96724545,-34.98314689,134910.34375,0.5986859595688417,56578.29524464626,20.567936,0.168686
3272,3272,1825,39.96724545,-34.98314689,134910.34375,0.5986859595688417,56618.121554839425,20.460343,0.184799
3273,3273,1825,39.96724545,-34.98314689,134910.34375,0.5986859595688417,56620.201219603885,20.727675,0.187416
3274,3274,1825,39.96724545,-34.98314689,134910.34375,0.5986859595688417,56622.1159298555,20.370607,0.146967
3275,3275,1825,39.96724545,-34.98314689,134910.34375,0.5986859595688417,56622.200347640086,20.459085,0.143178
3276,3276,1825,39.96724545,-34.98314689,134910.34375,0.5986859595688417,56624.12374165561,20.389825,0.137414
3277,3277,1825,39.96724545,-34.98314689,134910.34375,0.5986859595688417,56624.2072800044,20.651304,0.163769
3278,3278,1825,39.96724545,-34.98314689,134910.34375,0.5986859595688417,56626.10806280887,20.968472,0.205202
3279,3279,1825,39.96724545,-34.98314689,134910.34375,0.5986859595688417,56626.19347624667,20.806152,0.176567
3280,3280,1825,39.96724545,-34.98314689,134910.34375,0.5986859595688417,56628.17991937557,20.26996,0.153448
3281,3281,1825,39.96724545,-34.98314689,134910.34375,0.5986859595688417,56632.098096971866,20.892254,0.180508
3282,3282,1825,39.96724545,-34.98314689,134910.34375,0.5986859595688417,56632.18132349104,20.528922,0.173899
3283,3283,1825,39.96724545,-34.98314689,134910.34375,0.5986859595688417,56636.09009613423,20.359541,0.18423
3284,3284,1825,39.96724545,-34.98314689,134910.34375,0.5986859595688417,56636.173473457806,20.765392,0.192353
3285,3285,1825,39.96724545,-34.98314689,134910.34375,0.5986859595688417,56943.19789553573,20.605601,0.184455
3286,3286,1825,39.96724545,-34.98314689,134910.34375,0.5986859595688417,56949.20840811124,20.343815,0.1366
3287,3287,1825,39.96724545,-34.98314689,134910.34375,0.5986859595688417,56951.21213053819,20.747471,0.151987
3288,3288,1825,39.96724545,-34.98314689,134910.34375,0.5986859595688417,56951.29462514259,20.688289,0.150028
3289,3289,1825,39.96724545,-34.98314689,134910.34375,0.5986859595688417,56953.17574119894,20.372982,0.118846
3290,3290,1825,39.96724545,-34.98314689,134910.34375,0.5986859595688417,56953.2591038621,20.367154,0.135578
3291,3291,1825,39.96724545,-34.98314689,134910.34375,0.5986859595688417,56955.23050491838,20.473951,0.119223
3292,3292,1825,39.96724545,-34.98314689,134910.34375,0.5986859595688417,56955.302676235326,20.694977,0.151009
3293,3293,1825,39.96724545,-34.98314689,134910.34375,0.5986859595688417,56959.21695521101,20.409223,0.143158
3294,3294,1825,39.96724545,-34.98314689,134910.34375,0.5986859595688417,56959.29411477689,20.459842,0.183814
3295,3295,1825,39.96724545,-34.98314689,134910.34375,0.5986859595688417,56961.21432070667,20.63265,0.149526
3296,3296,1825,39.96724545,-34.98314689,134910.34375,0.5986859595688417,56963.27550392924,20.368926,0.169355
3297,3297,1825,39.96724545,-34.98314689,134910.34375,0.5986859595688417,57283.28700036695,20.526495,0.212131
3298,3298,1825,39.96724545,-34.98314689,134910.34375,0.5986859595688417,57311.21622838825,20.390994,0.195224
3299,3299,1825,39.96724545,-34.98314689,134910.34375,0.5986859595688417,57346.06195180211,20.443282,0.17164
3300,3300,1825,39.96724545,-34.98314689,134910.34375,0.5986859595688417,57360.15942812152,20.734543,0.17164
3301,3301,1826,39.97201813,-34.96966103,131899.84375,0.5819692673099122,56221.211125669535,19.954524,0.164452
3302,3302,1826,39.97201813,-34.96966103,131899.84375,0.5819692673099122,56267.17629203573,20.060936,0.15308
3303,3303,1826,39.97201813,-34.96966103,131899.84375,0.5819692673099122,56562.244288037065,20.22755,0.170754
3304,3304,1826,39.97201813,-34.96966103,131899.84375,0.5819692673099122,56564.26578292064,20.699994,0.179257
3305,3305,1826,39.97201813,-34.96966103,131899.84375,0.5819692673099122,56568.236044980586,20.716548,0.192199
3306,3306,1826,39.97201813,-34.96966103,131899.84375,0.5819692673099122,56570.345195099246,20.346537,0.204789
3307,3307,1826,39.97201813,-34.96966103,131899.84375,0.5819692673099122,56572.22786767874,20.532287,0.17244
3308,3308,1826,39.97201813,-34.96966103,131899.84375,0.5819692673099122,56576.22856802074,20.306001,0.170721
3309,3309,1826,39.97201813,-34.96966103,131899.84375,0.5819692673099122,56576.35697367601,20.337714,0.1863
3310,3310,1826,39.97201813,-34.96966103,131899.84375,0.5819692673099122,56618.121554916725,20.175494,0.193029
3311,3311,1826,39.97201813,-34.96966103,131899.84375,0.5819692673099122,56622.11592984712,20.292653,0.159295
3312,3312,1826,39.97201813,-34.96966103,131899.84375,0.5819692673099122,56622.20034762984,20.349611,0.182842
3313,3313,1826,39.97201813,-34.96966103,131899.84375,0.5819692673099122,56624.12374160392,20.727596,0.189837
3314,3314,1826,39.97201813,-34.96966103,131899.84375,0.5819692673099122,56626.19347615121,20.248647,0.159447
3315,3315,1826,39.97201813,-34.96966103,131899.84375,0.5819692673099122,56628.094378324226,20.484078,0.205318
3316,3316,1826,39.97201813,-34.96966103,131899.84375,0.5819692673099122,56628.17991923727,20.845001,0.1579
3317,3317,1826,39.97201813,-34.96966103,131899.84375,0.5819692673099122,56632.09809675068,20.722506,0.19728
3318,3318,1826,39.97201813,-34.96966103,131899.84375,0.5819692673099122,56632.181323267985,20.592922,0.195105
3319,3319,1826,39.97201813,-34.96966103,131899.84375,0.5819692673099122,56636.09009582922,20.304116,0.207686
3320,3320,1826,39.97201813,-34.96966103,131899.84375,0.5819692673099122,56636.1734731514,20.298761,0.199265
3321,3321,1826,39.97201813,-34.96966103,131899.84375,0.5819692673099122,56949.20840886375,20.229831,0.144386
3322,3322,1826,39.97201813,-34.96966103,131899.84375,0.5819692673099122,56951.2121312567,20.778031,0.162548
3323,3323,1826,39.97201813,-34.96966103,131899.84375,0.5819692673099122,56951.29462585971,20.951243,0.165428
3324,3324,1826,39.97201813,-34.96966103,131899.84375,0.5819692673099122,56953.2591045443,20.079904,0.148387
3325,3325,1826,39.97201813,-34.96966103,131899.84375,0.5819692673099122,56955.23050556518,20.968023,0.172243
3326,3326,1826,39.97201813,-34.96966103,131899.84375,0.5819692673099122,56959.21695578378,20.498746,0.15408
3327,3327,1826,39.97201813,-34.96966103,131899.84375,0.5819692673099122,56961.21432124125,20.615641,0.201178
3328,3328,1826,39.97201813,-34.96966103,131899.84375,0.5819692673099122,56963.275504423305,20.230415,0.153575
3329,3329,1826,39.97201813,-34.96966103,131899.84375,0.5819692673099122,57305.32808486372,20.340655,0.238304
3330,3330,1826,39.97201813,-34.96966103,131899.84375,0.5819692673099122,57311.21622919524,20.33202,0.208431
3331,3331,1826,39.97201813,-34.96966103,131899.84375,0.5819692673099122,57346.06195193436,20.28726,0.244203
3332,3332,1826,39.97201813,-34.96966103,131899.84375,0.5819692673099122,57346.14607989043,19.810743,0.123992
3333,3333,1826,39.97201813,-34.96966103,131899.84375,0.5819692673099122,57360.15942795202,20.174419,0.185972
3334,3334,1826,39.97201813,-34.96966103,131899.84375,0.5819692673099122,57360.16060846718,20.624182,0.205269
3335,3335,1826,39.97201813,-34.96966103,131899.84375,0.5819692673099122,57362.159743145574,20.708252,0.219547
3336,3336,1826,39.97201813,-34.96966103,131899.84375,0.5819692673099122,57364.07684736652,20.380644,0.226032
3435,3435,1829,40.01029799,-34.96071747,128669.953125,0.5608800290299681,56514.321579731535,20.247201,0.162192
3436,3436,1829,40.01029799,-34.96071747,128669.953125,0.5608800290299681,56518.30822602613,20.346674,0.16788
3437,3437,1829,40.01029799,-34.96071747,128669.953125,0.5608800290299681,56570.34519828437,20.052222,0.192426
3438,3438,1829,40.01029799,-34.96071747,128669.953125,0.5608800290299681,56572.22787087783,20.673797,0.171811
3439,3439,1829,40.01029799,-34.96071747,128669.953125,0.5608800290299681,56576.356976893265,20.620911,0.195763
3440,3440,1829,40.01029799,-34.96071747,128669.953125,0.5608800290299681,56578.20979150897,20.085606,0.189683
3441,3441,1829,40.01029799,-34.96071747,128669.953125,0.5608800290299681,56578.295248711016,20.255209,0.183174
3442,3442,1829,40.01029799,-34.96071747,128669.953125,0.5608800290299681,56618.1215573987,20.325,0.20922
3443,3443,1829,40.01029799,-34.96071747,128669.953125,0.5608800290299681,56620.20122204255,20.579609,0.187394
3444,3444,1829,40.01029799,-34.96071747,128669.953125,0.5608800290299681,56622.11593218008,20.49398,0.184405
3445,3445,1829,40.01029799,-34.96071747,128669.953125,0.5608800290299681,56622.20034996001,20.55765,0.191442
3446,3446,1829,40.01029799,-34.96071747,128669.953125,0.5608800290299681,56624.12374385819,20.218071,0.168207
3447,3447,1829,40.01029799,-34.96071747,128669.953125,0.5608800290299681,56624.20728220232,20.299945,0.177254
3448,3448,1829,40.01029799,-34.96071747,128669.953125,0.5608800290299681,56626.10806488851,20.551636,0.173095
3449,3449,1829,40.01029799,-34.96071747,128669.953125,0.5608800290299681,56626.19347832119,20.451824,0.165915
3450,3450,1829,40.01029799,-34.96071747,128669.953125,0.5608800290299681,56628.09438041411,19.974477,0.173799
3451,3451,1829,40.01029799,-34.96071747,128669.953125,0.5608800290299681,56632.09809866547,20.603383,0.180865
3452,3452,1829,40.01029799,-34.96071747,128669.953125,0.5608800290299681,56632.18132517906,20.321637,0.174217
3453,3453,1829,40.01029799,-34.96071747,128669.953125,0.5608800290299681,56636.09009756008,20.462608,0.218275
3454,3454,1829,40.01029799,-34.96071747,128669.953125,0.5608800290299681,56638.168792132754,19.980153,0.200694
3455,3455,1829,40.01029799,-34.96071747,128669.953125,0.5608800290299681,56943.28177125892,20.129488,0.213811
3456,3456,1829,40.01029799,-34.96071747,128669.953125,0.5608800290299681,56949.20841207029,20.532168,0.159197
3457,3457,1829,40.01029799,-34.96071747,128669.953125,0.5608800290299681,56951.21213445021,20.237271,0.163299
3458,3458,1829,40.01029799,-34.96071747,128669.953125,0.5608800290299681,56951.29462905275,20.626623,0.174215
3459,3459,1829,40.01029799,-34.96071747,128669.953125,0.5608800290299681,56953.17574506067,20.643813,0.177106
3460,3460,1829,40.01029799,-34.96071747,128669.953125,0.5608800290299681,56955.230508722365,20.453408,0.159407
3461,3461,1829,40.01029799,-34.96071747,128669.953125,0.5608800290299681,56955.30268003652,20.678282,0.189791
3462,3462,1829,40.01029799,-34.96071747,128669.953125,0.5608800290299681,56959.21695888881,20.609238,0.18279
3463,3463,1829,40.01029799,-34.96071747,128669.953125,0.5608800290299681,56961.21432431415,20.301102,0.175722
3464,3464,1829,40.01029799,-34.96071747,128669.953125,0.5608800290299681,57283.20145441592,20.072473,0.117942
3465,3465,1829,40.01029799,-34.96071747,128669.953125,0.5608800290299681,57283.28818487795,19.942464,0.226022
3466,3466,1829,40.01029799,-34.96071747,128669.953125,0.5608800290299681,57311.21623241296,20.010191,0.209055
3467,3467,1829,40.01029799,-34.96071747,128669.953125,0.5608800290299681,57346.06195450574,19.904436,0.211764
3468,3468,1829,40.01029799,-34.96071747,128669.953125,0.5608800290299681,57360.07614580961,19.894133,0.142604
3469,3469,1829,40.01029799,-34.96071747,128669.953125,0.5608800290299681,57360.160610490944,20.266971,0.180429
3470,3470,1829,40.01029799,-34.96071747,128669.953125,0.5608800290299681,57364.0768492152,20.496614,0.231367
3471,3471,1834,40.07135693,-34.90933552,130417.15625,0.6227862704838755,56187.32612088835,20.053248,0.166147
3472,3472,1834,40.07135693,-34.90933552,130417.15625,0.6227862704838755,56267.17629557941,20.651631,0.185412
3473,3473,1834,40.07135693,-34.90933552,130417.15625,0.6227862704838755,56518.30823145574,20.589306,0.186556
3474,3474,1834,40.07135693,-34.90933552,130417.15625,0.6227862704838755,56518.37175889127,20.439128,0.18676
3475,3475,1834,40.07135693,-34.90933552,130417.15625,0.6227862704838755,56520.401810870506,20.78816,0.184374
3476,3476,1834,40.07135693,-34.90933552,130417.15625,0.6227862704838755,56552.36755909957,20.244059,0.226484
3477,3477,1834,40.07135693,-34.90933552,130417.15625,0.6227862704838755,56562.24429806368,19.952061,0.149286
3478,3478,1834,40.07135693,-34.90933552,130417.15625,0.6227862704838755,56562.34433759097,20.473138,0.207339
3479,3479,1834,40.07135693,-34.90933552,130417.15625,0.6227862704838755,56564.26579294866,20.220966,0.137772
3480,3480,1834,40.07135693,-34.90933552,130417.15625,0.6227862704838755,56564.33099685237,20.5212,0.183034
3481,3481,1834,40.07135693,-34.90933552,130417.15625,0.6227862704838755,56570.345205056015,20.011792,0.187805
3482,3482,1834,40.07135693,-34.90933552,130417.15625,0.6227862704838755,56572.227877589874,20.034255,0.145524
3483,3483,1834,40.07135693,-34.90933552,130417.15625,0.6227862704838755,56576.22857779917,20.654032,0.21058
3484,3484,1834,40.07135693,-34.90933552,130417.15625,0.6227862704838755,56620.20122508705,19.988033,0.164381
3485,3485,1834,40.07135693,-34.90933552,130417.15625,0.6227862704838755,56622.1159350127,20.440968,0.180794
3486,3486,1834,40.07135693,-34.90933552,130417.15625,0.6227862704838755,56622.200352783315,20.653541,0.191226
3487,3487,1834,40.07135693,-34.90933552,130417.15625,0.6227862704838755,56624.123746465426,20.444017,0.175025
3488,3488,1834,40.07135693,-34.90933552,130417.15625,0.6227862704838755,56628.094382565934,20.75019,0.212572
3489,3489,1834,40.07135693,-34.90933552,130417.15625,0.6227862704838755,56632.098100348376,20.280802,0.165987
3490,3490,1834,40.07135693,-34.90933552,130417.15625,0.6227862704838755,56632.18132685218,20.448537,0.18536
3491,3491,1834,40.07135693,-34.90933552,130417.15625,0.6227862704838755,56636.09009876801,20.644763,0.219346
3492,3492,1834,40.07135693,-34.90933552,130417.15625,0.6227862704838755,56949.20841824915,20.442317,0.155095
3493,3493,1834,40.07135693,-34.90933552,130417.15625,0.6227862704838755,56951.21214051079,20.923988,0.166852
3494,3494,1834,40.07135693,-34.90933552,130417.15625,0.6227862704838755,56951.29463510867,20.897127,0.165667
3495,3495,1834,40.07135693,-34.90933552,130417.15625,0.6227862704838755,56953.25911365356,20.703828,0.191899
3496,3496,1834,40.07135693,-34.90933552,130417.15625,0.6227862704838755,56955.23051452357,20.09092,0.136559
3497,3497,1834,40.07135693,-34.90933552,130417.15625,0.6227862704838755,56955.30268583307,20.629974,0.181044
3498,3498,1834,40.07135693,-34.90933552,130417.15625,0.6227862704838755,56959.21696440456,20.444192,0.157761
3499,3499,1834,40.07135693,-34.90933552,130417.15625,0.6227862704838755,56959.29412396159,20.659498,0.184433
3500,3500,1834,40.07135693,-34.90933552,130417.15625,0.6227862704838755,56961.2143296767,20.67886,0.19872
3501,3501,1834,40.07135693,-34.90933552,130417.15625,0.6227862704838755,56963.27551265713,20.163407,0.140057
3502,3502,1834,40.07135693,-34.90933552,130417.15625,0.6227862704838755,57311.216238767374,20.499823,0.218984
3503,3503,1834,40.07135693,-34.90933552,130417.15625,0.6227862704838755,57360.076147791,20.152123,0.154888
3504,3504,1834,40.07135693,-34.90933552,130417.15625,0.6227862704838755,57360.160612462554,20.38588,0.182315
3505,3505,1834,40.07135693,-34.90933552,130417.15625,0.6227862704838755,57362.07554816967,20.254835,0.182118
3506,3506,1834,40.07135693,-34.90933552,130417.15625,0.6227862704838755,57362.15974681731,20.681996,0.220288
3507,3507,1837,40.0959663,-34.95947361,129037.578125,0.6335974408149467,56562.24429700337,20.047063,0.173729
3508,3508,1837,40.0959663,-34.95947361,129037.578125,0.6335974408149467,56562.34433653718,20.484304,0.200706
3509,3509,1837,40.0959663,-34.95947361,129037.578125,0.6335974408149467,56564.26579202665,20.419628,0.16624
3510,3510,1837,40.0959663,-34.95947361,129037.578125,0.6335974408149467,56568.23605432827,20.871735,0.181702
3511,3511,1837,40.0959663,-34.95947361,129037.578125,0.6335974408149467,56570.23279323662,20.672011,0.202953
3512,3512,1837,40.0959663,-34.95947361,129037.578125,0.6335974408149467,56572.22787722293,20.656333,0.180748
3513,3513,1837,40.0959663,-34.95947361,129037.578125,0.6335974408149467,56576.22857771441,20.40305,0.184948
3514,3514,1837,40.0959663,-34.95947361,129037.578125,0.6335974408149467,56578.20979803894,20.626173,0.190859
3515,3515,1837,40.0959663,-34.95947361,129037.578125,0.6335974408149467,56618.12156330934,20.653336,0.227448
3516,3516,1837,40.0959663,-34.95947361,129037.578125,0.6335974408149467,56620.20122783631,20.666136,0.18557
3517,3517,1837,40.0959663,-34.95947361,129037.578125,0.6335974408149467,56622.11593786022,20.564007,0.18617
3518,3518,1837,40.0959663,-34.95947361,129037.578125,0.6335974408149467,56622.20035563456,20.748128,0.196444
3519,3519,1837,40.0959663,-34.95947361,129037.578125,0.6335974408149467,56624.12374941213,20.455059,0.179901
3520,3520,1837,40.0959663,-34.95947361,129037.578125,0.6335974408149467,56626.10807031114,20.59371,0.175743
3521,3521,1837,40.0959663,-34.95947361,129037.578125,0.6335974408149467,56626.19348373776,20.091011,0.149879
3522,3522,1837,40.0959663,-34.95947361,129037.578125,0.6335974408149467,56632.098103654105,20.366335,0.170461
3523,3523,1837,40.0959663,-34.95947361,129037.578125,0.6335974408149467,56632.18133016117,20.555548,0.195796
3524,3524,1837,40.0959663,-34.95947361,129037.578125,0.6335974408149467,56943.1979061286,20.596308,0.201842
3525,3525,1837,40.0959663,-34.95947361,129037.578125,0.6335974408149467,56949.208418709226,20.861771,0.155444
3526,3526,1837,40.0959663,-34.95947361,129037.578125,0.6335974408149467,56951.21214111149,20.04383,0.137956
3527,3527,1837,40.0959663,-34.95947361,129037.578125,0.6335974408149467,56951.29463571496,20.150165,0.141077
3528,3528,1837,40.0959663,-34.95947361,129037.578125,0.6335974408149467,56953.175751735456,20.125261,0.131995
3529,3529,1837,40.0959663,-34.95947361,129037.578125,0.6335974408149467,56953.25911439676,20.174716,0.161267
3530,3530,1837,40.0959663,-34.95947361,129037.578125,0.6335974408149467,56955.23051540321,20.281996,0.139022
3531,3531,1837,40.0959663,-34.95947361,129037.578125,0.6335974408149467,56955.30268671783,20.695336,0.195057
3532,3532,1837,40.0959663,-34.95947361,129037.578125,0.6335974408149467,56959.21696555661,20.894278,0.178216
3533,3533,1837,40.0959663,-34.95947361,129037.578125,0.6335974408149467,56963.27551408112,20.02486,0.155802
3534,3534,1837,40.0959663,-34.95947361,129037.578125,0.6335974408149467,57283.201459681615,19.926821,0.124694
3535,3535,1837,40.0959663,-34.95947361,129037.578125,0.6335974408149467,57283.28819015017,20.01488,0.204662
3536,3536,1837,40.0959663,-34.95947361,129037.578125,0.6335974408149467,57311.21623899881,20.449021,0.229377
3537,3537,1837,40.0959663,-34.95947361,129037.578125,0.6335974408149467,57313.18400137592,20.409073,0.1926
3538,3538,1837,40.0959663,-34.95947361,129037.578125,0.6335974408149467,57342.16020780103,20.120758,0.214882
3539,3539,1837,40.0959663,-34.95947361,129037.578125,0.6335974408149467,57346.061960550025,20.241266,0.228945
3540,3540,1837,40.0959663,-34.95947361,129037.578125,0.6335974408149467,57360.160615663975,20.604989,0.2033
3541,3541,1837,40.0959663,-34.95947361,129037.578125,0.6335974408149467,57362.159750104416,20.638264,0.216719
3542,3542,1837,40.0959663,-34.95947361,129037.578125,0.6335974408149467,57364.07685408974,20.769711,0.222108
3579,3579,1844,40.21022266,-34.98001302,126773.054688,0.7988249407532632,56518.37175629381,20.631187,0.195712
3580,3580,1844,40.21022266,-34.98001302,126773.054688,0.7988249407532632,56520.40180865489,20.201262,0.140626
3581,3581,1844,40.21022266,-34.98001302,126773.054688,0.7988249407532632,56520.420928192325,20.088939,0.136388
3582,3582,1844,40.21022266,-34.98001302,126773.054688,0.7988249407532632,56560.23181177769,20.183504,0.184491
3583,3583,1844,40.21022266,-34.98001302,126773.054688,0.7988249407532632,56560.31531311665,19.985325,0.183133
3584,3584,1844,40.21022266,-34.98001302,126773.054688,0.7988249407532632,56564.26579884626,19.908432,0.13231
3585,3585,1844,40.21022266,-34.98001302,126773.054688,0.7988249407532632,56564.33100276021,20.128486,0.170034
3586,3586,1844,40.21022266,-34.98001302,126773.054688,0.7988249407532632,56568.23606150178,19.985664,0.156854
3587,3587,1844,40.21022266,-34.98001302,126773.054688,0.7988249407532632,56572.22788471682,20.166492,0.137326
3588,3588,1844,40.21022266,-34.98001302,126773.054688,0.7988249407532632,56576.228585492354,20.183301,0.162681
3589,3589,1844,40.21022266,-34.98001302,126773.054688,0.7988249407532632,56576.35699115973,20.268327,0.175419
3590,3590,1844,40.21022266,-34.98001302,126773.054688,0.7988249407532632,56578.29526315257,20.668905,0.19482
3591,3591,1844,40.21022266,-34.98001302,126773.054688,0.7988249407532632,56620.20123604825,20.064031,0.173517
3592,3592,1844,40.21022266,-34.98001302,126773.054688,0.7988249407532632,56624.123757421505,20.211699,0.165603
3593,3593,1844,40.21022266,-34.98001302,126773.054688,0.7988249407532632,56624.20729575539,19.924986,0.163935
3594,3594,1844,40.21022266,-34.98001302,126773.054688,0.7988249407532632,56626.108078204095,20.59652,0.177911
3595,3595,1844,40.21022266,-34.98001302,126773.054688,0.7988249407532632,56628.17993436428,20.046663,0.146454
3596,3596,1844,40.21022266,-34.98001302,126773.054688,0.7988249407532632,56632.09811114054,20.281815,0.165672
3597,3597,1844,40.21022266,-34.98001302,126773.054688,0.7988249407532632,56632.18133764155,19.945794,0.159181
3598,3598,1844,40.21022266,-34.98001302,126773.054688,0.7988249407532632,56636.17348670541,20.062048,0.156812
3599,3599,1844,40.21022266,-34.98001302,126773.054688,0.7988249407532632,56943.19791401643,20.467981,0.201677
3600,3600,1844,40.21022266,-34.98001302,126773.054688,0.7988249407532632,56949.20842692489,20.631628,0.15995
3601,3601,1844,40.21022266,-34.98001302,126773.054688,0.7988249407532632,56951.21214941656,20.33302,0.166175
3602,3602,1844,40.21022266,-34.98001302,126773.054688,0.7988249407532632,56951.29464402329,20.388665,0.155387
3603,3603,1844,40.21022266,-34.98001302,126773.054688,0.7988249407532632,56953.175760117825,20.709215,0.178005
3604,3604,1844,40.21022266,-34.98001302,126773.054688,0.7988249407532632,56953.25912278239,20.339527,0.163546
3605,3605,1844,40.21022266,-34.98001302,126773.054688,0.7988249407532632,56955.23052385589,20.443412,0.152079
3606,3606,1844,40.21022266,-34.98001302,126773.054688,0.7988249407532632,56955.30269517284,20.694389,0.183851
3607,3607,1844,40.21022266,-34.98001302,126773.054688,0.7988249407532632,56959.21697411407,20.26548,0.134732
3608,3608,1844,40.21022266,-34.98001302,126773.054688,0.7988249407532632,56959.29413367808,20.606466,0.188068
3609,3609,1844,40.21022266,-34.98001302,126773.054688,0.7988249407532632,56961.214339558035,20.505987,0.192231
3610,3610,1844,40.21022266,-34.98001302,126773.054688,0.7988249407532632,56963.27552270284,20.664957,0.182001
3611,3611,1844,40.21022266,-34.98001302,126773.054688,0.7988249407532632,57283.201465283986,19.734821,0.105665
3612,3612,1844,40.21022266,-34.98001302,126773.054688,0.7988249407532632,57311.216247048695,20.220426,0.20055
3613,3613,1844,40.21022266,-34.98001302,126773.054688,0.7988249407532632,57360.1606233269,20.565545,0.19655
3614,3614,1844,40.21022266,-34.98001302,126773.054688,0.7988249407532632,57362.15975762438,20.647996,0.213091
3615,3615,1845,40.23173644,-34.96544064,137858.859375,0.6301899809657373,56562.34434542619,20.3669,0.192827
3616,3616,1845,40.23173644,-34.96544064,137858.859375,0.6301899809657373,56564.331005010754,20.490194,0.184692
3617,3617,1845,40.23173644,-34.96544064,137858.859375,0.6301899809657373,56568.23606373882,20.758357,0.189208
3618,3618,1845,40.23173644,-34.96544064,137858.859375,0.6301899809657373,56572.22788692918,20.886926,0.180809
3619,3619,1845,40.23173644,-34.96544064,137858.859375,0.6301899809657373,56576.228587668855,20.327708,0.174515
3620,3620,1845,40.23173644,-34.96544064,137858.859375,0.6301899809657373,56576.3569933353,20.636164,0.195261
3621,3621,1845,40.23173644,-34.96544064,137858.859375,0.6301899809657373,56578.20980809815,20.152373,0.201239
3622,3622,1845,40.23173644,-34.96544064,137858.859375,0.6301899809657373,56578.29526530672,20.470968,0.188225
3623,3623,1845,40.23173644,-34.96544064,137858.859375,0.6301899809657373,56620.20123720076,20.290603,0.173323
3624,3624,1845,40.23173644,-34.96544064,137858.859375,0.6301899809657373,56622.11594706494,20.613274,0.19322
3625,3625,1845,40.23173644,-34.96544064,137858.859375,0.6301899809657373,56622.2003648323,20.842032,0.190875
3626,3626,1845,40.23173644,-34.96544064,137858.859375,0.6301899809657373,56624.123758438975,20.439811,0.177114
3627,3627,1845,40.23173644,-34.96544064,137858.859375,0.6301899809657373,56624.2072967696,20.198893,0.165511
3628,3628,1845,40.23173644,-34.96544064,137858.859375,0.6301899809657373,56626.10807915125,20.157171,0.138206
3629,3629,1845,40.23173644,-34.96544064,137858.859375,0.6301899809657373,56626.193492569495,20.617152,0.186219
3630,3630,1845,40.23173644,-34.96544064,137858.859375,0.6301899809657373,56628.09439434204,20.646862,0.204326
3631,3631,1845,40.23173644,-34.96544064,137858.859375,0.6301899809657373,56632.09811186883,20.803448,0.194479
3632,3632,1845,40.23173644,-34.96544064,137858.859375,0.6301899809657373,56632.18133836705,20.555809,0.191403
3633,3633,1845,40.23173644,-34.96544064,137858.859375,0.6301899809657373,56636.17348728096,20.371534,0.200395
3634,3634,1845,40.23173644,-34.96544064,137858.859375,0.6301899809657373,56638.08579700487,20.262126,0.235695
3635,3635,1845,40.23173644,-34.96544064,137858.859375,0.6301899809657373,56949.20842900267,20.989958,0.147226
3636,3636,1845,40.23173644,-34.96544064,137858.859375,0.6301899809657373,56951.21215146175,20.179421,0.147271
3637,3637,1845,40.23173644,-34.96544064,137858.859375,0.6301899809657373,56951.294646067545,20.341972,0.147298
3638,3638,1845,40.23173644,-34.96544064,137858.859375,0.6301899809657373,56953.17576212948,20.414522,0.163042
3639,3639,1845,40.23173644,-34.96544064,137858.859375,0.6301899809657373,56953.25912479218,20.882177,0.168004
3640,3640,1845,40.23173644,-34.96544064,137858.859375,0.6301899809657373,56955.23052582936,20.554412,0.162562
3641,3641,1845,40.23173644,-34.96544064,137858.859375,0.6301899809657373,56955.302697144914,20.477311,0.177926
3642,3642,1845,40.23173644,-34.96544064,137858.859375,0.6301899809657373,56959.216976006515,20.700991,0.179442
3643,3643,1845,40.23173644,-34.96544064,137858.859375,0.6301899809657373,56961.214341406245,20.9168,0.200536
3644,3644,1845,40.23173644,-34.96544064,137858.859375,0.6301899809657373,56963.192149875686,19.954984,0.206129
3645,3645,1845,40.23173644,-34.96544064,137858.859375,0.6301899809657373,56963.275524503086,20.721203,0.191222
3646,3646,1845,40.23173644,-34.96544064,137858.859375,0.6301899809657373,57311.216249172576,20.558258,0.220029
3647,3647,1845,40.23173644,-34.96544064,137858.859375,0.6301899809657373,57313.18401162606,20.619436,0.195261
3648,3648,1845,40.23173644,-34.96544064,137858.859375,0.6301899809657373,57360.16062414646,20.645285,0.204829
3649,3649,1845,40.23173644,-34.96544064,137858.859375,0.6301899809657373,57362.159758369904,20.449835,0.205996
3650,3650,1845,40.23173644,-34.96544064,137858.859375,0.6301899809657373,57364.076862138696,20.063357,0.204051
3651,3651,1846,40.23377765,-34.93120257,127039.695312,0.500643916692471,56514.32158576744,20.267541,0.159201
3652,3652,1846,40.23377765,-34.93120257,127039.695312,0.500643916692471,56564.26580303395,20.259626,0.149929
3653,3653,1846,40.23377765,-34.93120257,127039.695312,0.500643916692471,56564.33100694558,19.992147,0.161474
3654,3654,1846,40.23377765,-34.93120257,127039.695312,0.500643916692471,56568.23606553208,20.477985,0.175992
3655,3655,1846,40.23377765,-34.93120257,127039.695312,0.500643916692471,56570.23280451866,20.637771,0.207992
3656,3656,1846,40.23377765,-34.93120257,127039.695312,0.500643916692471,56570.34521584213,19.989155,0.19888
3657,3657,1846,40.23377765,-34.93120257,127039.695312,0.500643916692471,56572.22788856877,20.89547,0.190037
3658,3658,1846,40.23377765,-34.93120257,127039.695312,0.500643916692471,56576.22858914593,20.727409,0.221559
3659,3659,1846,40.23377765,-34.93120257,127039.695312,0.500643916692471,56576.356994807255,20.024529,0.170434
3660,3660,1846,40.23377765,-34.93120257,127039.695312,0.500643916692471,56578.29526669718,19.878711,0.186595
3661,3661,1846,40.23377765,-34.93120257,127039.695312,0.500643916692471,56618.12157234317,20.467864,0.208865
3662,3662,1846,40.23377765,-34.93120257,127039.695312,0.500643916692471,56620.201236608904,20.744386,0.186613
3663,3663,1846,40.23377765,-34.93120257,127039.695312,0.500643916692471,56622.11594638182,20.718006,0.18223
3664,3664,1846,40.23377765,-34.93120257,127039.695312,0.500643916692471,56624.12375766039,20.526882,0.189599
3665,3665,1846,40.23377765,-34.93120257,127039.695312,0.500643916692471,56624.20729598729,20.527548,0.180754
3666,3666,1846,40.23377765,-34.93120257,127039.695312,0.500643916692471,56626.10807828,20.663177,0.176057
3667,3667,1846,40.23377765,-34.93120257,127039.695312,0.500643916692471,56626.19349169452,20.633138,0.186509
3668,3668,1846,40.23377765,-34.93120257,127039.695312,0.500643916692471,56628.09439337859,20.584976,0.196569
3669,3669,1846,40.23377765,-34.93120257,127039.695312,0.500643916692471,56632.098110723775,20.436542,0.176546
3670,3670,1846,40.23377765,-34.93120257,127039.695312,0.500643916692471,56632.181337218266,20.618041,0.197315
3671,3671,1846,40.23377765,-34.93120257,127039.695312,0.500643916692471,56636.09010865865,20.746335,0.206806
3672,3672,1846,40.23377765,-34.93120257,127039.695312,0.500643916692471,56636.173485956155,20.320473,0.21188
3673,3673,1846,40.23377765,-34.93120257,127039.695312,0.500643916692471,56943.281789235305,19.803998,0.181485
3674,3674,1846,40.23377765,-34.93120257,127039.695312,0.500643916692471,56949.20843014587,20.517478,0.158855
3675,3675,1846,40.23377765,-34.93120257,127039.695312,0.500643916692471,56951.21215251507,20.253915,0.157916
3676,3676,1846,40.23377765,-34.93120257,127039.695312,0.500643916692471,56951.29464711668,20.074212,0.144173
3677,3677,1846,40.23377765,-34.93120257,127039.695312,0.500643916692471,56953.25912575191,20.177972,0.159078
3678,3678,1846,40.23377765,-34.93120257,127039.695312,0.500643916692471,56955.23052669782,20.916653,0.182195
3679,3679,1846,40.23377765,-34.93120257,127039.695312,0.500643916692471,56955.30269801011,20.018374,0.148228
3680,3680,1846,40.23377765,-34.93120257,127039.695312,0.500643916692471,56959.21697668778,20.714655,0.177783
3681,3681,1846,40.23377765,-34.93120257,127039.695312,0.500643916692471,56959.294136246666,20.077973,0.170464
3682,3682,1846,40.23377765,-34.93120257,127039.695312,0.500643916692471,56961.21434199205,20.674666,0.194673
3683,3683,1846,40.23377765,-34.93120257,127039.695312,0.500643916692471,56963.27552499017,20.165166,0.146729
3684,3684,1846,40.23377765,-34.93120257,127039.695312,0.500643916692471,57311.2162504592,20.43314,0.23677
3685,3685,1846,40.23377765,-34.93120257,127039.695312,0.500643916692471,57360.16062311223,20.74124,0.201434
3686,3686,1846,40.23377765,-34.93120257,127039.695312,0.500643916692471,57362.15975724533,20.636232,0.216404
3687,3687,1848,40.25697139,-34.93951034,136536.984375,0.5510375974680147,56283.14666377893,20.3553,0.214657
3688,3688,1848,40.25697139,-34.93951034,136536.984375,0.5510375974680147,56510.36815009219,20.635161,0.194481
3689,3689,1848,40.25697139,-34.93951034,136536.984375,0.5510375974680147,56514.32158548385,20.845156,0.185361
3690,3690,1848,40.25697139,-34.93951034,136536.984375,0.5510375974680147,56514.37921062717,20.725588,0.189397
3691,3691,1848,40.25697139,-34.93951034,136536.984375,0.5510375974680147,56520.4018130172,20.545017,0.183002
3692,3692,1848,40.25697139,-34.93951034,136536.984375,0.5510375974680147,56520.42093255557,20.894121,0.182502
3693,3693,1848,40.25697139,-34.93951034,136536.984375,0.5510375974680147,56522.32092920691,20.185804,0.187817
3694,3694,1848,40.25697139,-34.93951034,136536.984375,0.5510375974680147,56564.26580420043,20.226302,0.139036
3695,3695,1848,40.25697139,-34.93951034,136536.984375,0.5510375974680147,56568.236066788435,20.823858,0.185955
3696,3696,1848,40.25697139,-34.93951034,136536.984375,0.5510375974680147,56570.232805817854,20.41379,0.186344
3697,3697,1848,40.25697139,-34.93951034,136536.984375,0.5510375974680147,56570.34521714412,20.527915,0.218352
3698,3698,1848,40.25697139,-34.93951034,136536.984375,0.5510375974680147,56576.2285905648,20.781621,0.204094
3699,3699,1848,40.25697139,-34.93951034,136536.984375,0.5510375974680147,56576.35699622799,20.526913,0.185294
3700,3700,1848,40.25697139,-34.93951034,136536.984375,0.5510375974680147,56618.20452172635,19.997013,0.175721
3701,3701,1848,40.25697139,-34.93951034,136536.984375,0.5510375974680147,56622.11594813038,20.306827,0.15419
3702,3702,1848,40.25697139,-34.93951034,136536.984375,0.5510375974680147,56622.20036589308,20.280804,0.16977
3703,3703,1848,40.25697139,-34.93951034,136536.984375,0.5510375974680147,56626.10808000527,20.537175,0.169644
3704,3704,1848,40.25697139,-34.93951034,136536.984375,0.5510375974680147,56628.09439508896,20.564067,0.201479
3705,3705,1848,40.25697139,-34.93951034,136536.984375,0.5510375974680147,56628.17993597966,20.525288,0.169553
3706,3706,1848,40.25697139,-34.93951034,136536.984375,0.5510375974680147,56632.09811239876,20.361329,0.170135
3707,3707,1848,40.25697139,-34.93951034,136536.984375,0.5510375974680147,56638.08579720464,20.106565,0.216707
3708,3708,1848,40.25697139,-34.93951034,136536.984375,0.5510375974680147,56943.28179068677,20.324232,0.232289
3709,3709,1848,40.25697139,-34.93951034,136536.984375,0.5510375974680147,56949.20843169466,20.847764,0.155352
3710,3710,1848,40.25697139,-34.93951034,136536.984375,0.5510375974680147,56953.25912735751,20.229723,0.155983
3711,3711,1848,40.25697139,-34.93951034,136536.984375,0.5510375974680147,56955.23052832857,20.963892,0.182265
3712,3712,1848,40.25697139,-34.93951034,136536.984375,0.5510375974680147,56955.302699641325,20.858347,0.187507
3713,3713,1848,40.25697139,-34.93951034,136536.984375,0.5510375974680147,56959.294137922116,19.971387,0.17905
3714,3714,1848,40.25697139,-34.93951034,136536.984375,0.5510375974680147,56961.21434368566,20.60362,0.193272
3715,3715,1848,40.25697139,-34.93951034,136536.984375,0.5510375974680147,56963.19215207733,20.020333,0.224676
3716,3716,1848,40.25697139,-34.93951034,136536.984375,0.5510375974680147,56963.27552670147,20.432215,0.167507
3717,3717,1848,40.25697139,-34.93951034,136536.984375,0.5510375974680147,57283.28820116306,19.72541,0.2167
3718,3718,1848,40.25697139,-34.93951034,136536.984375,0.5510375974680147,57339.13055040175,20.281352,0.208778
3719,3719,1848,40.25697139,-34.93951034,136536.984375,0.5510375974680147,57346.14609960001,19.885042,0.116736
3720,3720,1848,40.25697139,-34.93951034,136536.984375,0.5510375974680147,57360.16062481003,20.638298,0.201569
3721,3721,1848,40.25697139,-34.93951034,136536.984375,0.5510375974680147,57362.07556028757,20.467158,0.189226
3722,3722,1848,40.25697139,-34.93951034,136536.984375,0.5510375974680147,57362.15975892451,20.321926,0.185168
3723,3723,1850,40.2632499,-34.9307809,133742.15625,0.8162754315035589,56514.37921142578,20.213561,0.145324
3724,3724,1850,40.2632499,-34.9307809,133742.15625,0.8162754315035589,56518.37176137045,20.494871,0.191623
3725,3725,1850,40.2632499,-34.9307809,133742.15625,0.8162754315035589,56520.40181386471,20.853958,0.189592
3726,3726,1850,40.2632499,-34.9307809,133742.15625,0.8162754315035589,56560.3153194231,20.233325,0.186627
3727,3727,1850,40.2632499,-34.9307809,133742.15625,0.8162754315035589,56562.24430991011,20.751291,0.188144
3728,3728,1850,40.2632499,-34.9307809,133742.15625,0.8162754315035589,56564.26580509264,20.353299,0.151951
3729,3729,1850,40.2632499,-34.9307809,133742.15625,0.8162754315035589,56564.3310090052,20.545631,0.17499
3730,3730,1850,40.2632499,-34.9307809,133742.15625,0.8162754315035589,56568.23606765736,20.508232,0.17825
3731,3731,1850,40.2632499,-34.9307809,133742.15625,0.8162754315035589,56570.345217998605,20.637621,0.205703
3732,3732,1850,40.2632499,-34.9307809,133742.15625,0.8162754315035589,56572.22789075039,20.53656,0.166138
3733,3733,1850,40.2632499,-34.9307809,133742.15625,0.8162754315035589,56576.35699703591,20.274555,0.178384
3734,3734,1850,40.2632499,-34.9307809,133742.15625,0.8162754315035589,56578.295268944,20.306976,0.174553
3735,3735,1850,40.2632499,-34.9307809,133742.15625,0.8162754315035589,56618.12157438183,19.793055,0.178561
3736,3736,1850,40.2632499,-34.9307809,133742.15625,0.8162754315035589,56622.11594834132,20.432894,0.181049
3737,3737,1850,40.2632499,-34.9307809,133742.15625,0.8162754315035589,56622.200366102625,20.198137,0.165694
3738,3738,1850,40.2632499,-34.9307809,133742.15625,0.8162754315035589,56624.12375957705,20.648969,0.185859
3739,3739,1850,40.2632499,-34.9307809,133742.15625,0.8162754315035589,56626.19349356415,20.280205,0.157343
3740,3740,1850,40.2632499,-34.9307809,133742.15625,0.8162754315035589,56628.09439520305,20.316228,0.186193
3741,3741,1850,40.2632499,-34.9307809,133742.15625,0.8162754315035589,56632.09811244672,20.5026,0.168934
3742,3742,1850,40.2632499,-34.9307809,133742.15625,0.8162754315035589,56632.18133893888,20.663476,0.198082
3743,3743,1850,40.2632499,-34.9307809,133742.15625,0.8162754315035589,56636.09011027217,19.982816,0.177168
3744,3744,1850,40.2632499,-34.9307809,133742.15625,0.8162754315035589,56636.17348756734,20.429538,0.208805
3745,3745,1850,40.2632499,-34.9307809,133742.15625,0.8162754315035589,56943.19791982323,20.600648,0.183177
3746,3746,1850,40.2632499,-34.9307809,133742.15625,0.8162754315035589,56951.21215480752,20.293419,0.157025
3747,3747,1850,40.2632499,-34.9307809,133742.15625,0.8162754315035589,56951.2946494096,20.451676,0.154731
3748,3748,1850,40.2632499,-34.9307809,133742.15625,0.8162754315035589,56953.25912804948,20.76986,0.180748
3749,3749,1850,40.2632499,-34.9307809,133742.15625,0.8162754315035589,56955.23052899772,20.033068,0.132525
3750,3750,1850,40.2632499,-34.9307809,133742.15625,0.8162754315035589,56955.302700310014,20.459814,0.16687
3751,3751,1850,40.2632499,-34.9307809,133742.15625,0.8162754315035589,56959.21697898349,20.730529,0.172946
3752,3752,1850,40.2632499,-34.9307809,133742.15625,0.8162754315035589,56959.29413854238,19.97322,0.17562
3753,3753,1850,40.2632499,-34.9307809,133742.15625,0.8162754315035589,56961.2143442817,20.647168,0.194813
3754,3754,1850,40.2632499,-34.9307809,133742.15625,0.8162754315035589,57313.18401510455,20.668716,0.1914
3755,3755,1850,40.2632499,-34.9307809,133742.15625,0.8162754315035589,57342.16021971824,20.755598,0.205234
3756,3756,1850,40.2632499,-34.9307809,133742.15625,0.8162754315035589,57360.16062489804,20.268726,0.168931
3757,3757,1850,40.2632499,-34.9307809,133742.15625,0.8162754315035589,57362.15975897992,20.568227,0.211484
3758,3758,1850,40.2632499,-34.9307809,133742.15625,0.8162754315035589,57364.16152436985,20.105622,0.144757
3759,3759,1856,40.33238061,-34.91175979,133541.546875,0.5637553302043564,56193.344513469376,20.200454,0.195279
3760,3760,1856,40.33238061,-34.91175979,133541.546875,0.5637553302043564,56271.09326556418,20.137515,0.16534
3761,3761,1856,40.33238061,-34.91175979,133541.546875,0.5637553302043564,56271.17614520248,20.297119,0.185906
3762,3762,1856,40.33238061,-34.91175979,133541.546875,0.5637553302043564,56273.08442745451,20.404975,0.209651
3763,3763,1856,40.33238061,-34.91175979,133541.546875,0.5637553302043564,56273.16926323669,20.845562,0.173546
3764,3764,1856,40.33238061,-34.91175979,133541.546875,0.5637553302043564,56277.15655373596,20.593868,0.195666
3765,3765,1856,40.33238061,-34.91175979,133541.546875,0.5637553302043564,56283.06207179325,20.312792,0.185355
3766,3766,1856,40.33238061,-34.91175979,133541.546875,0.5637553302043564,56514.37921407167,20.77947,0.191767
3767,3767,1856,40.33238061,-34.91175979,133541.546875,0.5637553302043564,56520.401817059144,20.528302,0.178477
3768,3768,1856,40.33238061,-34.91175979,133541.546875,0.5637553302043564,56520.42093659891,20.463091,0.176016
3769,3769,1856,40.33238061,-34.91175979,133541.546875,0.5637553302043564,56560.31532509066,19.994976,0.182412
3770,3770,1856,40.33238061,-34.91175979,133541.546875,0.5637553302043564,56564.26581086684,20.0217,0.134916
3771,3771,1856,40.33238061,-34.91175979,133541.546875,0.5637553302043564,56564.33101478079,20.286083,0.171339
3772,3772,1856,40.33238061,-34.91175979,133541.546875,0.5637553302043564,56568.23607350979,19.999535,0.157413
3773,3773,1856,40.33238061,-34.91175979,133541.546875,0.5637553302043564,56572.22789665265,20.349053,0.144047
3774,3774,1856,40.33238061,-34.91175979,133541.546875,0.5637553302043564,56576.22859729687,20.657008,0.208085
3775,3775,1856,40.33238061,-34.91175979,133541.546875,0.5637553302043564,56576.35700295912,20.730844,0.169164
3776,3776,1856,40.33238061,-34.91175979,133541.546875,0.5637553302043564,56620.201242915355,20.734368,0.185495
3777,3777,1856,40.33238061,-34.91175979,133541.546875,0.5637553302043564,56624.123763597105,20.295357,0.160924
3778,3778,1856,40.33238061,-34.91175979,133541.546875,0.5637553302043564,56628.094398912974,20.392965,0.19639
3779,3779,1856,40.33238061,-34.91175979,133541.546875,0.5637553302043564,56632.09811582696,20.523866,0.17546
3780,3780,1856,40.33238061,-34.91175979,133541.546875,0.5637553302043564,56632.181342312135,20.495055,0.179328
3781,3781,1856,40.33238061,-34.91175979,133541.546875,0.5637553302043564,56638.08580001118,20.365978,0.209284
3782,3782,1856,40.33238061,-34.91175979,133541.546875,0.5637553302043564,56943.197925745975,20.207935,0.189234
3783,3783,1856,40.33238061,-34.91175979,133541.546875,0.5637553302043564,56951.21216065856,20.797925,0.164361
3784,3784,1856,40.33238061,-34.91175979,133541.546875,0.5637553302043564,56951.29465525923,20.488826,0.160532
3785,3785,1856,40.33238061,-34.91175979,133541.546875,0.5637553302043564,56953.175771205686,20.678323,0.178604
3786,3786,1856,40.33238061,-34.91175979,133541.546875,0.5637553302043564,56953.25913386326,20.044096,0.153665
3787,3787,1856,40.33238061,-34.91175979,133541.546875,0.5637553302043564,56955.23053476866,20.932335,0.186473
3788,3788,1856,40.33238061,-34.91175979,133541.546875,0.5637553302043564,56955.30270607909,20.838931,0.175283
3789,3789,1856,40.33238061,-34.91175979,133541.546875,0.5637553302043564,56959.294144202955,20.512552,0.179687
3790,3790,1856,40.33238061,-34.91175979,133541.546875,0.5637553302043564,56961.214349880815,20.242419,0.156752
3791,3791,1856,40.33238061,-34.91175979,133541.546875,0.5637553302043564,56963.27553279605,20.419071,0.16527
3792,3792,1856,40.33238061,-34.91175979,133541.546875,0.5637553302043564,57311.21625863667,20.223021,0.202693
3793,3793,1856,40.33238061,-34.91175979,133541.546875,0.5637553302043564,57360.1606284827,20.761309,0.201208
3794,3794,1856,40.33238061,-34.91175979,133541.546875,0.5637553302043564,57362.159762398805,20.637997,0.211519
3795,3795,1859,40.39376297,-34.90824946,140632.46875,0.887624010240653,55484.26338018477,20.583496,0.088161
3796,3796,1859,40.39376297,-34.90824946,140632.46875,0.887624010240653,55484.353675059974,20.718555,0.118557
3797,3797,1859,40.39376297,-34.90824946,140632.46875,0.887624010240653,55507.031252115965,20.688136,0.165741
3798,3798,1859,40.39376297,-34.90824946,140632.46875,0.887624010240653,55507.17053813347,20.81483,0.133279
3799,3799,1859,40.39376297,-34.90824946,140632.46875,0.887624010240653,55507.25891271606,20.952176,0.125634
3800,3800,1859,40.39376297,-34.90824946,140632.46875,0.887624010240653,56179.38281101361,20.637105,0.302259
3801,3801,1859,40.39376297,-34.90824946,140632.46875,0.887624010240653,56189.3587047304,20.699462,0.195315
3802,3802,1859,40.39376297,-34.90824946,140632.46875,0.887624010240653,56205.205729591195,20.381644,0.175903
3803,3803,1859,40.39376297,-34.90824946,140632.46875,0.887624010240653,56219.29832236236,20.537898,0.204215
3804,3804,1859,40.39376297,-34.90824946,140632.46875,0.887624010240653,56221.21115990216,20.343414,0.152969
3805,3805,1859,40.39376297,-34.90824946,140632.46875,0.887624010240653,56221.2938975594,20.673279,0.195315
3806,3806,1859,40.39376297,-34.90824946,140632.46875,0.887624010240653,56223.22965158103,20.303817,0.158857
3807,3807,1859,40.39376297,-34.90824946,140632.46875,0.887624010240653,56269.17464377172,20.464046,0.208422
3808,3808,1859,40.39376297,-34.90824946,140632.46875,0.887624010240653,56271.17614844069,20.552617,0.199271
3809,3809,1859,40.39376297,-34.90824946,140632.46875,0.887624010240653,56273.16926634824,20.759256,0.157875
3810,3810,1859,40.39376297,-34.90824946,140632.46875,0.887624010240653,56277.07336392533,20.164399,0.133415
3811,3811,1859,40.39376297,-34.90824946,140632.46875,0.887624010240653,56277.15655658394,20.371469,0.156592
3812,3812,1859,40.39376297,-34.90824946,140632.46875,0.887624010240653,56510.29522825545,20.613853,0.179524
3813,3813,1859,40.39376297,-34.90824946,140632.46875,0.887624010240653,56514.321590194944,20.759563,0.164754
3814,3814,1859,40.39376297,-34.90824946,140632.46875,0.887624010240653,56514.37921534898,20.748912,0.168688
3815,3815,1859,40.39376297,-34.90824946,140632.46875,0.887624010240653,56516.268934316,20.822381,0.222034
3816,3816,1859,40.39376297,-34.90824946,140632.46875,0.887624010240653,56518.30823852541,20.779684,0.190375
3817,3817,1859,40.39376297,-34.90824946,140632.46875,0.887624010240653,56518.37176598795,20.548242,0.154932
3818,3818,1859,40.39376297,-34.90824946,140632.46875,0.887624010240653,56520.40063832188,20.51305,0.15984
3819,3819,1859,40.39376297,-34.90824946,140632.46875,0.887624010240653,56520.40181882633,20.546124,0.154452
3820,3820,1859,40.39376297,-34.90824946,140632.46875,0.887624010240653,56520.420938367955,20.376534,0.118515
3821,3821,1859,40.39376297,-34.90824946,140632.46875,0.887624010240653,56560.23182802042,20.397253,0.169673
3822,3822,1859,40.39376297,-34.90824946,140632.46875,0.887624010240653,56560.3153293645,20.385451,0.166719
3823,3823,1859,40.39376297,-34.90824946,140632.46875,0.887624010240653,56562.24431998236,20.590356,0.165734
3824,3824,1859,40.39376297,-34.90824946,140632.46875,0.887624010240653,56564.26581528969,20.784641,0.172625
3825,3825,1859,40.39376297,-34.90824946,140632.46875,0.887624010240653,56568.23607806116,20.150556,0.124707
3826,3826,1859,40.39376297,-34.90824946,140632.46875,0.887624010240653,56570.23281716183,20.591093,0.153233
3827,3827,1859,40.39376297,-34.90824946,140632.46875,0.887624010240653,56572.227901310194,20.939314,0.197292
3828,3828,1859,40.39376297,-34.90824946,140632.46875,0.887624010240653,56576.22743313527,20.293442,0.153692
3829,3829,1859,40.39376297,-34.90824946,140632.46875,0.887624010240653,56576.228602037765,20.116377,0.140781
3830,3830,1859,40.39376297,-34.90824946,140632.46875,0.887624010240653,56576.35700770235,20.335141,0.175697
3831,3831,1859,40.39376297,-34.90824946,140632.46875,0.887624010240653,56618.121583038475,20.557359,0.216469
3832,3832,1859,40.39376297,-34.90824946,140632.46875,0.887624010240653,56622.20037428848,20.771934,0.191364
3833,3833,1859,40.39376297,-34.90824946,140632.46875,0.887624010240653,56624.123767526355,20.396915,0.14303
3834,3834,1859,40.39376297,-34.90824946,140632.46875,0.887624010240653,56624.20730584115,20.395028,0.179989
3835,3835,1859,40.39376297,-34.90824946,140632.46875,0.887624010240653,56626.10808784794,20.457937,0.135365
3836,3836,1859,40.39376297,-34.90824946,140632.46875,0.887624010240653,56626.19350124942,20.756494,0.174596
3837,3837,1859,40.39376297,-34.90824946,140632.46875,0.887624010240653,56630.09046634752,21.074388,0.214112
3838,3838,1859,40.39376297,-34.90824946,140632.46875,0.887624010240653,56632.09692723537,20.693339,0.181494
3839,3839,1859,40.39376297,-34.90824946,140632.46875,0.887624010240653,56632.0981193264,20.575377,0.142198
3840,3840,1859,40.39376297,-34.90824946,140632.46875,0.887624010240653,56632.18134580646,20.32914,0.167733
3841,3841,1859,40.39376297,-34.90824946,140632.46875,0.887624010240653,56949.20844314527,20.707612,0.141103
3842,3842,1859,40.39376297,-34.90824946,140632.46875,0.887624010240653,56951.21099659847,20.750723,0.192352
3843,3843,1859,40.39376297,-34.90824946,140632.46875,0.887624010240653,56953.17577605508,20.867887,0.184455
3844,3844,1859,40.39376297,-34.90824946,140632.46875,0.887624010240653,56955.22937070858,20.286766,0.128548
3845,3845,1859,40.39376297,-34.90824946,140632.46875,0.887624010240653,56955.23053961573,20.0686,0.098763
3846,3846,1859,40.39376297,-34.90824946,140632.46875,0.887624010240653,56955.301518872846,20.296511,0.297856
3847,3847,1859,40.39376297,-34.90824946,140632.46875,0.887624010240653,56955.302710925695,20.426751,0.119815
3848,3848,1859,40.39376297,-34.90824946,140632.46875,0.887624010240653,56959.21698947204,20.924489,0.189391
3849,3849,1859,40.39376297,-34.90824946,140632.46875,0.887624010240653,56961.21435468597,20.777413,0.19334
3850,3850,1859,40.39376297,-34.90824946,140632.46875,0.887624010240653,56963.275537574664,20.388919,0.144197
3851,3851,1863,40.46694225,-33.75566811,143218.109375,0.5925250523213305,55484.27631784929,20.812984,0.103253
3852,3852,1863,40.46694225,-33.75566811,143218.109375,0.5925250523213305,55484.3667283277,21.071391,0.154342
3853,3853,1863,40.46694225,-33.75566811,143218.109375,0.5925250523213305,55507.04670065548,20.397409,0.084174
3854,3854,1863,40.46694225,-33.75566811,143218.109375,0.5925250523213305,56213.28583049774,20.055973,0.149049
3855,3855,1863,40.46694225,-33.75566811,143218.109375,0.5925250523213305,56223.321402493864,20.445707,0.167704
3856,3856,1863,40.46694225,-33.75566811,143218.109375,0.5925250523213305,56263.09953513555,20.4568,0.178538
3857,3857,1863,40.46694225,-33.75566811,143218.109375,0.5925250523213305,56265.100561355706,20.776609,0.193342
3858,3858,1863,40.46694225,-33.75566811,143218.109375,0.5925250523213305,56267.17979503097,20.378767,0.129521
3859,3859,1863,40.46694225,-33.75566811,143218.109375,0.5925250523213305,56271.09675516281,20.791772,0.15493
3860,3860,1863,40.46694225,-33.75566811,143218.109375,0.5925250523213305,56273.0879140608,20.853684,0.193342
3861,3861,1863,40.46694225,-33.75566811,143218.109375,0.5925250523213305,56273.172726568766,20.156671,0.195098
3862,3862,1863,40.46694225,-33.75566811,143218.109375,0.5925250523213305,56277.16003438458,20.920465,0.19927
3863,3863,1863,40.46694225,-33.75566811,143218.109375,0.5925250523213305,56279.077747351024,20.159639,0.125634
3864,3864,1863,40.46694225,-33.75566811,143218.109375,0.5925250523213305,56279.16157664172,20.474357,0.155911
3865,3865,1863,40.46694225,-33.75566811,143218.109375,0.5925250523213305,56508.35837958008,20.214832,0.124268
3866,3866,1863,40.46694225,-33.75566811,143218.109375,0.5925250523213305,56518.42677554209,20.313327,0.172276
3867,3867,1863,40.46694225,-33.75566811,143218.109375,0.5925250523213305,56622.11944152042,20.219285,0.150201
3868,3868,1863,40.46694225,-33.75566811,143218.109375,0.5925250523213305,56624.12724932609,20.584072,0.16672
3869,3869,1863,40.46694225,-33.75566811,143218.109375,0.5925250523213305,56626.197014519945,21.101957,0.218072
3870,3870,1863,40.46694225,-33.75566811,143218.109375,0.5925250523213305,56628.09790138202,20.508178,0.138291
3871,3871,1863,40.46694225,-33.75566811,143218.109375,0.5925250523213305,56630.09395045554,20.904568,0.161805
3872,3872,1863,40.46694225,-33.75566811,143218.109375,0.5925250523213305,56632.10160039505,20.894257,0.189389
3873,3873,1863,40.46694225,-33.75566811,143218.109375,0.5925250523213305,56632.18482675031,20.509056,0.153949
3874,3874,1863,40.46694225,-33.75566811,143218.109375,0.5925250523213305,56838.40871892031,20.273808,0.145134
3875,3875,1863,40.46694225,-33.75566811,143218.109375,0.5925250523213305,56838.429124221206,20.463759,0.178538
3876,3876,1863,40.46694225,-33.75566811,143218.109375,0.5925250523213305,56844.35615468165,20.401431,0.178538
3877,3877,1863,40.46694225,-33.75566811,143218.109375,0.5925250523213305,56943.32012288226,20.393036,0.176567
3878,3878,1863,40.46694225,-33.75566811,143218.109375,0.5925250523213305,56949.25949750841,20.406284,0.17361
3879,3879,1863,40.46694225,-33.75566811,143218.109375,0.5925250523213305,56949.3304417897,20.40946,0.130494
3880,3880,1863,40.46694225,-33.75566811,143218.109375,0.5925250523213305,56953.32958388515,20.103138,0.128923
3881,3881,1863,40.46694225,-33.75566811,143218.109375,0.5925250523213305,56953.35965133784,20.319823,0.194329
3882,3882,1863,40.46694225,-33.75566811,143218.109375,0.5925250523213305,56955.2531955787,20.524107,0.13439
3883,3883,1863,40.46694225,-33.75566811,143218.109375,0.5925250523213305,56955.31359671522,20.634748,0.152969
3884,3884,1863,40.46694225,-33.75566811,143218.109375,0.5925250523213305,56959.23966236785,20.651172,0.176258
3885,3885,1863,40.46694225,-33.75566811,143218.109375,0.5925250523213305,56961.23700127844,20.671602,0.18051
3886,3886,1863,40.46694225,-33.75566811,143218.109375,0.5925250523213305,56963.21244543418,20.39369,0.18051
3887,3887,1864,40.46843375,-34.96491751,135579.8125,0.5864522709242936,56562.244321933016,20.696149,0.180433
3888,3888,1864,40.46843375,-34.96491751,135579.8125,0.5864522709242936,56570.232819959056,20.633674,0.209574
3889,3889,1864,40.46843375,-34.96491751,135579.8125,0.5864522709242936,56570.34523130022,20.669101,0.221756
3890,3890,1864,40.46843375,-34.96491751,135579.8125,0.5864522709242936,56572.227904310916,20.96082,0.187539
3891,3891,1864,40.46843375,-34.96491751,135579.8125,0.5864522709242936,56578.29410276003,19.961938,0.152723
3892,3892,1864,40.46843375,-34.96491751,135579.8125,0.5864522709242936,56578.295283236075,20.152056,0.172936
3893,3893,1864,40.46843375,-34.96491751,135579.8125,0.5864522709242936,56618.20453688316,20.185082,0.184851
3894,3894,1864,40.46843375,-34.96491751,135579.8125,0.5864522709242936,56620.20006124908,20.403425,0.180451
3895,3895,1864,40.46843375,-34.96491751,135579.8125,0.5864522709242936,56622.11596288625,20.813258,0.175401
3896,3896,1864,40.46843375,-34.96491751,135579.8125,0.5864522709242936,56624.12258184049,20.652759,0.203329
3897,3897,1864,40.46843375,-34.96491751,135579.8125,0.5864522709242936,56624.12377392175,20.501742,0.187273
3898,3898,1864,40.46843375,-34.96491751,135579.8125,0.5864522709242936,56624.20731223794,20.604617,0.190322
3899,3899,1864,40.46843375,-34.96491751,135579.8125,0.5864522709242936,56626.10809428152,20.734148,0.179103
3900,3900,1864,40.46843375,-34.96491751,135579.8125,0.5864522709242936,56626.193507684395,20.675152,0.184562
3901,3901,1864,40.46843375,-34.96491751,135579.8125,0.5864522709242936,56628.09324016282,20.300991,0.116284
3902,3902,1864,40.46843375,-34.96491751,135579.8125,0.5864522709242936,56628.178781040944,20.438288,0.176913
3903,3903,1864,40.46843375,-34.96491751,135579.8125,0.5864522709242936,56628.179949980695,20.177291,0.148422
3904,3904,1864,40.46843375,-34.96491751,135579.8125,0.5864522709242936,56632.09812583029,20.677994,0.192763
3905,3905,1864,40.46843375,-34.96491751,135579.8125,0.5864522709242936,56943.19675360108,20.294057,0.18392
3906,3906,1864,40.46843375,-34.96491751,135579.8125,0.5864522709242936,56951.21216979064,20.936296,0.167699
3907,3907,1864,40.46843375,-34.96491751,135579.8125,0.5864522709242936,56951.29466439877,20.222469,0.14575
3908,3908,1864,40.46843375,-34.96491751,135579.8125,0.5864522709242936,56951.29817111418,19.94197,0.134248
3909,3909,1864,40.46843375,-34.96491751,135579.8125,0.5864522709242936,56953.17461160198,20.668219,0.243257
3910,3910,1864,40.46843375,-34.96491751,135579.8125,0.5864522709242936,56953.17578050727,20.458598,0.165038
3911,3911,1864,40.46843375,-34.96491751,135579.8125,0.5864522709242936,56953.25914317183,20.707786,0.189555
3912,3912,1864,40.46843375,-34.96491751,135579.8125,0.5864522709242936,56955.23054423556,20.632351,0.17019
3913,3913,1864,40.46843375,-34.96491751,135579.8125,0.5864522709242936,56955.30152349826,20.670669,0.302429
3914,3914,1864,40.46843375,-34.96491751,135579.8125,0.5864522709242936,56959.21699439874,20.906431,0.173936
3915,3915,1864,40.46843375,-34.96491751,135579.8125,0.5864522709242936,56961.21317927446,20.176164,0.186372
3916,3916,1864,40.46843375,-34.96491751,135579.8125,0.5864522709242936,56961.21435975795,20.515095,0.195188
3917,3917,1864,40.46843375,-34.96491751,135579.8125,0.5864522709242936,56963.275542789605,20.705238,0.195064
3918,3918,1864,40.46843375,-34.96491751,135579.8125,0.5864522709242936,57307.22631538892,19.847572,0.176948
3919,3919,1864,40.46843375,-34.96491751,135579.8125,0.5864522709242936,57313.184029824566,20.391885,0.193141
3920,3920,1864,40.46843375,-34.96491751,135579.8125,0.5864522709242936,57360.16063860571,20.491575,0.190245
3921,3921,1864,40.46843375,-34.96491751,135579.8125,0.5864522709242936,57362.15977242589,20.676157,0.224117
3922,3922,1864,40.46843375,-34.96491751,135579.8125,0.5864522709242936,57364.076875791885,20.435323,0.217999
3923,3923,1865,40.47095229,-34.9823189,140870.203125,0.833838720909038,56520.422103269026,20.114446,0.156401
3924,3924,1865,40.47095229,-34.9823189,140870.203125,0.833838720909038,56562.244321149774,20.458517,0.14807
3925,3925,1865,40.47095229,-34.9823189,140870.203125,0.833838720909038,56572.22672325978,20.051021,0.150434
3926,3926,1865,40.47095229,-34.9823189,140870.203125,0.833838720909038,56572.22790373489,20.382085,0.130062
3927,3927,1865,40.47095229,-34.9823189,140870.203125,0.833838720909038,56576.22743604379,20.713101,0.188882
3928,3928,1865,40.47095229,-34.9823189,140870.203125,0.833838720909038,56576.22860494675,20.568802,0.135652
3929,3929,1865,40.47095229,-34.9823189,140870.203125,0.833838720909038,56576.3570106267,20.188841,0.162794
3930,3930,1865,40.47095229,-34.9823189,140870.203125,0.833838720909038,56576.35817952966,20.444982,0.174105
3931,3931,1865,40.47095229,-34.9823189,140870.203125,0.833838720909038,56578.20982557768,20.559404,0.184455
3932,3932,1865,40.47095229,-34.9823189,140870.203125,0.833838720909038,56618.120420837775,20.50621,0.170656
3933,3933,1865,40.47095229,-34.9823189,140870.203125,0.833838720909038,56618.12158976589,20.333205,0.18773
3934,3934,1865,40.47095229,-34.9823189,140870.203125,0.833838720909038,56622.11596346833,20.224587,0.152273
3935,3935,1865,40.47095229,-34.9823189,140870.203125,0.833838720909038,56624.1237745476,20.671662,0.146111
3936,3936,1865,40.47095229,-34.9823189,140870.203125,0.833838720909038,56624.20731286565,20.705388,0.17558
3937,3937,1865,40.47095229,-34.9823189,140870.203125,0.833838720909038,56626.10691443877,20.765702,0.195017
3938,3938,1865,40.47095229,-34.9823189,140870.203125,0.833838720909038,56626.193508354016,20.753065,0.172626
3939,3939,1865,40.47095229,-34.9823189,140870.203125,0.833838720909038,56628.17878175201,20.501159,0.174596
3940,3940,1865,40.47095229,-34.9823189,140870.203125,0.833838720909038,56628.179950691294,20.745063,0.183504
3941,3941,1865,40.47095229,-34.9823189,140870.203125,0.833838720909038,56632.09693452902,20.603121,0.168688
3942,3942,1865,40.47095229,-34.9823189,140870.203125,0.833838720909038,56632.098126620054,20.646837,0.150029
3943,3943,1865,40.47095229,-34.9823189,140870.203125,0.833838720909038,56632.18018415896,20.300987,0.203213
3944,3944,1865,40.47095229,-34.9823189,140870.203125,0.833838720909038,56632.18135310244,20.393728,0.167484
3945,3945,1865,40.47095229,-34.9823189,140870.203125,0.833838720909038,56638.16881765146,20.479605,0.212403
3946,3946,1865,40.47095229,-34.9823189,140870.203125,0.833838720909038,56943.196753151715,19.996496,0.170939
3947,3947,1865,40.47095229,-34.9823189,140870.203125,0.833838720909038,56951.294664137065,20.783904,0.161804
3948,3948,1865,40.47095229,-34.9823189,140870.203125,0.833838720909038,56953.25797405047,20.192466,0.189821
3949,3949,1865,40.47095229,-34.9823189,140870.203125,0.833838720909038,56953.25914295623,20.226576,0.15775
3950,3950,1865,40.47095229,-34.9823189,140870.203125,0.833838720909038,56955.23054406652,21.027456,0.17164
3951,3951,1865,40.47095229,-34.9823189,140870.203125,0.833838720909038,56955.3027153844,20.939943,0.183467
3952,3952,1865,40.47095229,-34.9823189,140870.203125,0.833838720909038,56959.21582541615,20.782204,0.225495
3953,3953,1865,40.47095229,-34.9823189,140870.203125,0.833838720909038,56959.216994325165,20.559148,0.139268
3954,3954,1865,40.47095229,-34.9823189,140870.203125,0.833838720909038,56963.19099927554,19.976498,0.230237
3955,3955,1865,40.47095229,-34.9823189,140870.203125,0.833838720909038,56963.19216818688,20.04552,0.133417
3956,3956,1865,40.47095229,-34.9823189,140870.203125,0.833838720909038,56963.27436232846,20.556502,0.180508
3957,3957,1865,40.47095229,-34.9823189,140870.203125,0.833838720909038,56963.27554281335,20.497631,0.151008
3958,3958,1865,40.47095229,-34.9823189,140870.203125,0.833838720909038,57311.21626687748,20.698572,0.195317
3959,3959,1868,40.5834051,-34.9045489,134033.234375,0.5842219432131242,55507.031266604085,20.138148,0.119123
3960,3960,1868,40.5834051,-34.9045489,134033.234375,0.5842219432131242,55507.17055261368,20.618337,0.081242
3961,3961,1868,40.5834051,-34.9045489,134033.234375,0.5842219432131242,55507.25892719161,20.869373,0.11228
3962,3962,1868,40.5834051,-34.9045489,134033.234375,0.5842219432131242,56189.35871669743,20.028639,0.161378
3963,3963,1868,40.5834051,-34.9045489,134033.234375,0.5842219432131242,56189.38217581203,20.241336,0.158858
3964,3964,1868,40.5834051,-34.9045489,134033.234375,0.5842219432131242,56508.35082536284,20.208681,0.1315
3965,3965,1868,40.5834051,-34.9045489,134033.234375,0.5842219432131242,56514.429922821466,20.50507,0.166721
3966,3966,1868,40.5834051,-34.9045489,134033.234375,0.5842219432131242,56518.37293927744,20.22975,0.191167
3967,3967,1868,40.5834051,-34.9045489,134033.234375,0.5842219432131242,56520.42211216595,20.903263,0.205203
3968,3968,1868,40.5834051,-34.9045489,134033.234375,0.5842219432131242,56560.314161673654,20.334131,0.202938
3969,3969,1868,40.5834051,-34.9045489,134033.234375,0.5842219432131242,56572.226734906435,20.717943,0.168689
3970,3970,1868,40.5834051,-34.9045489,134033.234375,0.5842219432131242,56576.22744750045,20.482943,0.155615
3971,3971,1868,40.5834051,-34.9045489,134033.234375,0.5842219432131242,56578.20866801683,20.491218,0.220775
3972,3972,1868,40.5834051,-34.9045489,134033.234375,0.5842219432131242,56618.20335169975,20.387692,0.227961
3973,3973,1868,40.5834051,-34.9045489,134033.234375,0.5842219432131242,56624.12258779537,20.539339,0.14807
3974,3974,1868,40.5834051,-34.9045489,134033.234375,0.5842219432131242,56626.106919397134,20.672577,0.16377
3975,3975,1868,40.5834051,-34.9045489,134033.234375,0.5842219432131242,56628.0932454532,20.137999,0.130494
3976,3976,1868,40.5834051,-34.9045489,134033.234375,0.5842219432131242,56628.17878631735,20.37247,0.156895
3977,3977,1868,40.5834051,-34.9045489,134033.234375,0.5842219432131242,56632.18018794898,20.555565,0.189389
3978,3978,1868,40.5834051,-34.9045489,134033.234375,0.5842219432131242,56638.08463264303,20.144579,0.188748
3979,3979,1868,40.5834051,-34.9045489,134033.234375,0.5842219432131242,56943.19676450919,20.484612,0.197292
3980,3980,1868,40.5834051,-34.9045489,134033.234375,0.5842219432131242,56949.20728897257,20.917725,0.224017
3981,3981,1868,40.5834051,-34.9045489,134033.234375,0.5842219432131242,56951.29818160366,20.360437,0.19385
3982,3982,1868,40.5834051,-34.9045489,134033.234375,0.5842219432131242,56955.301533702295,20.260817,0.139929
3983,3983,1868,40.5834051,-34.9045489,134033.234375,0.5842219432131242,56961.21318896487,20.246776,0.169321
3984,3984,1868,40.5834051,-34.9045489,134033.234375,0.5842219432131242,57311.21627805382,20.6821,0.201247
3985,3985,1868,40.5834051,-34.9045489,134033.234375,0.5842219432131242,57329.195825032424,20.176542,0.154932
3986,3986,1868,40.5834051,-34.9045489,134033.234375,0.5842219432131242,57339.129394003656,20.343628,0.166721
3987,3987,1868,40.5834051,-34.9045489,134033.234375,0.5842219432131242,57346.06199434074,20.571845,0.202237
3988,3988,1868,40.5834051,-34.9045489,134033.234375,0.5842219432131242,57346.144941761624,20.362445,0.196305
3989,3989,1868,40.5834051,-34.9045489,134033.234375,0.5842219432131242,57360.16064363066,20.174303,0.140891
3990,3990,1868,40.5834051,-34.9045489,134033.234375,0.5842219432131242,57362.15977710206,20.846568,0.196305
3991,3991,1868,40.5834051,-34.9045489,134033.234375,0.5842219432131242,57364.07688012859,20.45973,0.168689
4028,4028,1879,40.89549247,-33.88983004,131858.4375,0.6460557079761365,56211.36359450221,20.604606,0.181495
4029,4029,1879,40.89549247,-33.88983004,131858.4375,0.6460557079761365,56217.3381174081,19.95655,0.104403
4030,4030,1879,40.89549247,-33.88983004,131858.4375,0.6460557079761365,56221.31148507586,20.283835,0.14707
4031,4031,1879,40.89549247,-33.88983004,131858.4375,0.6460557079761365,56267.17982552387,20.382196,0.139268
4032,4032,1879,40.89549247,-33.88983004,131858.4375,0.6460557079761365,56269.09421888739,20.38311,0.169672
4033,4033,1879,40.89549247,-33.88983004,131858.4375,0.6460557079761365,56271.09678475093,20.506627,0.138293
4034,4034,1879,40.89549247,-33.88983004,131858.4375,0.6460557079761365,56271.179675817024,20.839593,0.200258
4035,4035,1879,40.89549247,-33.88983004,131858.4375,0.6460557079761365,56273.08794313716,20.667029,0.196305
4036,4036,1879,40.89549247,-33.88983004,131858.4375,0.6460557079761365,56273.17275562277,20.715911,0.182482
4037,4037,1879,40.89549247,-33.88983004,131858.4375,0.6460557079761365,56508.35837244894,20.870929,0.207183
4038,4038,1879,40.89549247,-33.88983004,131858.4375,0.6460557079761365,56508.430453584995,20.591978,0.18051
4039,4039,1879,40.89549247,-33.88983004,131858.4375,0.6460557079761365,56516.42496743705,20.172813,0.152969
4040,4040,1879,40.89549247,-33.88983004,131858.4375,0.6460557079761365,56560.34655274358,20.041287,0.203181
4041,4041,1879,40.89549247,-33.88983004,131858.4375,0.6460557079761365,56568.271751204506,20.365581,0.140452
4042,4042,1879,40.89549247,-33.88983004,131858.4375,0.6460557079761365,56570.28419347899,20.379654,0.126604
4043,4043,1879,40.89549247,-33.88983004,131858.4375,0.6460557079761365,56570.33928227192,20.532197,0.149049
4044,4044,1879,40.89549247,-33.88983004,131858.4375,0.6460557079761365,56572.25676574698,20.605503,0.172626
4045,4045,1879,40.89549247,-33.88983004,131858.4375,0.6460557079761365,56576.2688158364,20.795946,0.189389
4046,4046,1879,40.89549247,-33.88983004,131858.4375,0.6460557079761365,56622.11947372137,20.920941,0.200258
4047,4047,1879,40.89549247,-33.88983004,131858.4375,0.6460557079761365,56626.11163290916,20.568551,0.151989
4048,4048,1879,40.89549247,-33.88983004,131858.4375,0.6460557079761365,56626.19704616396,20.36603,0.133415
4049,4049,1879,40.89549247,-33.88983004,131858.4375,0.6460557079761365,56630.09398142109,20.300217,0.116998
4050,4050,1879,40.89549247,-33.88983004,131858.4375,0.6460557079761365,56632.1016309564,20.175089,0.149702
4051,4051,1879,40.89549247,-33.88983004,131858.4375,0.6460557079761365,56632.18485729396,20.438887,0.17984
4052,4052,1879,40.89549247,-33.88983004,131858.4375,0.6460557079761365,56636.09363295184,20.355562,0.17558
4053,4053,1879,40.89549247,-33.88983004,131858.4375,0.6460557079761365,56949.330471332185,20.072009,0.141866
4054,4054,1879,40.89549247,-33.88983004,131858.4375,0.6460557079761365,56951.329990141094,20.337701,0.146915
4055,4055,1879,40.89549247,-33.88983004,131858.4375,0.6460557079761365,56953.2842354211,20.54544,0.178449
4056,4056,1879,40.89549247,-33.88983004,131858.4375,0.6460557079761365,56953.3296143692,20.549726,0.17558
4057,4057,1879,40.89549247,-33.88983004,131858.4375,0.6460557079761365,56955.25322646182,20.327582,0.136437
4058,4058,1879,40.89549247,-33.88983004,131858.4375,0.6460557079761365,56955.31362761045,20.714116,0.17558
4059,4059,1879,40.89549247,-33.88983004,131858.4375,0.6460557079761365,57346.15702091204,20.138187,0.203226
4060,4060,1879,40.89549247,-33.88983004,131858.4375,0.6460557079761365,57360.171450936235,20.062239,0.178922
4061,4061,1879,40.89549247,-33.88983004,131858.4375,0.6460557079761365,57362.086429135874,20.170038,0.152391
4062,4062,1879,40.89549247,-33.88983004,131858.4375,0.6460557079761365,57362.170616042335,20.080017,0.116704
4063,4063,1879,40.89549247,-33.88983004,131858.4375,0.6460557079761365,57364.08805176616,20.124812,0.159906
4064,4064,1888,41.03155169,-33.94826985,133146.734375,0.7113113030695228,56211.33847696334,20.147744,0.151478
4065,4065,1888,41.03155169,-33.94826985,133146.734375,0.7113113030695228,56211.363602554426,20.261389,0.14053
4066,4066,1888,41.03155169,-33.94826985,133146.734375,0.7113113030695228,56221.246741564944,19.978025,0.16611
4067,4067,1888,41.03155169,-33.94826985,133146.734375,0.7113113030695228,56221.31149420841,20.214399,0.139384
4068,4068,1888,41.03155169,-33.94826985,133146.734375,0.7113113030695228,56267.17983579775,20.840227,0.208172
4069,4069,1888,41.03155169,-33.94826985,133146.734375,0.7113113030695228,56271.09679481713,20.185667,0.117661
4070,4070,1888,41.03155169,-33.94826985,133146.734375,0.7113113030695228,56271.17968587857,20.22359,0.128466
4071,4071,1888,41.03155169,-33.94826985,133146.734375,0.7113113030695228,56273.08795308089,20.29959,0.141222
4072,4072,1888,41.03155169,-33.94826985,133146.734375,0.7113113030695228,56273.172765560914,20.144701,0.128598
4073,4073,1888,41.03155169,-33.94826985,133146.734375,0.7113113030695228,56283.06555626681,20.204389,0.234566
4074,4074,1888,41.03155169,-33.94826985,133146.734375,0.7113113030695228,56516.42496533133,20.104569,0.150718
4075,4075,1888,41.03155169,-33.94826985,133146.734375,0.7113113030695228,56570.284200711176,20.84259,0.187416
4076,4076,1888,41.03155169,-33.94826985,133146.734375,0.7113113030695228,56570.33928951202,20.828039,0.197293
4077,4077,1888,41.03155169,-33.94826985,133146.734375,0.7113113030695228,56576.26882384438,20.535592,0.155913
4078,4078,1888,41.03155169,-33.94826985,133146.734375,0.7113113030695228,56618.125140796416,20.301768,0.200577
4079,4079,1888,41.03155169,-33.94826985,133146.734375,0.7113113030695228,56618.208088264335,20.325819,0.194836
4080,4080,1888,41.03155169,-33.94826985,133146.734375,0.7113113030695228,56626.1128123533,20.371002,0.141533
4081,4081,1888,41.03155169,-33.94826985,133146.734375,0.7113113030695228,56626.19705667067,20.165014,0.132867
4082,4082,1888,41.03155169,-33.94826985,133146.734375,0.7113113030695228,56628.0991352452,20.526633,0.16377
4083,4083,1888,41.03155169,-33.94826985,133146.734375,0.7113113030695228,56630.09399179602,20.813472,0.164754
4084,4084,1888,41.03155169,-33.94826985,133146.734375,0.7113113030695228,56630.09517230932,20.771162,0.146111
4085,4085,1888,41.03155169,-33.94826985,133146.734375,0.7113113030695228,56943.22673942661,20.048109,0.156894
4086,4086,1888,41.03155169,-33.94826985,133146.734375,0.7113113030695228,56949.330480218865,20.748393,0.202235
4087,4087,1888,41.03155169,-33.94826985,133146.734375,0.7113113030695228,56951.32999922568,20.459808,0.158562
4088,4088,1888,41.03155169,-33.94826985,133146.734375,0.7113113030695228,56953.28424468916,20.516376,0.175101
4089,4089,1888,41.03155169,-33.94826985,133146.734375,0.7113113030695228,56953.285425167065,20.418379,0.181495
4090,4090,1888,41.03155169,-33.94826985,133146.734375,0.7113113030695228,56953.32962364098,20.546158,0.179523
4091,4091,1888,41.03155169,-33.94826985,133146.734375,0.7113113030695228,56955.2532359031,20.525614,0.152969
4092,4092,1888,41.03155169,-33.94826985,133146.734375,0.7113113030695228,56955.254404808395,20.29925,0.16328
4093,4093,1888,41.03155169,-33.94826985,133146.734375,0.7113113030695228,56955.31363705732,19.983571,0.122195
4094,4094,1888,41.03155169,-33.94826985,133146.734375,0.7113113030695228,56955.31481753569,20.194518,0.116914
4095,4095,1888,41.03155169,-33.94826985,133146.734375,0.7113113030695228,56963.212487618905,20.265699,0.184487
4096,4096,1888,41.03155169,-33.94826985,133146.734375,0.7113113030695228,57283.33515994158,20.705465,0.235913
4097,4097,1888,41.03155169,-33.94826985,133146.734375,0.7113113030695228,57303.25882265717,20.421623,0.178538
4098,4098,1888,41.03155169,-33.94826985,133146.734375,0.7113113030695228,57362.086439448874,20.579632,0.185386
4099,4099,1888,41.03155169,-33.94826985,133146.734375,0.7113113030695228,57362.17062635161,20.062692,0.131101
4100,4100,1924,41.82796803,-34.81125387,136866.078125,0.4579091138689404,56179.38407306606,20.351669,0.196305
4101,4101,1924,41.82796803,-34.81125387,136866.078125,0.4579091138689404,56185.27357267123,20.367101,0.152969
4102,4102,1924,41.82796803,-34.81125387,136866.078125,0.4579091138689404,56185.36253699288,20.660651,0.174595
4103,4103,1924,41.82796803,-34.81125387,136866.078125,0.4579091138689404,56215.22039581928,20.818903,0.208171
4104,4104,1924,41.82796803,-34.81125387,136866.078125,0.4579091138689404,56263.0949436049,20.146392,0.162788
4105,4105,1924,41.82796803,-34.81125387,136866.078125,0.4579091138689404,56265.095912433695,20.160112,0.143175
4106,4106,1924,41.82796803,-34.81125387,136866.078125,0.4579091138689404,56273.08333506901,20.793396,0.193341
4107,4107,1924,41.82796803,-34.81125387,136866.078125,0.4579091138689404,56273.168159144,20.277444,0.19641
4108,4108,1924,41.82796803,-34.81125387,136866.078125,0.4579091138689404,56508.35084136436,20.84738,0.181494
4109,4109,1924,41.82796803,-34.81125387,136866.078125,0.4579091138689404,56514.32045079861,20.712102,0.167702
4110,4110,1924,41.82796803,-34.81125387,136866.078125,0.4579091138689404,56514.42994921608,20.880904,0.194328
4111,4111,1924,41.82796803,-34.81125387,136866.078125,0.4579091138689404,56518.37297225697,20.733054,0.161803
4112,4112,1924,41.82796803,-34.81125387,136866.078125,0.4579091138689404,56520.42214850662,20.374516,0.117879
4113,4113,1924,41.82796803,-34.81125387,136866.078125,0.4579091138689404,56560.3142490522,19.809408,0.140244
4114,4114,1924,41.82796803,-34.81125387,136866.078125,0.4579091138689404,56562.243241454475,20.793396,0.181494
4115,4115,1924,41.82796803,-34.81125387,136866.078125,0.4579091138689404,56564.26473850338,20.647824,0.158856
4116,4116,1924,41.82796803,-34.81125387,136866.078125,0.4579091138689404,56572.22683007782,20.577844,0.13634
4117,4117,1924,41.82796803,-34.81125387,136866.078125,0.4579091138689404,56572.36516565457,20.776106,0.192351
4118,4118,1924,41.82796803,-34.81125387,136866.078125,0.4579091138689404,56576.2275443594,21.00341,0.176567
4119,4119,1924,41.82796803,-34.81125387,136866.078125,0.4579091138689404,56576.358287884854,20.114472,0.154903
4120,4120,1924,41.82796803,-34.81125387,136866.078125,0.4579091138689404,56578.20876553375,19.868384,0.120783
4121,4121,1924,41.82796803,-34.81125387,136866.078125,0.4579091138689404,56578.294211197644,20.496294,0.15199
4122,4122,1924,41.82796803,-34.81125387,136866.078125,0.4579091138689404,56624.12266789144,20.560681,0.141222
4123,4123,1924,41.82796803,-34.81125387,136866.078125,0.4579091138689404,56626.10699743917,20.798225,0.148069
4124,4124,1924,41.82796803,-34.81125387,136866.078125,0.4579091138689404,56626.19242231082,20.581123,0.162465
4125,4125,1924,41.82796803,-34.81125387,136866.078125,0.4579091138689404,56628.178862116765,20.614191,0.189761
4126,4126,1924,41.82796803,-34.81125387,136866.078125,0.4579091138689404,56632.09700963413,20.661142,0.15984
4127,4127,1924,41.82796803,-34.81125387,136866.078125,0.4579091138689404,56632.18025914859,19.975732,0.099622
4128,4128,1924,41.82796803,-34.81125387,136866.078125,0.4579091138689404,56949.20738772489,20.629295,0.217808
4129,4129,1924,41.82796803,-34.81125387,136866.078125,0.4579091138689404,56951.21111032786,20.66854,0.169671
4130,4130,1924,41.82796803,-34.81125387,136866.078125,0.4579091138689404,56951.29828055622,20.82109,0.172625
4131,4131,1924,41.82796803,-34.81125387,136866.078125,0.4579091138689404,56953.174720982555,19.847395,0.094868
4132,4132,1924,41.82796803,-34.81125387,136866.078125,0.4579091138689404,56953.25808364153,20.509776,0.152969
4133,4133,1924,41.82796803,-34.81125387,136866.078125,0.4579091138689404,56955.22948450595,20.802397,0.179524
4134,4134,1924,41.82796803,-34.81125387,136866.078125,0.4579091138689404,56955.30163266603,20.811106,0.238658
4135,4135,1924,41.82796803,-34.81125387,136866.078125,0.4579091138689404,56959.21593386959,20.776744,0.157876
4136,4136,1924,41.82796803,-34.81125387,136866.078125,0.4579091138689404,56961.21328705596,20.872632,0.182482
4137,4137,1924,41.82796803,-34.81125387,136866.078125,0.4579091138689404,56963.27446933091,20.324395,0.139268
4138,4138,1924,41.82796803,-34.81125387,136866.078125,0.4579091138689404,57346.060913280584,20.421395,0.207183
4139,4139,1924,41.82796803,-34.81125387,136866.078125,0.4579091138689404,57362.074469915126,20.283165,0.1092
4140,4140,1924,41.82796803,-34.81125387,136866.078125,0.4579091138689404,57362.158679998945,20.564799,0.120783
4141,4141,1924,41.82796803,-34.81125387,136866.078125,0.4579091138689404,57364.07576914504,20.785562,0.200258
4142,4142,1955,42.84792045,-30.06190395,132148.109375,0.4966841167005789,55484.27918300312,19.937859,0.100523
4143,4143,1955,42.84792045,-30.06190395,132148.109375,0.4966841167005789,56215.2741479855,20.359941,0.161803
4144,4144,1955,42.84792045,-30.06190395,132148.109375,0.4966841167005789,56215.32857692987,20.66433,0.172626
4145,4145,1955,42.84792045,-30.06190395,132148.109375,0.4966841167005789,56221.31291660061,20.142646,0.14905
4146,4146,1955,42.84792045,-30.06190395,132148.109375,0.4966841167005789,56223.26949099312,20.529324,0.160821
4147,4147,1955,42.84792045,-30.06190395,132148.109375,0.4966841167005789,56242.18542847829,20.338936,0.14905
4148,4148,1955,42.84792045,-30.06190395,132148.109375,0.4966841167005789,56244.1988012013,20.173891,0.153951
4149,4149,1955,42.84792045,-30.06190395,132148.109375,0.4966841167005789,56246.19845071621,19.8339,0.110161
4150,4150,1955,42.84792045,-30.06190395,132148.109375,0.4966841167005789,56252.169270735234,20.190323,0.131468
4151,4151,1955,42.84792045,-30.06190395,132148.109375,0.4966841167005789,56263.10076840781,20.311939,0.154931
4152,4152,1955,42.84792045,-30.06190395,132148.109375,0.4966841167005789,56265.185388908256,20.446333,0.144156
4153,4153,1955,42.84792045,-30.06190395,132148.109375,0.4966841167005789,56267.09785633208,20.525328,0.161803
4154,4154,1955,42.84792045,-30.06190395,132148.109375,0.4966841167005789,56269.09537055297,20.431034,0.155912
4155,4155,1955,42.84792045,-30.06190395,132148.109375,0.4966841167005789,56269.17932568351,20.464332,0.153951
4156,4156,1955,42.84792045,-30.06190395,132148.109375,0.4966841167005789,56273.08908064617,20.375329,0.11498
4157,4157,1955,42.84792045,-30.06190395,132148.109375,0.4966841167005789,56273.17389258696,20.509724,0.127576
4158,4158,1955,42.84792045,-30.06190395,132148.109375,0.4966841167005789,56277.161220095586,20.391096,0.131572
4159,4159,1955,42.84792045,-30.06190395,132148.109375,0.4966841167005789,56279.07887403621,20.121893,0.159839
4160,4160,1955,42.84792045,-30.06190395,132148.109375,0.4966841167005789,56508.40050297463,20.487334,0.14709
4161,4161,1955,42.84792045,-30.06190395,132148.109375,0.4966841167005789,56552.38757276535,20.507114,0.216562
4162,4162,1955,42.84792045,-30.06190395,132148.109375,0.4966841167005789,56568.27330914512,20.838033,0.162788
4163,4163,1955,42.84792045,-30.06190395,132148.109375,0.4966841167005789,56570.338438415434,20.491887,0.143175
4164,4164,1955,42.84792045,-30.06190395,132148.109375,0.4966841167005789,56572.2582536065,20.60031,0.13678
4165,4165,1955,42.84792045,-30.06190395,132148.109375,0.4966841167005789,56572.32411690429,20.658499,0.164753
4166,4166,1955,42.84792045,-30.06190395,132148.109375,0.4966841167005789,56576.270289811306,20.487388,0.160593
4167,4167,1955,42.84792045,-30.06190395,132148.109375,0.4966841167005789,56576.3277277844,20.623546,0.154931
4168,4168,1955,42.84792045,-30.06190395,132148.109375,0.4966841167005789,56578.237670635805,20.808894,0.182482
4169,4169,1955,42.84792045,-30.06190395,132148.109375,0.4966841167005789,56578.31067461707,20.330729,0.145134
4170,4170,1955,42.84792045,-30.06190395,132148.109375,0.4966841167005789,56618.12639749469,20.541887,0.179522
4171,4171,1955,42.84792045,-30.06190395,132148.109375,0.4966841167005789,56620.20605639182,20.304883,0.131468
4172,4172,1955,42.84792045,-30.06190395,132148.109375,0.4966841167005789,56624.12856831075,20.612477,0.13634
4173,4173,1955,42.84792045,-30.06190395,132148.109375,0.4966841167005789,56624.21205965243,20.138578,0.132441
4174,4174,1955,42.84792045,-30.06190395,132148.109375,0.4966841167005789,56626.11283775885,20.390214,0.135559
4175,4175,1955,42.84792045,-30.06190395,132148.109375,0.4966841167005789,56626.19826203725,20.583787,0.13634
4176,4176,1955,42.84792045,-30.06190395,132148.109375,0.4966841167005789,56628.099147908855,20.199755,0.11788
4177,4177,1955,42.84792045,-30.06190395,132148.109375,0.4966841167005789,56628.18467651307,20.341114,0.176102
4178,4178,1955,42.84792045,-30.06190395,132148.109375,0.4966841167005789,56632.10280871671,20.451697,0.11498
4179,4179,1955,42.84792045,-30.06190395,132148.109375,0.4966841167005789,56632.186092384625,20.283951,0.125634
4180,4180,1955,42.84792045,-30.06190395,132148.109375,0.4966841167005789,56636.09478494432,20.150889,0.134388
4181,4181,1955,42.84792045,-30.06190395,132148.109375,0.4966841167005789,56636.17817312153,20.337893,0.151008
4182,4182,1955,42.84792045,-30.06190395,132148.109375,0.4966841167005789,56951.26017896924,20.882885,0.165736
4183,4183,1955,42.84792045,-30.06190395,132148.109375,0.4966841167005789,56951.3184850011,20.542337,0.190376
4184,4184,1955,42.84792045,-30.06190395,132148.109375,0.4966841167005789,56953.33105049189,20.437946,0.173611
4185,4185,1955,42.84792045,-30.06190395,132148.109375,0.4966841167005789,56955.315054292325,20.808228,0.160821
4186,4186,1955,42.84792045,-30.06190395,132148.109375,0.4966841167005789,56959.24108952843,20.705349,0.231526
4187,4187,1955,42.84792045,-30.06190395,132148.109375,0.4966841167005789,56961.23841838073,20.675885,0.205205
4188,4188,1955,42.84792045,-30.06190395,132148.109375,0.4966841167005789,57362.08759875316,21.013428,0.190376
4189,4189,1955,42.84792045,-30.06190395,132148.109375,0.4966841167005789,57362.17185455701,20.574338,0.165736
4330,4330,2092,47.334869999999995,-55.33020467641418,157011.578125,0.457535415873475,55514.343218632974,20.787902,0.157097
4331,4331,2092,47.334869999999995,-55.33020467641418,157011.578125,0.457535415873475,56193.16232696176,20.570991,0.116011
4332,4332,2092,47.334869999999995,-55.33020467641418,157011.578125,0.457535415873475,56218.0816351492,20.87964,0.171463
4333,4333,2092,47.334869999999995,-55.33020467641418,157011.578125,0.457535415873475,56218.166146118194,21.027101,0.172618
4334,4334,2092,47.334869999999995,-55.33020467641418,157011.578125,0.457535415873475,56218.2534926394,20.919655,0.150408
4335,4335,2092,47.334869999999995,-55.33020467641418,157011.578125,0.457535415873475,56864.358423294034,20.794693,0.189124
4336,4336,2092,47.334869999999995,-55.33020467641418,157011.578125,0.457535415873475,56872.342793618795,20.930448,0.239379
4337,4337,2092,47.334869999999995,-55.33020467641418,157011.578125,0.457535415873475,56874.34563418385,20.886085,0.214821
4338,4338,2092,47.334869999999995,-55.33020467641418,157011.578125,0.457535415873475,56874.391882936936,20.792087,0.140249
4339,4339,2092,47.334869999999995,-55.33020467641418,157011.578125,0.457535415873475,56876.352616130374,20.473213,0.11375
4340,4340,2092,47.334869999999995,-55.33020467641418,157011.578125,0.457535415873475,56876.395068647806,20.935113,0.187701
4341,4341,2092,47.334869999999995,-55.33020467641418,157011.578125,0.457535415873475,56886.34369133739,20.540874,0.176369
4342,4342,2092,47.334869999999995,-55.33020467641418,157011.578125,0.457535415873475,56888.34046619758,20.96348,0.120078
4343,4343,2092,47.334869999999995,-55.33020467641418,157011.578125,0.457535415873475,56888.410926824436,21.02586,0.226945
4344,4344,2092,47.334869999999995,-55.33020467641418,157011.578125,0.457535415873475,56891.35618636571,20.681784,0.169228
4345,4345,2092,47.334869999999995,-55.33020467641418,157011.578125,0.457535415873475,56891.392782335635,20.567009,0.161518
4346,4346,2092,47.334869999999995,-55.33020467641418,157011.578125,0.457535415873475,56895.35037580598,21.103592,0.033541
4347,4347,2092,47.334869999999995,-55.33020467641418,157011.578125,0.457535415873475,56920.35748046264,21.060979,0.230244
4348,4348,2092,47.334869999999995,-55.33020467641418,157011.578125,0.457535415873475,56930.26103986846,20.662864,0.175434
4349,4349,2092,47.334869999999995,-55.33020467641418,157011.578125,0.457535415873475,56930.32823634194,20.56674,0.147884
4350,4350,2092,47.334869999999995,-55.33020467641418,157011.578125,0.457535415873475,56932.32672406779,20.950244,0.219318
4351,4351,2092,47.334869999999995,-55.33020467641418,157011.578125,0.457535415873475,57004.093237882946,20.936575,0.194981
4386,4386,2153,49.17976659451008,-58.43930662884392,140853.4375,0.5438112984631129,56217.079260712024,20.46586,0.147158
4387,4387,2153,49.17976659451008,-58.43930662884392,140853.4375,0.5438112984631129,56217.16386470478,20.348189,0.086377
4388,4388,2153,49.17976659451008,-58.43930662884392,140853.4375,0.5438112984631129,56862.33800638281,20.734766,0.220696
4389,4389,2153,49.17976659451008,-58.43930662884392,140853.4375,0.5438112984631129,56864.3437633533,20.508457,0.204564
4390,4390,2153,49.17976659451008,-58.43930662884392,140853.4375,0.5438112984631129,56866.37726084096,20.725753,0.259459
4391,4391,2153,49.17976659451008,-58.43930662884392,140853.4375,0.5438112984631129,56870.38505013846,20.501882,0.135364
4392,4392,2153,49.17976659451008,-58.43930662884392,140853.4375,0.5438112984631129,56872.382917964365,20.393145,0.145008
4393,4393,2153,49.17976659451008,-58.43930662884392,140853.4375,0.5438112984631129,56874.378226291854,20.893701,0.173611
4394,4394,2153,49.17976659451008,-58.43930662884392,140853.4375,0.5438112984631129,56876.365257742815,20.544903,0.150029
4395,4395,2153,49.17976659451008,-58.43930662884392,140853.4375,0.5438112984631129,56891.30490337778,20.791164,0.204215
4396,4396,2153,49.17976659451008,-58.43930662884392,140853.4375,0.5438112984631129,56895.33044616738,20.541665,0.190878
4397,4397,2153,49.17976659451008,-58.43930662884392,140853.4375,0.5438112984631129,56920.24546602601,20.278939,0.197621
4398,4398,2153,49.17976659451008,-58.43930662884392,140853.4375,0.5438112984631129,56920.3245720854,20.555515,0.145134
4399,4399,2153,49.17976659451008,-58.43930662884392,140853.4375,0.5438112984631129,56924.23606920708,20.627293,0.2285
4400,4400,2153,49.17976659451008,-58.43930662884392,140853.4375,0.5438112984631129,56928.227217808366,20.827245,0.236126
4401,4401,2153,49.17976659451008,-58.43930662884392,140853.4375,0.5438112984631129,56930.23276359029,20.63445,0.22572
4402,4402,2153,49.17976659451008,-58.43930662884392,140853.4375,0.5438112984631129,56932.216898660176,20.246767,0.175093
4403,4403,2158,49.479761712539506,-57.14058359834402,123791.632812,0.5700832628808149,55514.34079505177,20.637552,0.123292
4404,4404,2158,49.479761712539506,-57.14058359834402,123791.632812,0.5700832628808149,56193.24448546022,20.723981,0.281244
4405,4405,2158,49.479761712539506,-57.14058359834402,123791.632812,0.5700832628808149,56193.32903105114,20.752518,0.175439
4406,4406,2158,49.479761712539506,-57.14058359834402,123791.632812,0.5700832628808149,56217.07676338451,20.404985,0.126678
4407,4407,2158,49.479761712539506,-57.14058359834402,123791.632812,0.5700832628808149,56217.16136720823,20.599581,0.151148
4408,4408,2158,49.479761712539506,-57.14058359834402,123791.632812,0.5700832628808149,56864.43362472812,20.111285,0.121811
4409,4409,2158,49.479761712539506,-57.14058359834402,123791.632812,0.5700832628808149,56872.39021730842,20.404376,0.160823
4410,4410,2158,49.479761712539506,-57.14058359834402,123791.632812,0.5700832628808149,56874.34427771857,20.139497,0.133822
4411,4411,2158,49.479761712539506,-57.14058359834402,123791.632812,0.5700832628808149,56874.42258592881,20.42693,0.156187
4412,4412,2158,49.479761712539506,-57.14058359834402,123791.632812,0.5700832628808149,56876.35127484845,20.683693,0.194232
4413,4413,2158,49.479761712539506,-57.14058359834402,123791.632812,0.5700832628808149,56886.34237114992,20.387545,0.167798
4414,4414,2158,49.479761712539506,-57.14058359834402,123791.632812,0.5700832628808149,56888.339150814805,20.663554,0.286951
4415,4415,2158,49.479761712539506,-57.14058359834402,123791.632812,0.5700832628808149,56888.41194950603,20.234499,0.095144
4416,4416,2158,49.479761712539506,-57.14058359834402,123791.632812,0.5700832628808149,56890.34160029376,20.421022,0.104432
4417,4417,2158,49.479761712539506,-57.14058359834402,123791.632812,0.5700832628808149,56895.3490786911,20.174247,0.219777
4418,4418,2158,49.479761712539506,-57.14058359834402,123791.632812,0.5700832628808149,56924.38462507771,20.039522,0.220048
4465,4465,2954,137.536399920763,18.1454166723292,131670.53125,0.4622564455007509,55565.28721649572,20.620269,0.187614
4466,4466,2954,137.536399920763,18.1454166723292,131670.53125,0.4622564455007509,55565.32774521783,20.667361,0.175089
4467,4467,2954,137.536399920763,18.1454166723292,131670.53125,0.4622564455007509,55566.2861878667,20.709746,0.180609
4468,4468,2954,137.536399920763,18.1454166723292,131670.53125,0.4622564455007509,55959.20663596038,20.847807,0.164753
4469,4469,2954,137.536399920763,18.1454166723292,131670.53125,0.4622564455007509,55976.15788473934,20.447119,0.144155
4470,4470,2954,137.536399920763,18.1454166723292,131670.53125,0.4622564455007509,55977.155062797014,20.692776,0.118848
4471,4471,2954,137.536399920763,18.1454166723292,131670.53125,0.4622564455007509,55979.15332097467,20.318236,0.117616
4472,4472,2954,137.536399920763,18.1454166723292,131670.53125,0.4622564455007509,56680.13247098029,20.528603,0.16377
4473,4473,2954,137.536399920763,18.1454166723292,131670.53125,0.4622564455007509,56682.21067000413,20.647481,0.187417
4474,4474,2954,137.536399920763,18.1454166723292,131670.53125,0.4622564455007509,56688.19232884096,20.694857,0.200258
4475,4475,2954,137.536399920763,18.1454166723292,131670.53125,0.4622564455007509,56694.209787386,20.524215,0.127577
4476,4476,2954,137.536399920763,18.1454166723292,131670.53125,0.4622564455007509,56711.06558133522,20.586091,0.179523
4477,4477,2954,137.536399920763,18.1454166723292,131670.53125,0.4622564455007509,56711.149867892265,20.548613,0.141223
4478,4478,2954,137.536399920763,18.1454166723292,131670.53125,0.4622564455007509,56713.15550296847,20.436357,0.150029
4479,4479,2954,137.536399920763,18.1454166723292,131670.53125,0.4622564455007509,56715.06691307062,20.381188,0.137316
4480,4480,2954,137.536399920763,18.1454166723292,131670.53125,0.4622564455007509,56715.15072539309,20.376824,0.146529
4481,4481,2954,137.536399920763,18.1454166723292,131670.53125,0.4622564455007509,56717.03656207118,20.336461,0.153951
4482,4482,2954,137.536399920763,18.1454166723292,131670.53125,0.4622564455007509,56719.10560449073,20.55604,0.167705
4483,4483,2954,137.536399920763,18.1454166723292,131670.53125,0.4622564455007509,56721.014351096,20.519012,0.19927
4484,4484,2954,137.536399920763,18.1454166723292,131670.53125,0.4622564455007509,56721.09735374246,20.46137,0.146113
4485,4485,2954,137.536399920763,18.1454166723292,131670.53125,0.4622564455007509,56723.04733920656,20.503496,0.19433
4486,4486,2954,137.536399920763,18.1454166723292,131670.53125,0.4622564455007509,56723.13006426208,20.571946,0.154932
4487,4487,2954,137.536399920763,18.1454166723292,131670.53125,0.4622564455007509,57017.25563837169,20.675415,0.15199
4488,4488,2954,137.536399920763,18.1454166723292,131670.53125,0.4622564455007509,57042.23444583919,20.691333,0.215102
4489,4489,2954,137.536399920763,18.1454166723292,131670.53125,0.4622564455007509,57046.22079229634,20.379769,0.181496
4490,4490,2954,137.536399920763,18.1454166723292,131670.53125,0.4622564455007509,57069.15596328443,20.394847,0.188893
4491,4491,2954,137.536399920763,18.1454166723292,131670.53125,0.4622564455007509,57404.23426482594,20.758305,0.184455
4492,4492,2954,137.536399920763,18.1454166723292,131670.53125,0.4622564455007509,57418.10925101023,20.683445,0.208866
4493,4493,2954,137.536399920763,18.1454166723292,131670.53125,0.4622564455007509,57420.10422943952,20.206773,0.202237
4494,4494,2954,137.536399920763,18.1454166723292,131670.53125,0.4622564455007509,57420.18846889539,20.431319,0.15984
4495,4495,2954,137.536399920763,18.1454166723292,131670.53125,0.4622564455007509,57422.18215183681,20.744764,0.208173
4496,4496,2954,137.536399920763,18.1454166723292,131670.53125,0.4622564455007509,57424.176715207286,20.441443,0.173611
4497,4497,2954,137.536399920763,18.1454166723292,131670.53125,0.4622564455007509,57428.08105033683,20.523257,0.173611
4498,4498,2954,137.536399920763,18.1454166723292,131670.53125,0.4622564455007509,57428.16523211356,20.534007,0.168386
4499,4499,2954,137.536399920763,18.1454166723292,131670.53125,0.4622564455007509,57432.06956161605,20.153732,0.201249
4500,4500,2954,137.536399920763,18.1454166723292,131670.53125,0.4622564455007509,57432.154021289665,20.432585,0.158909
4501,4501,2954,137.536399920763,18.1454166723292,131670.53125,0.4622564455007509,57450.10129446909,20.274786,0.138293
4502,4502,2954,137.536399920763,18.1454166723292,131670.53125,0.4622564455007509,57452.01294670999,20.231644,0.166721
4503,4503,2954,137.536399920763,18.1454166723292,131670.53125,0.4622564455007509,57452.0960651231,20.515263,0.162787
4504,4504,2954,137.536399920763,18.1454166723292,131670.53125,0.4622564455007509,57458.08562052576,20.533203,0.14807
4690,4690,3750,152.156790486039,3.24289188850069,138956.671875,0.4911366543483892,55648.10226429207,20.748361,0.097391
4691,4691,3750,152.156790486039,3.24289188850069,138956.671875,0.4911366543483892,55685.97698693862,20.85497,0.033541
4692,4692,3750,152.156790486039,3.24289188850069,138956.671875,0.4911366543483892,56006.12543810764,20.626822,0.080436
4693,4693,3750,152.156790486039,3.24289188850069,138956.671875,0.4911366543483892,56007.122312703636,20.658318,0.080467
4694,4694,3750,152.156790486039,3.24289188850069,138956.671875,0.4911366543483892,56008.11937334947,20.638449,0.082983
4695,4695,3750,152.156790486039,3.24289188850069,138956.671875,0.4911366543483892,56009.115728934295,20.751174,0.053467
4696,4696,3750,152.156790486039,3.24289188850069,138956.671875,0.4911366543483892,56031.99047978828,20.193502,0.13015
4697,4697,3750,152.156790486039,3.24289188850069,138956.671875,0.4911366543483892,56031.992817627266,20.321142,0.139133
4698,4698,3750,152.156790486039,3.24289188850069,138956.671875,0.4911366543483892,56033.07577030547,20.531873,0.104812
4699,4699,3750,152.156790486039,3.24289188850069,138956.671875,0.4911366543483892,56033.078119721264,20.487441,0.135865
4700,4700,3750,152.156790486039,3.24289188850069,138956.671875,0.4911366543483892,56035.970395622775,20.40443,0.033541
4701,4701,3750,152.156790486039,3.24289188850069,138956.671875,0.4911366543483892,56035.97509447392,20.524301,0.190191
4702,4702,3750,152.156790486039,3.24289188850069,138956.671875,0.4911366543483892,56036.972131245304,20.301207,0.223208
4703,4703,3750,152.156790486039,3.24289188850069,138956.671875,0.4911366543483892,56055.019036272075,20.110132,0.152839
4704,4704,3750,152.156790486039,3.24289188850069,138956.671875,0.4911366543483892,56055.9665198368,20.589241,0.075878
4705,4705,3750,152.156790486039,3.24289188850069,138956.671875,0.4911366543483892,56055.97120725922,20.614229,0.090514
4706,4706,3750,152.156790486039,3.24289188850069,138956.671875,0.4911366543483892,56059.95673299115,20.111669,0.167287
4707,4707,3750,152.156790486039,3.24289188850069,138956.671875,0.4911366543483892,56067.964159999974,20.738565,0.184228
4708,4708,3750,152.156790486039,3.24289188850069,138956.671875,0.4911366543483892,56088.9528601747,20.203985,0.189291
4709,4709,3750,152.156790486039,3.24289188850069,138956.671875,0.4911366543483892,56693.17414897308,21.005406,0.260521
4710,4710,3750,152.156790486039,3.24289188850069,138956.671875,0.4911366543483892,56694.17305829562,20.820529,0.14884
4711,4711,3750,152.156790486039,3.24289188850069,138956.671875,0.4911366543483892,56694.296264115255,20.820938,0.128963
4712,4712,3750,152.156790486039,3.24289188850069,138956.671875,0.4911366543483892,56707.056954931,20.662865,0.184074
4713,4713,3750,152.156790486039,3.24289188850069,138956.671875,0.4911366543483892,56707.06208175048,20.800022,0.085799
4714,4714,3750,152.156790486039,3.24289188850069,138956.671875,0.4911366543483892,56708.05899943318,20.930065,0.104088
4715,4715,3750,152.156790486039,3.24289188850069,138956.671875,0.4911366543483892,56708.069276219234,20.862786,0.047372
4716,4716,3750,152.156790486039,3.24289188850069,138956.671875,0.4911366543483892,56709.05605611671,20.680347,0.192586
4717,4717,3750,152.156790486039,3.24289188850069,138956.671875,0.4911366543483892,56709.06628661323,20.994432,0.065997
4718,4718,3750,152.156790486039,3.24289188850069,138956.671875,0.4911366543483892,56711.04931357596,20.875918,0.208734
4719,4719,3750,152.156790486039,3.24289188850069,138956.671875,0.4911366543483892,56711.054451972246,21.083346,0.107992
4720,4720,3750,152.156790486039,3.24289188850069,138956.671875,0.4911366543483892,56715.04833005741,20.897865,0.056094
4721,4721,3750,152.156790486039,3.24289188850069,138956.671875,0.4911366543483892,56715.05859528715,21.155858,0.159618
4722,4722,3750,152.156790486039,3.24289188850069,138956.671875,0.4911366543483892,56767.01519693853,20.703699,0.246636
4723,4723,3750,152.156790486039,3.24289188850069,138956.671875,0.4911366543483892,56824.95508240629,21.181844,0.201447
4724,4724,3750,152.156790486039,3.24289188850069,138956.671875,0.4911366543483892,56825.960303457454,20.693135,0.175476
6369,6369,6182,178.879740174465,12.4185091397672,121479.109375,0.5469584721183042,55644.080927565694,20.24843,0.177197
6370,6370,6182,178.879740174465,12.4185091397672,121479.109375,0.5469584721183042,55644.16508641234,20.088478,0.177751
6371,6371,6182,178.879740174465,12.4185091397672,121479.109375,0.5469584721183042,56000.21657881653,20.427885,0.174596
6372,6372,6182,178.879740174465,12.4185091397672,121479.109375,0.5469584721183042,56001.21415738296,19.806253,0.126217
6373,6373,6182,178.879740174465,12.4185091397672,121479.109375,0.5469584721183042,56002.21127320128,20.479631,0.15984
6374,6374,6182,178.879740174465,12.4185091397672,121479.109375,0.5469584721183042,56009.19051240338,20.468466,0.142199
6375,6375,6182,178.879740174465,12.4185091397672,121479.109375,0.5469584721183042,56013.178779344074,20.09823,0.108316
6376,6376,6182,178.879740174465,12.4185091397672,121479.109375,0.5469584721183042,56014.17635065457,20.524248,0.147092
6377,6377,6182,178.879740174465,12.4185091397672,121479.109375,0.5469584721183042,56017.16738964012,20.293047,0.146113
6378,6378,6182,178.879740174465,12.4185091397672,121479.109375,0.5469584721183042,56018.164743236266,20.10066,0.179523
6379,6379,6182,178.879740174465,12.4185091397672,121479.109375,0.5469584721183042,56399.126858593896,20.485538,0.088255
6380,6380,6182,178.879740174465,12.4185091397672,121479.109375,0.5469584721183042,56715.21229447657,20.441731,0.122721
6381,6381,6182,178.879740174465,12.4185091397672,121479.109375,0.5469584721183042,56715.2953306227,20.560572,0.131468
6382,6382,6182,178.879740174465,12.4185091397672,121479.109375,0.5469584721183042,56717.20655028522,20.058105,0.09541
6383,6383,6182,178.879740174465,12.4185091397672,121479.109375,0.5469584721183042,56719.1999835833,20.53478,0.132441
6384,6384,6182,178.879740174465,12.4185091397672,121479.109375,0.5469584721183042,56719.28363302862,20.501314,0.1392
6385,6385,6182,178.879740174465,12.4185091397672,121479.109375,0.5469584721183042,56721.195256359875,20.453589,0.144155
6386,6386,6182,178.879740174465,12.4185091397672,121479.109375,0.5469584721183042,56721.27870904235,20.523511,0.187415
6387,6387,6182,178.879740174465,12.4185091397672,121479.109375,0.5469584721183042,56739.11822902039,20.058297,0.137591
6388,6388,6182,178.879740174465,12.4185091397672,121479.109375,0.5469584721183042,56739.20260773087,20.16827,0.140245
6389,6389,6182,178.879740174465,12.4185091397672,121479.109375,0.5469584721183042,56741.11043992499,20.459687,0.146113
6390,6390,6182,178.879740174465,12.4185091397672,121479.109375,0.5469584721183042,56741.19375398522,20.059107,0.134444
6391,6391,6182,178.879740174465,12.4185091397672,121479.109375,0.5469584721183042,56776.009554944,20.532629,0.16377
6392,6392,6182,178.879740174465,12.4185091397672,121479.109375,0.5469584721183042,56778.01851643622,20.345898,0.123692
6393,6393,6182,178.879740174465,12.4185091397672,121479.109375,0.5469584721183042,56781.98202499747,20.349699,0.149049
6394,6394,6182,178.879740174465,12.4185091397672,121479.109375,0.5469584721183042,56782.06557361409,20.657318,0.164753
6395,6395,6182,178.879740174465,12.4185091397672,121479.109375,0.5469584721183042,56795.9790371866,20.124758,0.139811
6396,6396,6182,178.879740174465,12.4185091397672,121479.109375,0.5469584721183042,56796.06184676755,20.267491,0.145641
6397,6397,6182,178.879740174465,12.4185091397672,121479.109375,0.5469584721183042,57436.376286385115,19.896327,0.136341
6398,6398,6182,178.879740174465,12.4185091397672,121479.109375,0.5469584721183042,57450.18150140578,20.195344,0.135365
6399,6399,6182,178.879740174465,12.4185091397672,121479.109375,0.5469584721183042,57452.180616168305,20.555004,0.176567
6400,6400,6182,178.879740174465,12.4185091397672,121479.109375,0.5469584721183042,57452.26405726932,19.975647,0.131662
6401,6401,6182,178.879740174465,12.4185091397672,121479.109375,0.5469584721183042,57454.33506292803,20.557302,0.194977
6402,6402,6182,178.879740174465,12.4185091397672,121479.109375,0.5469584721183042,57456.18056919379,20.049591,0.160484
6403,6403,6182,178.879740174465,12.4185091397672,121479.109375,0.5469584721183042,57456.263998710085,20.2498,0.16377
6404,6404,6182,178.879740174465,12.4185091397672,121479.109375,0.5469584721183042,57458.176246342715,20.488587,0.151009
6405,6405,6182,178.879740174465,12.4185091397672,121479.109375,0.5469584721183042,57458.2591666556,19.963348,0.140808
6531,6531,7055,186.618629439722,8.51054208087033,137334.171875,0.5426115888247361,55262.271870477125,20.477203,0.183268
6532,6532,7055,186.618629439722,8.51054208087033,137334.171875,0.5426115888247361,55264.291216712445,20.331091,0.244018
6533,6533,7055,186.618629439722,8.51054208087033,137334.171875,0.5426115888247361,55266.26739477087,20.732649,0.241991
6534,6534,7055,186.618629439722,8.51054208087033,137334.171875,0.5426115888247361,55266.30877972068,20.781247,0.201898
6535,6535,7055,186.618629439722,8.51054208087033,137334.171875,0.5426115888247361,55267.273074427154,20.830873,0.173903
6536,6536,7055,186.618629439722,8.51054208087033,137334.171875,0.5426115888247361,55267.315385207534,20.722266,0.196047
6537,6537,7055,186.618629439722,8.51054208087033,137334.171875,0.5426115888247361,55268.29727067193,20.602358,0.349646
6538,6538,7055,186.618629439722,8.51054208087033,137334.171875,0.5426115888247361,55271.2972499039,20.668088,0.206883
6539,6539,7055,186.618629439722,8.51054208087033,137334.171875,0.5426115888247361,55272.23449808173,20.74191,0.209142
6540,6540,7055,186.618629439722,8.51054208087033,137334.171875,0.5426115888247361,55272.28098668298,20.947541,0.229125
6541,6541,7055,186.618629439722,8.51054208087033,137334.171875,0.5426115888247361,55275.28970302781,20.498902,0.166327
6542,6542,7055,186.618629439722,8.51054208087033,137334.171875,0.5426115888247361,55276.29787038406,20.551958,0.380698
6543,6543,7055,186.618629439722,8.51054208087033,137334.171875,0.5426115888247361,55277.24137964798,20.987684,0.200653
6544,6544,7055,186.618629439722,8.51054208087033,137334.171875,0.5426115888247361,55280.23159191385,20.675248,0.248803
6545,6545,7055,186.618629439722,8.51054208087033,137334.171875,0.5426115888247361,55291.12841742672,20.554502,0.206942
6546,6546,7055,186.618629439722,8.51054208087033,137334.171875,0.5426115888247361,55295.14179164497,20.791505,0.484157
6547,6547,7055,186.618629439722,8.51054208087033,137334.171875,0.5426115888247361,55297.066550719086,20.506615,0.222304
6548,6548,7055,186.618629439722,8.51054208087033,137334.171875,0.5426115888247361,55656.05488326354,20.227367,0.194976
6549,6549,7055,186.618629439722,8.51054208087033,137334.171875,0.5426115888247361,55656.13801220385,20.329764,0.223264
6550,6550,7055,186.618629439722,8.51054208087033,137334.171875,0.5426115888247361,56001.23104401259,20.607478,0.203222
6551,6551,7055,186.618629439722,8.51054208087033,137334.171875,0.5426115888247361,56034.13965399377,20.986278,0.24385
6552,6552,7055,186.618629439722,8.51054208087033,137334.171875,0.5426115888247361,56034.23753930302,20.460972,0.243111
6553,6553,7055,186.618629439722,8.51054208087033,137334.171875,0.5426115888247361,56035.10008303588,20.554044,0.243424
6554,6554,7055,186.618629439722,8.51054208087033,137334.171875,0.5426115888247361,56063.018829093315,19.951944,0.195316
6555,6555,7055,186.618629439722,8.51054208087033,137334.171875,0.5426115888247361,56415.13593392819,20.146006,0.312594
6556,6556,7055,186.618629439722,8.51054208087033,137334.171875,0.5426115888247361,56419.03848707909,20.25994,0.20378
6557,6557,7055,186.618629439722,8.51054208087033,137334.171875,0.5426115888247361,56419.121861366555,20.33735,0.158757
6558,6558,7055,186.618629439722,8.51054208087033,137334.171875,0.5426115888247361,56715.35429647798,20.527145,0.230368
6559,6559,7055,186.618629439722,8.51054208087033,137334.171875,0.5426115888247361,56719.31307624234,20.490621,0.208173
6560,6560,7055,186.618629439722,8.51054208087033,137334.171875,0.5426115888247361,56721.2248889911,20.246032,0.287228
6561,6561,7055,186.618629439722,8.51054208087033,137334.171875,0.5426115888247361,56721.308098806534,20.208212,0.277201
6562,6562,7055,186.618629439722,8.51054208087033,137334.171875,0.5426115888247361,57022.31321278168,20.61576,0.187413
6683,6683,8212,195.456319047066,9.68580141359818,128369.523438,0.7285685456117494,55656.1553696855,20.050186,0.097922
6684,6684,8212,195.456319047066,9.68580141359818,128369.523438,0.7285685456117494,55660.161527061835,20.56076,0.180046
6685,6685,8212,195.456319047066,9.68580141359818,128369.523438,0.7285685456117494,55660.24471386848,20.550617,0.229715
6686,6686,8212,195.456319047066,9.68580141359818,128369.523438,0.7285685456117494,55663.23579514399,20.459662,0.098745
6687,6687,8212,195.456319047066,9.68580141359818,128369.523438,0.7285685456117494,55692.98830376286,20.195522,0.184143
6688,6688,8212,195.456319047066,9.68580141359818,128369.523438,0.7285685456117494,55693.07328649284,20.443433,0.087819
6689,6689,8212,195.456319047066,9.68580141359818,128369.523438,0.7285685456117494,56000.26894701831,20.528143,0.166646
6690,6690,8212,195.456319047066,9.68580141359818,128369.523438,0.7285685456117494,56002.2645028783,20.283057,0.120446
6691,6691,8212,195.456319047066,9.68580141359818,128369.523438,0.7285685456117494,56003.25928300619,20.721876,0.263639
6692,6692,8212,195.456319047066,9.68580141359818,128369.523438,0.7285685456117494,56004.25702559436,20.512856,0.108596
6693,6693,8212,195.456319047066,9.68580141359818,128369.523438,0.7285685456117494,56005.25368012069,20.498134,0.104729
6694,6694,8212,195.456319047066,9.68580141359818,128369.523438,0.7285685456117494,56006.25218615215,20.685824,0.120093
6695,6695,8212,195.456319047066,9.68580141359818,128369.523438,0.7285685456117494,56008.24660545122,20.343292,0.138931
6696,6696,8212,195.456319047066,9.68580141359818,128369.523438,0.7285685456117494,56009.24381494615,20.431465,0.10421
6697,6697,8212,195.456319047066,9.68580141359818,128369.523438,0.7285685456117494,56013.231576201506,20.530157,0.080582
6698,6698,8212,195.456319047066,9.68580141359818,128369.523438,0.7285685456117494,56014.22916751122,20.6527,0.206013
6699,6699,8212,195.456319047066,9.68580141359818,128369.523438,0.7285685456117494,56017.22018277785,20.401021,0.112456
6700,6700,8212,195.456319047066,9.68580141359818,128369.523438,0.7285685456117494,56085.977069451474,20.054156,0.12772
6701,6701,8212,195.456319047066,9.68580141359818,128369.523438,0.7285685456117494,56369.191870465875,20.356304,0.095237
6702,6702,8212,195.456319047066,9.68580141359818,128369.523438,0.7285685456117494,56371.1969377161,20.603984,0.171307
6703,6703,8212,195.456319047066,9.68580141359818,128369.523438,0.7285685456117494,56371.279707742855,20.637456,0.121352
6704,6704,8212,195.456319047066,9.68580141359818,128369.523438,0.7285685456117494,56373.187179301865,20.245267,0.145103
6705,6705,8212,195.456319047066,9.68580141359818,128369.523438,0.7285685456117494,56373.272275475785,20.405006,0.102143
6706,6706,8212,195.456319047066,9.68580141359818,128369.523438,0.7285685456117494,56375.19518495584,19.978924,0.09677
6707,6707,8212,195.456319047066,9.68580141359818,128369.523438,0.7285685456117494,56383.09315713402,20.739597,0.248559
6708,6708,8212,195.456319047066,9.68580141359818,128369.523438,0.7285685456117494,56385.17563579371,20.460851,0.130145
6709,6709,8212,195.456319047066,9.68580141359818,128369.523438,0.7285685456117494,56385.27105512144,20.318572,0.153089
6710,6710,8212,195.456319047066,9.68580141359818,128369.523438,0.7285685456117494,56387.08750620857,20.592856,0.212495
6711,6711,8212,195.456319047066,9.68580141359818,128369.523438,0.7285685456117494,56387.17122527724,20.608215,0.13587
6712,6712,8212,195.456319047066,9.68580141359818,128369.523438,0.7285685456117494,56389.16411929438,20.414656,0.130849
6713,6713,8212,195.456319047066,9.68580141359818,128369.523438,0.7285685456117494,56389.24925032025,20.461691,0.119817
6714,6714,8212,195.456319047066,9.68580141359818,128369.523438,0.7285685456117494,56391.156482208986,20.326049,0.11115
6715,6715,8212,195.456319047066,9.68580141359818,128369.523438,0.7285685456117494,56395.05823399359,20.391023,0.152616
6716,6716,8212,195.456319047066,9.68580141359818,128369.523438,0.7285685456117494,56395.14098117268,20.58703,0.122463
6717,6717,8212,195.456319047066,9.68580141359818,128369.523438,0.7285685456117494,56751.202601109166,20.179003,0.190278
6718,6718,8212,195.456319047066,9.68580141359818,128369.523438,0.7285685456117494,56767.073979932815,20.218779,0.17166
6719,6719,8212,195.456319047066,9.68580141359818,128369.523438,0.7285685456117494,56767.158845286816,20.09767,0.217313
6720,6720,8212,195.456319047066,9.68580141359818,128369.523438,0.7285685456117494,56769.070301779546,20.744596,0.172977
6721,6721,8212,195.456319047066,9.68580141359818,128369.523438,0.7285685456117494,56769.155317695346,20.426234,0.170667
6722,6722,8212,195.456319047066,9.68580141359818,128369.523438,0.7285685456117494,56771.062321160454,20.312414,0.151169
6723,6723,8212,195.456319047066,9.68580141359818,128369.523438,0.7285685456117494,56771.14496471034,20.928534,0.075483
6724,6724,8828,199.553033015575,-0.520640616077623,129285.085938,0.6422075904909545,55274.113169156946,20.511414,0.109687
6725,6725,8828,199.553033015575,-0.520640616077623,129285.085938,0.6422075904909545,55274.19772144128,20.633031,0.155742
6726,6726,8828,199.553033015575,-0.520640616077623,129285.085938,0.6422075904909545,55274.28044519061,20.886534,0.142335
6727,6727,8828,199.553033015575,-0.520640616077623,129285.085938,0.6422075904909545,55275.3207759466,20.196685,0.266885
6728,6728,8828,199.553033015575,-0.520640616077623,129285.085938,0.6422075904909545,55276.10562110087,20.644898,0.221125
6729,6729,8828,199.553033015575,-0.520640616077623,129285.085938,0.6422075904909545,55276.18912017718,20.532391,0.165528
6730,6730,8828,199.553033015575,-0.520640616077623,129285.085938,0.6422075904909545,55276.27360295458,20.789851,0.161219
6731,6731,8828,199.553033015575,-0.520640616077623,129285.085938,0.6422075904909545,55277.187417115085,20.088642,0.246277
6732,6732,8828,199.553033015575,-0.520640616077623,129285.085938,0.6422075904909545,55278.102203115355,20.606972,0.138211
6733,6733,8828,199.553033015575,-0.520640616077623,129285.085938,0.6422075904909545,55278.185331798624,20.703039,0.18936
6734,6734,8828,199.553033015575,-0.520640616077623,129285.085938,0.6422075904909545,55278.26958305808,20.77664,0.122654
6735,6735,8828,199.553033015575,-0.520640616077623,129285.085938,0.6422075904909545,55280.29957484128,20.100872,0.327975
6736,6736,8828,199.553033015575,-0.520640616077623,129285.085938,0.6422075904909545,55280.342221228406,20.090347,0.187695
6737,6737,8828,199.553033015575,-0.520640616077623,129285.085938,0.6422075904909545,55295.2033669916,20.389761,0.254759
6738,6738,8828,199.553033015575,-0.520640616077623,129285.085938,0.6422075904909545,55295.24551569997,20.374337,0.372928
6739,6739,8828,199.553033015575,-0.520640616077623,129285.085938,0.6422075904909545,55297.22106604045,20.271593,0.349116
6740,6740,8828,199.553033015575,-0.520640616077623,129285.085938,0.6422075904909545,55298.256070757285,20.187938,0.36263
6741,6741,8828,199.553033015575,-0.520640616077623,129285.085938,0.6422075904909545,55989.30553110456,19.90609,0.305189
6742,6742,8828,199.553033015575,-0.520640616077623,129285.085938,0.6422075904909545,56369.21588186035,20.641704,0.154808
6743,6743,8828,199.553033015575,-0.520640616077623,129285.085938,0.6422075904909545,56369.30383663066,20.583273,0.185271
6744,6744,8828,199.553033015575,-0.520640616077623,129285.085938,0.6422075904909545,56371.22099519661,20.579063,0.156322
6745,6745,8828,199.553033015575,-0.520640616077623,129285.085938,0.6422075904909545,56371.30374204926,20.831696,0.159607
6746,6746,8828,199.553033015575,-0.520640616077623,129285.085938,0.6422075904909545,56373.296401213855,20.397346,0.133582
6747,6747,8828,199.553033015575,-0.520640616077623,129285.085938,0.6422075904909545,56385.19965485763,20.492905,0.164037
6748,6748,8828,199.553033015575,-0.520640616077623,129285.085938,0.6422075904909545,56387.26410756773,20.527274,0.23894
6749,6749,8828,199.553033015575,-0.520640616077623,129285.085938,0.6422075904909545,56389.18806479778,20.92798,0.144772
6750,6750,8828,199.553033015575,-0.520640616077623,129285.085938,0.6422075904909545,56389.27347320132,20.695127,0.157964
6751,6751,8828,199.553033015575,-0.520640616077623,129285.085938,0.6422075904909545,56391.1804532893,20.773519,0.241709
6752,6752,8828,199.553033015575,-0.520640616077623,129285.085938,0.6422075904909545,56395.15201598825,20.574926,0.24736
6753,6753,8828,199.553033015575,-0.520640616077623,129285.085938,0.6422075904909545,56778.167245327495,20.286218,0.181719
6754,6754,8828,199.553033015575,-0.520640616077623,129285.085938,0.6422075904909545,57158.10886039166,19.809624,0.25336
7046,7046,16549,244.591308041522,6.6770358872753,125223.5,0.767486662136756,55311.40980893001,20.312312,0.115615
7047,7047,16549,244.591308041522,6.6770358872753,125223.5,0.767486662136756,55650.35199349234,20.545728,0.210158
7048,7048,16549,244.591308041522,6.6770358872753,125223.5,0.767486662136756,55652.24706572015,20.030944,0.105223
7049,7049,16549,244.591308041522,6.6770358872753,125223.5,0.767486662136756,55652.334433106706,20.082583,0.190877
7050,7050,16549,244.591308041522,6.6770358872753,125223.5,0.767486662136756,55679.29899279121,20.423469,0.307855
7051,7051,16549,244.591308041522,6.6770358872753,125223.5,0.767486662136756,56002.40243587503,20.134433,0.181913
7052,7052,16549,244.591308041522,6.6770358872753,125223.5,0.767486662136756,56014.36896347441,20.84327,0.199325
7053,7053,16549,244.591308041522,6.6770358872753,125223.5,0.767486662136756,56017.36052360386,20.844715,0.166125
7054,7054,16549,244.591308041522,6.6770358872753,125223.5,0.767486662136756,56018.35814799089,20.239137,0.136988
7055,7055,16549,244.591308041522,6.6770358872753,125223.5,0.767486662136756,56102.987788734026,20.524465,0.159584
7056,7056,16549,244.591308041522,6.6770358872753,125223.5,0.767486662136756,56103.07162550837,20.721178,0.144956
7057,7057,16549,244.591308041522,6.6770358872753,125223.5,0.767486662136756,56103.15784638282,20.731401,0.179271
7058,7058,16549,244.591308041522,6.6770358872753,125223.5,0.767486662136756,56103.984895883594,20.580671,0.169499
7059,7059,16549,244.591308041522,6.6770358872753,125223.5,0.767486662136756,56104.07146403054,20.784654,0.163391
7060,7060,16549,244.591308041522,6.6770358872753,125223.5,0.767486662136756,56104.1684018462,20.698134,0.1284
7061,7061,16549,244.591308041522,6.6770358872753,125223.5,0.767486662136756,56117.02067611646,20.712735,0.171166
7062,7062,16549,244.591308041522,6.6770358872753,125223.5,0.767486662136756,56117.10442155693,20.619448,0.301773
7063,7063,16549,244.591308041522,6.6770358872753,125223.5,0.767486662136756,56121.03252754966,20.822718,0.173161
7064,7064,16549,244.591308041522,6.6770358872753,125223.5,0.767486662136756,56151.029196333606,20.427679,0.196287
7065,7065,16549,244.591308041522,6.6770358872753,125223.5,0.767486662136756,56419.20520539954,20.562194,0.186337
7066,7066,16549,244.591308041522,6.6770358872753,125223.5,0.767486662136756,56419.31682777451,20.467441,0.170278
7067,7067,16549,244.591308041522,6.6770358872753,125223.5,0.767486662136756,56473.09974234039,20.663379,0.148635
7068,7068,16549,244.591308041522,6.6770358872753,125223.5,0.767486662136756,56485.11263257172,20.28026,0.210592
7069,7069,16549,244.591308041522,6.6770358872753,125223.5,0.767486662136756,56487.98052401096,20.253089,0.192872
7070,7070,16549,244.591308041522,6.6770358872753,125223.5,0.767486662136756,56504.96785820741,20.273347,0.193224
7071,7071,16549,244.591308041522,6.6770358872753,125223.5,0.767486662136756,56511.00297618843,20.384545,0.190806
7072,7072,16549,244.591308041522,6.6770358872753,125223.5,0.767486662136756,56511.00801083958,20.03551,0.159237
7073,7073,16549,244.591308041522,6.6770358872753,125223.5,0.767486662136756,56745.38533498999,20.573905,0.220608
7074,7074,16549,244.591308041522,6.6770358872753,125223.5,0.767486662136756,56745.40222058818,20.184815,0.246
7075,7075,16549,244.591308041522,6.6770358872753,125223.5,0.767486662136756,56749.402918314096,20.596237,0.217739
7076,7076,16549,244.591308041522,6.6770358872753,125223.5,0.767486662136756,56755.37055148324,20.515457,0.219335
7077,7077,16549,244.591308041522,6.6770358872753,125223.5,0.767486662136756,56755.39676498389,20.438217,0.267003
7078,7078,16549,244.591308041522,6.6770358872753,125223.5,0.767486662136756,56782.19685769966,20.458391,0.314066
7079,7079,16549,244.591308041522,6.6770358872753,125223.5,0.767486662136756,56835.0932345991,20.325845,0.188239
7080,7080,16549,244.591308041522,6.6770358872753,125223.5,0.767486662136756,56837.01424011774,20.581216,0.178378
7081,7081,18370,257.552768736752,21.54284385206,120227.976562,0.5086084415165024,56088.189920905046,19.85041,0.212132
7082,7082,18370,257.552768736752,21.54284385206,120227.976562,0.5086084415165024,56397.34836777346,20.399263,0.13634
7083,7083,18370,257.552768736752,21.54284385206,120227.976562,0.5086084415165024,56397.34955984354,20.684635,0.18051
7084,7084,18370,257.552768736752,21.54284385206,120227.976562,0.5086084415165024,56397.38844677619,20.44724,0.14905
7085,7085,18370,257.552768736752,21.54284385206,120227.976562,0.5086084415165024,56403.28164338274,20.365679,0.181495
7086,7086,18370,257.552768736752,21.54284385206,120227.976562,0.5086084415165024,56403.28399279108,20.508799,0.195317
7087,7087,18370,257.552768736752,21.54284385206,120227.976562,0.5086084415165024,56417.3222529958,20.178835,0.175581
7088,7088,18370,257.552768736752,21.54284385206,120227.976562,0.5086084415165024,56417.35756324418,20.309618,0.185442
7089,7089,18370,257.552768736752,21.54284385206,120227.976562,0.5086084415165024,56485.025465109386,20.368141,0.165737
7090,7090,18370,257.552768736752,21.54284385206,120227.976562,0.5086084415165024,56485.10814594338,20.408649,0.174596
7091,7091,18370,257.552768736752,21.54284385206,120227.976562,0.5086084415165024,56485.10931486357,20.446764,0.175581
7092,7092,18370,257.552768736752,21.54284385206,120227.976562,0.5086084415165024,56487.01700540818,20.209258,0.16377
7093,7093,18370,257.552768736752,21.54284385206,120227.976562,0.5086084415165024,56487.01817432977,20.200474,0.164754
7094,7094,18370,257.552768736752,21.54284385206,120227.976562,0.5086084415165024,56488.015207256656,20.344209,0.193341
7095,7095,18370,257.552768736752,21.54284385206,120227.976562,0.5086084415165024,56488.09697399475,20.141852,0.132442
7096,7096,18370,257.552768736752,21.54284385206,120227.976562,0.5086084415165024,56488.09814291727,20.331802,0.169673
7097,7097,18370,257.552768736752,21.54284385206,120227.976562,0.5086084415165024,56489.01210216852,20.114073,0.188403
7098,7098,18370,257.552768736752,21.54284385206,120227.976562,0.5086084415165024,56489.099447407294,20.217413,0.188403
7099,7099,18370,257.552768736752,21.54284385206,120227.976562,0.5086084415165024,56490.00975023955,20.045171,0.196305
7100,7100,18370,257.552768736752,21.54284385206,120227.976562,0.5086084415165024,56490.0109191644,19.870804,0.15984
7101,7101,18370,257.552768736752,21.54284385206,120227.976562,0.5086084415165024,56490.096204395406,20.239457,0.179524
7102,7102,18370,257.552768736752,21.54284385206,120227.976562,0.5086084415165024,56804.18781454582,20.475089,0.169673
7103,7103,18370,257.552768736752,21.54284385206,120227.976562,0.5086084415165024,56804.188983445056,20.705084,0.210152
7104,7104,18370,257.552768736752,21.54284385206,120227.976562,0.5086084415165024,56804.25506676361,20.600514,0.18051
7105,7105,18370,257.552768736752,21.54284385206,120227.976562,0.5086084415165024,56810.13965242589,20.589604,0.175581
7106,7106,18370,257.552768736752,21.54284385206,120227.976562,0.5086084415165024,56810.17284453334,20.387807,0.137316
7107,7107,18370,257.552768736752,21.54284385206,120227.976562,0.5086084415165024,56810.23920560116,20.50263,0.166721
7108,7108,18370,257.552768736752,21.54284385206,120227.976562,0.5086084415165024,56814.249664474744,20.322206,0.125634
7109,7109,18370,257.552768736752,21.54284385206,120227.976562,0.5086084415165024,56835.145895534195,20.738864,0.188403
7110,7110,18370,257.552768736752,21.54284385206,120227.976562,0.5086084415165024,56835.19787142193,20.649302,0.166721
7111,7111,18370,257.552768736752,21.54284385206,120227.976562,0.5086084415165024,56837.15397597151,20.604613,0.174596
7112,7112,18370,257.552768736752,21.54284385206,120227.976562,0.5086084415165024,56837.19171668915,20.767063,0.182482
7113,7113,18370,257.552768736752,21.54284385206,120227.976562,0.5086084415165024,56839.140532317106,20.546299,0.181495
7114,7114,18370,257.552768736752,21.54284385206,120227.976562,0.5086084415165024,56855.01095499471,20.662241,0.14807
7115,7115,18370,257.552768736752,21.54284385206,120227.976562,0.5086084415165024,56855.09553421894,20.708945,0.14807
7116,7116,18370,257.552768736752,21.54284385206,120227.976562,0.5086084415165024,56857.00470246794,20.677151,0.183469
7117,7117,21422,315.063018891944,-6.25224630930356,141900.21875,0.6325445751404066,55409.11546205217,20.625757,0.152676
7118,7118,21422,315.063018891944,-6.25224630930356,141900.21875,0.6325445751404066,56050.40246271249,20.703749,0.191365
7119,7119,21422,315.063018891944,-6.25224630930356,141900.21875,0.6325445751404066,56075.25636265427,20.535416,0.158857
7120,7120,21422,315.063018891944,-6.25224630930356,141900.21875,0.6325445751404066,56075.34013216244,20.775875,0.176566
7121,7121,21422,315.063018891944,-6.25224630930356,141900.21875,0.6325445751404066,56104.32308646105,20.655959,0.168689
7122,7122,21422,315.063018891944,-6.25224630930356,141900.21875,0.6325445751404066,56164.258006141055,20.869447,0.140246
7123,7123,21422,315.063018891944,-6.25224630930356,141900.21875,0.6325445751404066,56186.07090887241,20.68927,0.259781
7124,7124,21422,315.063018891944,-6.25224630930356,141900.21875,0.6325445751404066,56393.3942689728,20.726222,0.15984
7125,7125,21422,315.063018891944,-6.25224630930356,141900.21875,0.6325445751404066,56393.400993726216,20.500062,0.140795
7126,7126,21422,315.063018891944,-6.25224630930356,141900.21875,0.6325445751404066,56426.35616125073,20.726973,0.157876
7127,7127,21422,315.063018891944,-6.25224630930356,141900.21875,0.6325445751404066,56476.135753782,20.553488,0.179523
7128,7128,21422,315.063018891944,-6.25224630930356,141900.21875,0.6325445751404066,56487.20446968544,20.73454,0.160821
7129,7129,21422,315.063018891944,-6.25224630930356,141900.21875,0.6325445751404066,56489.29478039965,20.955662,0.200259
7130,7130,21422,315.063018891944,-6.25224630930356,141900.21875,0.6325445751404066,56511.03658742271,20.582787,0.163771
7131,7131,21422,315.063018891944,-6.25224630930356,141900.21875,0.6325445751404066,56515.12238910375,20.831649,0.213122
7132,7132,21422,315.063018891944,-6.25224630930356,141900.21875,0.6325445751404066,56776.40191824641,20.754285,0.227982
7133,7133,21422,315.063018891944,-6.25224630930356,141900.21875,0.6325445751404066,56782.31254882319,20.525111,0.181495
7134,7134,21422,315.063018891944,-6.25224630930356,141900.21875,0.6325445751404066,56786.32035930734,20.749836,0.192353
7135,7135,21422,315.063018891944,-6.25224630930356,141900.21875,0.6325445751404066,56786.40977948345,20.715109,0.173611
7136,7136,21422,315.063018891944,-6.25224630930356,141900.21875,0.6325445751404066,56816.30090514896,20.779487,0.215101
7137,7137,21422,315.063018891944,-6.25224630930356,141900.21875,0.6325445751404066,56830.252762805205,20.873706,0.166861
7138,7138,21422,315.063018891944,-6.25224630930356,141900.21875,0.6325445751404066,56833.356873604935,20.702712,0.174595
7139,7139,21422,315.063018891944,-6.25224630930356,141900.21875,0.6325445751404066,56835.23826198932,20.611478,0.165736
7140,7140,21422,315.063018891944,-6.25224630930356,141900.21875,0.6325445751404066,56837.232623620424,21.00079,0.198281
7141,7141,21422,315.063018891944,-6.25224630930356,141900.21875,0.6325445751404066,56855.13363671489,20.446701,0.157876
7142,7142,21422,315.063018891944,-6.25224630930356,141900.21875,0.6325445751404066,56857.1282594502,20.778593,0.187416
7143,7143,21422,315.063018891944,-6.25224630930356,141900.21875,0.6325445751404066,56857.212394829374,20.681551,0.145134
7144,7144,21422,315.063018891944,-6.25224630930356,141900.21875,0.6325445751404066,56885.012714856304,20.954654,0.202237
7145,7145,21422,315.063018891944,-6.25224630930356,141900.21875,0.6325445751404066,56885.097498370335,20.755112,0.140246
7146,7146,21422,315.063018891944,-6.25224630930356,141900.21875,0.6325445751404066,56889.001860558055,20.985836,0.195317
7147,7147,21422,315.063018891944,-6.25224630930356,141900.21875,0.6325445751404066,56915.07924232911,20.8116,0.225999
7148,7148,21422,315.063018891944,-6.25224630930356,141900.21875,0.6325445751404066,56919.07602135884,20.627715,0.163771
7149,7149,21422,315.063018891944,-6.25224630930356,141900.21875,0.6325445751404066,56920.996246580966,20.767946,0.148579
7150,7150,21422,315.063018891944,-6.25224630930356,141900.21875,0.6325445751404066,56921.08073206944,20.802902,0.168689
7151,7151,21422,315.063018891944,-6.25224630930356,141900.21875,0.6325445751404066,56923.10306301387,20.795544,0.196304
7152,7152,21422,315.063018891944,-6.25224630930356,141900.21875,0.6325445751404066,56925.0023742849,20.909546,0.208173
7153,7153,21422,315.063018891944,-6.25224630930356,141900.21875,0.6325445751404066,56925.08725374844,20.922893,0.166721
7154,7154,21422,315.063018891944,-6.25224630930356,141900.21875,0.6325445751404066,56927.00890724175,20.78541,0.162787
7155,7155,21422,315.063018891944,-6.25224630930356,141900.21875,0.6325445751404066,56927.091923628,20.932229,0.184454
7156,7156,21422,315.063018891944,-6.25224630930356,141900.21875,0.6325445751404066,57269.98860524222,20.400956,0.203238
7157,7157,21422,315.063018891944,-6.25224630930356,141900.21875,0.6325445751404066,57270.07363302028,20.377779,0.168689
7158,7158,22056,319.806734248977,0.743093869712113,122481.210938,0.5463307170516108,55423.31403114414,20.610679,0.243766
7159,7159,22056,319.806734248977,0.743093869712113,122481.210938,0.5463307170516108,55423.31638045423,20.176577,0.144959
7160,7160,22056,319.806734248977,0.743093869712113,122481.210938,0.5463307170516108,55425.30331875989,20.494558,0.248966
7161,7161,22056,319.806734248977,0.743093869712113,122481.210938,0.5463307170516108,55435.00250872783,20.566484,0.292711
7162,7162,22056,319.806734248977,0.743093869712113,122481.210938,0.5463307170516108,55436.99614587752,20.405159,0.190079
7163,7163,22056,319.806734248977,0.743093869712113,122481.210938,0.5463307170516108,55438.07858263794,20.423396,0.262506
7164,7164,22056,319.806734248977,0.743093869712113,122481.210938,0.5463307170516108,55443.06101250509,20.787266,0.28071
7165,7165,22056,319.806734248977,0.743093869712113,122481.210938,0.5463307170516108,55448.02251475118,20.685619,0.223608
7166,7166,22056,319.806734248977,0.743093869712113,122481.210938,0.5463307170516108,56147.05557943415,20.154215,0.132976
7167,7167,22056,319.806734248977,0.743093869712113,122481.210938,0.5463307170516108,56159.04656284395,20.041586,0.239975
7168,7168,22056,319.806734248977,0.743093869712113,122481.210938,0.5463307170516108,56162.176244377624,20.634672,0.177007
7169,7169,22056,319.806734248977,0.743093869712113,122481.210938,0.5463307170516108,56461.35586992279,20.624286,0.249512
7170,7170,22056,319.806734248977,0.743093869712113,122481.210938,0.5463307170516108,56476.23970066756,20.658211,0.152784
7171,7171,22056,319.806734248977,0.743093869712113,122481.210938,0.5463307170516108,56487.301828301046,20.867767,0.269475
7172,7172,22056,319.806734248977,0.743093869712113,122481.210938,0.5463307170516108,56489.22906420333,20.559694,0.214592
7173,7173,22056,319.806734248977,0.743093869712113,122481.210938,0.5463307170516108,56489.31208916567,20.554455,0.206999
7174,7174,22056,319.806734248977,0.743093869712113,122481.210938,0.5463307170516108,56490.204913911875,20.335885,0.130101
7175,7175,22056,319.806734248977,0.743093869712113,122481.210938,0.5463307170516108,56539.071072702296,20.743976,0.281957
7176,7176,22056,319.806734248977,0.743093869712113,122481.210938,0.5463307170516108,56544.00505519333,20.550304,0.189085
7177,7177,22056,319.806734248977,0.743093869712113,122481.210938,0.5463307170516108,56548.088628612924,20.117987,0.190108
7178,7178,22056,319.806734248977,0.743093869712113,122481.210938,0.5463307170516108,56565.10259491112,20.758902,0.254289
7179,7179,22056,319.806734248977,0.743093869712113,122481.210938,0.5463307170516108,56810.35059528611,20.194581,0.176588
7180,7180,22056,319.806734248977,0.743093869712113,122481.210938,0.5463307170516108,56816.335115630645,20.113524,0.149276
7181,7181,22056,319.806734248977,0.743093869712113,122481.210938,0.5463307170516108,56835.25921216048,20.889199,0.085812
7182,7182,22056,319.806734248977,0.743093869712113,122481.210938,0.5463307170516108,56837.17051864974,20.43946,0.191642
7183,7183,22056,319.806734248977,0.743093869712113,122481.210938,0.5463307170516108,56837.25373004563,20.572071,0.218971
7184,7184,22056,319.806734248977,0.743093869712113,122481.210938,0.5463307170516108,56857.132366152946,20.708408,0.197813
7185,7185,22056,319.806734248977,0.743093869712113,122481.210938,0.5463307170516108,56857.21651355503,20.724757,0.173103
7186,7186,22056,319.806734248977,0.743093869712113,122481.210938,0.5463307170516108,56863.0974714146,20.79826,0.253386
7187,7187,22056,319.806734248977,0.743093869712113,122481.210938,0.5463307170516108,56863.18095890619,20.664911,0.182223
7188,7188,22056,319.806734248977,0.743093869712113,122481.210938,0.5463307170516108,56867.08596942667,20.265835,0.194629
7189,7189,22056,319.806734248977,0.743093869712113,122481.210938,0.5463307170516108,56883.0401985026,20.335768,0.24662
7190,7190,22056,319.806734248977,0.743093869712113,122481.210938,0.5463307170516108,56887.0270594731,20.4768,0.220287
7191,7191,22056,319.806734248977,0.743093869712113,122481.210938,0.5463307170516108,56927.10392317455,20.426526,0.146898
7192,7192,22056,319.806734248977,0.743093869712113,122481.210938,0.5463307170516108,56929.11838481948,20.242075,0.152355
7407,7407,24615,346.67750816972807,-37.988039271676115,141051.984375,0.5028083054865397,55454.18886208115,21.263375,0.28341
7408,7408,24615,346.67750816972807,-37.988039271676115,141051.984375,0.5028083054865397,55455.01187787019,20.519928,0.383992
7409,7409,24615,346.67750816972807,-37.988039271676115,141051.984375,0.5028083054865397,55455.09595712088,20.816969,0.276016
7410,7410,24615,346.67750816972807,-37.988039271676115,141051.984375,0.5028083054865397,56151.117805440444,20.932361,0.239326
7411,7411,24615,346.67750816972807,-37.988039271676115,141051.984375,0.5028083054865397,56151.277606150135,20.155663,0.2623
7412,7412,24615,346.67750816972807,-37.988039271676115,141051.984375,0.5028083054865397,56151.36198527552,20.493358,0.234042
7413,7413,24615,346.67750816972807,-37.988039271676115,141051.984375,0.5028083054865397,56431.33178397827,20.26453,0.343145
7414,7414,24615,346.67750816972807,-37.988039271676115,141051.984375,0.5028083054865397,56431.38580003986,20.448272,0.20817
7415,7415,24615,346.67750816972807,-37.988039271676115,141051.984375,0.5028083054865397,56433.32957676798,20.057031,0.320763
7416,7416,24615,346.67750816972807,-37.988039271676115,141051.984375,0.5028083054865397,56445.37171810586,20.043825,0.203634
7417,7417,24615,346.67750816972807,-37.988039271676115,141051.984375,0.5028083054865397,56447.367548564915,20.384152,0.246123
7418,7418,24615,346.67750816972807,-37.988039271676115,141051.984375,0.5028083054865397,56506.20981432684,19.82078,0.28024
7419,7419,24615,346.67750816972807,-37.988039271676115,141051.984375,0.5028083054865397,56508.20413351152,20.274317,0.327514
7420,7420,24615,346.67750816972807,-37.988039271676115,141051.984375,0.5028083054865397,56510.39694105135,20.759644,0.323027
7421,7421,24615,346.67750816972807,-37.988039271676115,141051.984375,0.5028083054865397,56514.418116935994,20.456956,0.26118
7422,7422,24615,346.67750816972807,-37.988039271676115,141051.984375,0.5028083054865397,56516.27385630552,19.78899,0.233437
7423,7423,24615,346.67750816972807,-37.988039271676115,141051.984375,0.5028083054865397,56516.35412700474,20.433423,0.302185
7424,7424,24615,346.67750816972807,-37.988039271676115,141051.984375,0.5028083054865397,56518.38752386486,20.467553,0.352026
7425,7425,24615,346.67750816972807,-37.988039271676115,141051.984375,0.5028083054865397,56520.265818439424,20.307164,0.37928
7426,7426,24615,346.67750816972807,-37.988039271676115,141051.984375,0.5028083054865397,56807.37759613013,20.608503,0.290111
7427,7427,24615,346.67750816972807,-37.988039271676115,141051.984375,0.5028083054865397,56811.30162126012,20.753187,0.184456
7428,7428,24615,346.67750816972807,-37.988039271676115,141051.984375,0.5028083054865397,56815.36801585555,20.944825,0.289081
7429,7429,24615,346.67750816972807,-37.988039271676115,141051.984375,0.5028083054865397,56817.35955064092,20.888423,0.221729
7430,7430,24615,346.67750816972807,-37.988039271676115,141051.984375,0.5028083054865397,56834.234466634225,20.671969,0.300401
7431,7431,24615,346.67750816972807,-37.988039271676115,141051.984375,0.5028083054865397,56838.222687811125,20.375221,0.216156
7432,7432,24615,346.67750816972807,-37.988039271676115,141051.984375,0.5028083054865397,56838.306861045305,20.843202,0.248096
7433,7433,24615,346.67750816972807,-37.988039271676115,141051.984375,0.5028083054865397,56844.256105617154,20.595656,0.203044
7434,7434,24615,346.67750816972807,-37.988039271676115,141051.984375,0.5028083054865397,56844.34114630334,20.955602,0.225473
7435,7435,24615,346.67750816972807,-37.988039271676115,141051.984375,0.5028083054865397,56846.31938178744,20.732782,0.186603
7436,7436,24615,346.67750816972807,-37.988039271676115,141051.984375,0.5028083054865397,56856.171792156994,20.107832,0.253559
7437,7437,24615,346.67750816972807,-37.988039271676115,141051.984375,0.5028083054865397,56856.255466291215,20.33,0.16947
7438,7438,24615,346.67750816972807,-37.988039271676115,141051.984375,0.5028083054865397,56858.1634781491,20.23886,0.205538
7439,7439,24615,346.67750816972807,-37.988039271676115,141051.984375,0.5028083054865397,56858.24616843928,20.145179,0.18403
7440,7440,24615,346.67750816972807,-37.988039271676115,141051.984375,0.5028083054865397,56916.18355652876,20.562719,0.293635
7441,7441,24615,346.67750816972807,-37.988039271676115,141051.984375,0.5028083054865397,56943.10893015936,20.738946,0.213646
7442,7442,24615,346.67750816972807,-37.988039271676115,141051.984375,0.5028083054865397,56949.02891877573,20.925882,0.22382
7443,7443,24615,346.67750816972807,-37.988039271676115,141051.984375,0.5028083054865397,56949.112214148976,20.998686,0.238531
7444,7444,24615,346.67750816972807,-37.988039271676115,141051.984375,0.5028083054865397,56951.113169381395,20.965884,0.208438
7445,7445,24615,346.67750816972807,-37.988039271676115,141051.984375,0.5028083054865397,56955.03175452631,20.966536,0.23263
7446,7446,24615,346.67750816972807,-37.988039271676115,141051.984375,0.5028083054865397,56955.11488857865,21.144338,0.248355
7447,7447,24615,346.67750816972807,-37.988039271676115,141051.984375,0.5028083054865397,57295.15520297736,20.108147,0.200668
7448,7448,24615,346.67750816972807,-37.988039271676115,141051.984375,0.5028083054865397,57299.16963517945,20.369889,0.257218
7484,7484,25301,357.6381783137397,-51.839040046361816,142972.078125,0.5150515437560222,55825.01465625968,20.595784,0.107568
7485,7485,25301,357.6381783137397,-51.839040046361816,142972.078125,0.5150515437560222,55825.09740609676,20.644236,0.09215
7486,7486,25301,357.6381783137397,-51.839040046361816,142972.078125,0.5150515437560222,55825.102556261234,20.619026,0.078368
7487,7487,25301,357.6381783137397,-51.839040046361816,142972.078125,0.5150515437560222,55825.18087348994,20.726384,0.102775
7488,7488,25301,357.6381783137397,-51.839040046361816,142972.078125,0.5150515437560222,55825.186000508256,20.556258,0.072316
7489,7489,25301,357.6381783137397,-51.839040046361816,142972.078125,0.5150515437560222,55825.18856980419,20.477832,0.108049
7490,7490,25301,357.6381783137397,-51.839040046361816,142972.078125,0.5150515437560222,55826.18377884198,20.518805,0.091419
7491,7491,25301,357.6381783137397,-51.839040046361816,142972.078125,0.5150515437560222,55828.07521166466,20.648726,0.103731
7492,7492,25301,357.6381783137397,-51.839040046361816,142972.078125,0.5150515437560222,55828.082907995675,20.352154,0.103594
7493,7493,25301,357.6381783137397,-51.839040046361816,142972.078125,0.5150515437560222,55828.16373684071,20.614589,0.091648
7494,7494,25301,357.6381783137397,-51.839040046361816,142972.078125,0.5150515437560222,55828.171421599574,20.537346,0.087879
7495,7495,25301,357.6381783137397,-51.839040046361816,142972.078125,0.5150515437560222,55828.24816502817,20.550798,0.094672
7496,7496,25301,357.6381783137397,-51.839040046361816,142972.078125,0.5150515437560222,55828.255838213954,20.631975,0.113438
7497,7497,25301,357.6381783137397,-51.839040046361816,142972.078125,0.5150515437560222,56160.18344195094,20.735399,0.1092
7498,7498,25301,357.6381783137397,-51.839040046361816,142972.078125,0.5150515437560222,56160.26711654151,20.636253,0.135366
7499,7499,25301,357.6381783137397,-51.839040046361816,142972.078125,0.5150515437560222,56160.34736545058,20.569551,0.093918
7500,7500,25301,357.6381783137397,-51.839040046361816,142972.078125,0.5150515437560222,56161.20335772773,20.729101,0.141221
7501,7501,25301,357.6381783137397,-51.839040046361816,142972.078125,0.5150515437560222,56161.38079880737,20.443634,0.131467
7502,7502,25301,357.6381783137397,-51.839040046361816,142972.078125,0.5150515437560222,56180.04887199169,20.342354,0.193341
7503,7503,25301,357.6381783137397,-51.839040046361816,142972.078125,0.5150515437560222,56180.131574984174,20.732691,0.161805
7504,7504,25301,357.6381783137397,-51.839040046361816,142972.078125,0.5150515437560222,56180.1341326898,20.715023,0.147091
7505,7505,25301,357.6381783137397,-51.839040046361816,142972.078125,0.5150515437560222,56180.228015521076,20.69156,0.134389
7506,7506,25301,357.6381783137397,-51.839040046361816,142972.078125,0.5150515437560222,56180.23058479978,20.580294,0.107279
7507,7507,25301,357.6381783137397,-51.839040046361816,142972.078125,0.5150515437560222,56181.05714048073,20.465113,0.111124
7508,7508,25301,357.6381783137397,-51.839040046361816,142972.078125,0.5150515437560222,56181.140422187746,20.575681,0.114076
7509,7509,25301,357.6381783137397,-51.839040046361816,142972.078125,0.5150515437560222,56181.226643525064,20.715482,0.120897
7510,7510,25301,357.6381783137397,-51.839040046361816,142972.078125,0.5150515437560222,56864.425626043696,20.55138,0.155895
7511,7511,25301,357.6381783137397,-51.839040046361816,142972.078125,0.5150515437560222,56870.31748189498,20.757874,0.158856
7512,7512,25301,357.6381783137397,-51.839040046361816,142972.078125,0.5150515437560222,56872.228842200246,20.706343,0.171641
7513,7513,25301,357.6381783137397,-51.839040046361816,142972.078125,0.5150515437560222,56872.31404459011,20.492739,0.190611
7514,7514,25301,357.6381783137397,-51.839040046361816,142972.078125,0.5150515437560222,56874.358484723605,20.597177,0.128549
7515,7515,25301,357.6381783137397,-51.839040046361816,142972.078125,0.5150515437560222,56874.41412895918,20.693191,0.150028
7516,7516,25301,357.6381783137397,-51.839040046361816,142972.078125,0.5150515437560222,56886.35366009362,20.664065,0.180509
7517,7517,25301,357.6381783137397,-51.839040046361816,142972.078125,0.5150515437560222,56888.35211649723,20.862295,0.180509
7518,7518,25301,357.6381783137397,-51.839040046361816,142972.078125,0.5150515437560222,56888.404103518,20.909301,0.187416
7519,7519,25301,357.6381783137397,-51.839040046361816,142972.078125,0.5150515437560222,56890.35270266747,20.556981,0.144156
7520,7520,25401,359.61870198657584,-51.42658006646289,134438.875,0.5272268745112167,55825.017329995055,20.341479,0.151753
7521,7521,25401,359.61870198657584,-51.42658006646289,134438.875,0.5272268745112167,55825.100091333035,20.415064,0.155148
7522,7522,25401,359.61870198657584,-51.42658006646289,134438.875,0.5272268745112167,55825.18355865311,20.493407,0.111227
7523,7523,25401,359.61870198657584,-51.42658006646289,134438.875,0.5272268745112167,55828.07788255997,20.464535,0.091742
7524,7524,25401,359.61870198657584,-51.42658006646289,134438.875,0.5272268745112167,55828.16640764894,20.347314,0.100763
7525,7525,25401,359.61870198657584,-51.42658006646289,134438.875,0.5272268745112167,55828.25083575258,20.409904,0.078
7526,7526,25401,359.61870198657584,-51.42658006646289,134438.875,0.5272268745112167,56160.18356696097,20.83345,0.124661
7527,7527,25401,359.61870198657584,-51.42658006646289,134438.875,0.5272268745112167,56160.18613622291,20.48347,0.143405
7528,7528,25401,359.61870198657584,-51.42658006646289,134438.875,0.5272268745112167,56160.267241575755,20.42691,0.115947
7529,7529,25401,359.61870198657584,-51.42658006646289,134438.875,0.5272268745112167,56160.26981083769,20.457839,0.209905
7530,7530,25401,359.61870198657584,-51.42658006646289,134438.875,0.5272268745112167,56160.3500481965,20.361657,0.161914
7531,7531,25401,359.61870198657584,-51.42658006646289,134438.875,0.5272268745112167,56161.20604070276,20.51758,0.148045
7532,7532,25401,359.61870198657584,-51.42658006646289,134438.875,0.5272268745112167,56161.33489730721,20.414428,0.206194
7533,7533,25401,359.61870198657584,-51.42658006646289,134438.875,0.5272268745112167,56161.3834818257,20.278976,0.181679
7534,7534,25401,359.61870198657584,-51.42658006646289,134438.875,0.5272268745112167,56178.13475707825,20.525119,0.209162
7535,7535,25401,359.61870198657584,-51.42658006646289,134438.875,0.5272268745112167,56179.06348068314,20.583313,0.14521
7536,7536,25401,359.61870198657584,-51.42658006646289,134438.875,0.5272268745112167,56179.14862556336,20.639912,0.131468
7537,7537,25401,359.61870198657584,-51.42658006646289,134438.875,0.5272268745112167,56179.23205759702,20.328878,0.171214
7538,7538,25401,359.61870198657584,-51.42658006646289,134438.875,0.5272268745112167,56180.13169794995,20.694504,0.185442
7539,7539,25401,359.61870198657584,-51.42658006646289,134438.875,0.5272268745112167,56181.044462873135,20.450271,0.152271
7540,7540,25401,359.61870198657584,-51.42658006646289,134438.875,0.5272268745112167,56181.05983225163,20.478046,0.150851
7541,7541,25401,359.61870198657584,-51.42658006646289,134438.875,0.5272268745112167,56181.127732961904,20.437621,0.145903
7542,7542,25401,359.61870198657584,-51.42658006646289,134438.875,0.5272268745112167,56181.143113913946,20.641792,0.107279
7543,7543,25401,359.61870198657584,-51.42658006646289,134438.875,0.5272268745112167,56181.21391953295,20.701063,0.179129
7544,7544,25401,359.61870198657584,-51.42658006646289,134438.875,0.5272268745112167,56181.22932363255,20.465181,0.146524
7545,7545,25401,359.61870198657584,-51.42658006646289,134438.875,0.5272268745112167,56864.37891641492,20.60171,0.154932
7546,7546,25401,359.61870198657584,-51.42658006646289,134438.875,0.5272268745112167,56864.410511564,20.692712,0.15199
7547,7547,25401,359.61870198657584,-51.42658006646289,134438.875,0.5272268745112167,56870.23311967589,20.656213,0.152013
7548,7548,25401,359.61870198657584,-51.42658006646289,134438.875,0.5272268745112167,56870.31877356535,20.73811,0.156894
7549,7549,25401,359.61870198657584,-51.42658006646289,134438.875,0.5272268745112167,56870.436913665384,20.362235,0.247636
7550,7550,25401,359.61870198657584,-51.42658006646289,134438.875,0.5272268745112167,56872.23013581149,20.467404,0.130495
7551,7551,25401,359.61870198657584,-51.42658006646289,134438.875,0.5272268745112167,56872.31532671163,20.626205,0.167782
7552,7552,25401,359.61870198657584,-51.42658006646289,134438.875,0.5272268745112167,56872.37503325194,20.829485,0.215101
7553,7553,25401,359.61870198657584,-51.42658006646289,134438.875,0.5272268745112167,56872.407253257465,20.512362,0.228513
7554,7554,25401,359.61870198657584,-51.42658006646289,134438.875,0.5272268745112167,56874.35978034558,20.433441,0.142736
7555,7555,25401,359.61870198657584,-51.42658006646289,134438.875,0.5272268745112167,56874.398990586866,20.570037,0.165731
7556,7556,25401,359.61870198657584,-51.42658006646289,134438.875,0.5272268745112167,56876.42093303008,20.391028,0.139022
7557,7557,25401,359.61870198657584,-51.42658006646289,134438.875,0.5272268745112167,56884.38335658656,20.435418,0.19334
7558,7558,25401,359.61870198657584,-51.42658006646289,134438.875,0.5272268745112167,56886.35495236935,20.324649,0.129522
7559,7559,25401,359.61870198657584,-51.42658006646289,134438.875,0.5272268745112167,56886.392611725256,20.402865,0.144154
7560,7560,25401,359.61870198657584,-51.42658006646289,134438.875,0.5272268745112167,56888.35340961395,20.539325,0.142772
7561,7561,25401,359.61870198657584,-51.42658006646289,134438.875,0.5272268745112167,56890.35399646917,20.694249,0.162787
7562,7562,25401,359.61870198657584,-51.42658006646289,134438.875,0.5272268745112167,56890.390857275575,20.534361,0.208172
7563,7563,25401,359.61870198657584,-51.42658006646289,134438.875,0.5272268745112167,56895.281251876615,20.584263,0.160822
7564,7564,25401,359.61870198657584,-51.42658006646289,134438.875,0.5272268745112167,56903.27526869299,20.330768,0.139268
7565,7565,25401,359.61870198657584,-51.42658006646289,134438.875,0.5272268745112167,56903.34937243536,20.621623,0.158214
7566,7566,25401,359.61870198657584,-51.42658006646289,134438.875,0.5272268745112167,56920.20590602141,20.414819,0.161804
7567,7567,25401,359.61870198657584,-51.42658006646289,134438.875,0.5272268745112167,56920.28895666078,20.481992,0.213512
7568,7568,25401,359.61870198657584,-51.42658006646289,134438.875,0.5272268745112167,56924.19451817544,20.325951,0.174594
7569,7569,25401,359.61870198657584,-51.42658006646289,134438.875,0.5272268745112167,56924.277835248504,20.205822,0.146111
7570,7570,25401,359.61870198657584,-51.42658006646289,134438.875,0.5272268745112167,56926.18939589942,20.445209,0.127577
7571,7571,25401,359.61870198657584,-51.42658006646289,134438.875,0.5272268745112167,56928.18382546864,20.490832,0.13845
7572,7572,25401,359.61870198657584,-51.42658006646289,134438.875,0.5272268745112167,56928.26750158798,20.660619,0.158858
7573,7573,25401,359.61870198657584,-51.42658006646289,134438.875,0.5272268745112167,56930.33911817754,20.847431,0.223025
7574,7574,25401,359.61870198657584,-51.42658006646289,134438.875,0.5272268745112167,56932.17213919852,20.206821,0.235454
7575,7575,25401,359.61870198657584,-51.42658006646289,134438.875,0.5272268745112167,56932.254797139205,20.325559,0.130495
